experiment_id,model,data,method,split,depth,seed,metric,value,n,evidence_path,evidence_key,run_type,units
frozen_feature_scratchpad,Kev-0.8B frozen features + decision head,synthetic_relation_and_rule,deep,id_test,all,"11,23,37",answer_accuracy_mean,0.7591666666666667,2000,results/evidence/latent_scratchpad/metrics.json,"mean(/deep/0/id_test/all/accuracy,/deep/1/id_test/all/accuracy,/deep/2/id_test/all/accuracy)",historical_aggregate,fraction
frozen_feature_scratchpad,Kev-0.8B frozen features + decision head,synthetic_relation_and_rule,deep,id_test,all,"11,23,37",answer_accuracy_seed_sd,0.007522189397597877,2000,results/evidence/latent_scratchpad/metrics.json,"sample_sd(/deep/0/id_test/all/accuracy,/deep/1/id_test/all/accuracy,/deep/2/id_test/all/accuracy)",historical_aggregate,fraction
frozen_feature_scratchpad,Kev-0.8B frozen features + decision head,synthetic_relation_and_rule,deep,id_test,relation,"11,23,37",answer_accuracy_mean,0.7136666666666667,1000,results/evidence/latent_scratchpad/metrics.json,"mean(/deep/0/id_test/relation/accuracy,/deep/1/id_test/relation/accuracy,/deep/2/id_test/relation/accuracy)",historical_aggregate,fraction
frozen_feature_scratchpad,Kev-0.8B frozen features + decision head,synthetic_relation_and_rule,deep,id_test,relation,"11,23,37",answer_accuracy_seed_sd,0.008736894948054113,1000,results/evidence/latent_scratchpad/metrics.json,"sample_sd(/deep/0/id_test/relation/accuracy,/deep/1/id_test/relation/accuracy,/deep/2/id_test/relation/accuracy)",historical_aggregate,fraction
frozen_feature_scratchpad,Kev-0.8B frozen features + decision head,synthetic_relation_and_rule,deep,id_test,rule,"11,23,37",answer_accuracy_mean,0.8046666666666668,1000,results/evidence/latent_scratchpad/metrics.json,"mean(/deep/0/id_test/rule/accuracy,/deep/1/id_test/rule/accuracy,/deep/2/id_test/rule/accuracy)",historical_aggregate,fraction
frozen_feature_scratchpad,Kev-0.8B frozen features + decision head,synthetic_relation_and_rule,deep,id_test,rule,"11,23,37",answer_accuracy_seed_sd,0.006806859285554052,1000,results/evidence/latent_scratchpad/metrics.json,"sample_sd(/deep/0/id_test/rule/accuracy,/deep/1/id_test/rule/accuracy,/deep/2/id_test/rule/accuracy)",historical_aggregate,fraction
frozen_feature_scratchpad,Kev-0.8B frozen features + decision head,synthetic_relation_and_rule,deep,ood_test,all,"11,23,37",answer_accuracy_mean,0.4096666666666667,2000,results/evidence/latent_scratchpad/metrics.json,"mean(/deep/0/ood_test/all/accuracy,/deep/1/ood_test/all/accuracy,/deep/2/ood_test/all/accuracy)",historical_aggregate,fraction
frozen_feature_scratchpad,Kev-0.8B frozen features + decision head,synthetic_relation_and_rule,deep,ood_test,all,"11,23,37",answer_accuracy_seed_sd,0.004536885862938706,2000,results/evidence/latent_scratchpad/metrics.json,"sample_sd(/deep/0/ood_test/all/accuracy,/deep/1/ood_test/all/accuracy,/deep/2/ood_test/all/accuracy)",historical_aggregate,fraction
frozen_feature_scratchpad,Kev-0.8B frozen features + decision head,synthetic_relation_and_rule,deep,ood_test,relation,"11,23,37",answer_accuracy_mean,0.247,1000,results/evidence/latent_scratchpad/metrics.json,"mean(/deep/0/ood_test/relation/accuracy,/deep/1/ood_test/relation/accuracy,/deep/2/ood_test/relation/accuracy)",historical_aggregate,fraction
frozen_feature_scratchpad,Kev-0.8B frozen features + decision head,synthetic_relation_and_rule,deep,ood_test,relation,"11,23,37",answer_accuracy_seed_sd,0.012999999999999996,1000,results/evidence/latent_scratchpad/metrics.json,"sample_sd(/deep/0/ood_test/relation/accuracy,/deep/1/ood_test/relation/accuracy,/deep/2/ood_test/relation/accuracy)",historical_aggregate,fraction
frozen_feature_scratchpad,Kev-0.8B frozen features + decision head,synthetic_relation_and_rule,deep,ood_test,rule,"11,23,37",answer_accuracy_mean,0.5723333333333332,1000,results/evidence/latent_scratchpad/metrics.json,"mean(/deep/0/ood_test/rule/accuracy,/deep/1/ood_test/rule/accuracy,/deep/2/ood_test/rule/accuracy)",historical_aggregate,fraction
frozen_feature_scratchpad,Kev-0.8B frozen features + decision head,synthetic_relation_and_rule,deep,ood_test,rule,"11,23,37",answer_accuracy_seed_sd,0.0045092497528228985,1000,results/evidence/latent_scratchpad/metrics.json,"sample_sd(/deep/0/ood_test/rule/accuracy,/deep/1/ood_test/rule/accuracy,/deep/2/ood_test/rule/accuracy)",historical_aggregate,fraction
frozen_feature_scratchpad,Kev-0.8B frozen features + decision head,synthetic_relation_and_rule,final_only,id_test,all,"11,23,37",answer_accuracy_mean,0.78,2000,results/evidence/latent_scratchpad/metrics.json,"mean(/final_only/0/id_test/all/accuracy,/final_only/1/id_test/all/accuracy,/final_only/2/id_test/all/accuracy)",historical_aggregate,fraction
frozen_feature_scratchpad,Kev-0.8B frozen features + decision head,synthetic_relation_and_rule,final_only,id_test,all,"11,23,37",answer_accuracy_seed_sd,0.006000000000000005,2000,results/evidence/latent_scratchpad/metrics.json,"sample_sd(/final_only/0/id_test/all/accuracy,/final_only/1/id_test/all/accuracy,/final_only/2/id_test/all/accuracy)",historical_aggregate,fraction
frozen_feature_scratchpad,Kev-0.8B frozen features + decision head,synthetic_relation_and_rule,final_only,id_test,relation,"11,23,37",answer_accuracy_mean,0.7386666666666667,1000,results/evidence/latent_scratchpad/metrics.json,"mean(/final_only/0/id_test/relation/accuracy,/final_only/1/id_test/relation/accuracy,/final_only/2/id_test/relation/accuracy)",historical_aggregate,fraction
frozen_feature_scratchpad,Kev-0.8B frozen features + decision head,synthetic_relation_and_rule,final_only,id_test,relation,"11,23,37",answer_accuracy_seed_sd,0.0025166114784235852,1000,results/evidence/latent_scratchpad/metrics.json,"sample_sd(/final_only/0/id_test/relation/accuracy,/final_only/1/id_test/relation/accuracy,/final_only/2/id_test/relation/accuracy)",historical_aggregate,fraction
frozen_feature_scratchpad,Kev-0.8B frozen features + decision head,synthetic_relation_and_rule,final_only,id_test,rule,"11,23,37",answer_accuracy_mean,0.8213333333333334,1000,results/evidence/latent_scratchpad/metrics.json,"mean(/final_only/0/id_test/rule/accuracy,/final_only/1/id_test/rule/accuracy,/final_only/2/id_test/rule/accuracy)",historical_aggregate,fraction
frozen_feature_scratchpad,Kev-0.8B frozen features + decision head,synthetic_relation_and_rule,final_only,id_test,rule,"11,23,37",answer_accuracy_seed_sd,0.009504384952922123,1000,results/evidence/latent_scratchpad/metrics.json,"sample_sd(/final_only/0/id_test/rule/accuracy,/final_only/1/id_test/rule/accuracy,/final_only/2/id_test/rule/accuracy)",historical_aggregate,fraction
frozen_feature_scratchpad,Kev-0.8B frozen features + decision head,synthetic_relation_and_rule,final_only,ood_test,all,"11,23,37",answer_accuracy_mean,0.4103333333333333,2000,results/evidence/latent_scratchpad/metrics.json,"mean(/final_only/0/ood_test/all/accuracy,/final_only/1/ood_test/all/accuracy,/final_only/2/ood_test/all/accuracy)",historical_aggregate,fraction
frozen_feature_scratchpad,Kev-0.8B frozen features + decision head,synthetic_relation_and_rule,final_only,ood_test,all,"11,23,37",answer_accuracy_seed_sd,0.0059651767227244,2000,results/evidence/latent_scratchpad/metrics.json,"sample_sd(/final_only/0/ood_test/all/accuracy,/final_only/1/ood_test/all/accuracy,/final_only/2/ood_test/all/accuracy)",historical_aggregate,fraction
frozen_feature_scratchpad,Kev-0.8B frozen features + decision head,synthetic_relation_and_rule,final_only,ood_test,relation,"11,23,37",answer_accuracy_mean,0.246,1000,results/evidence/latent_scratchpad/metrics.json,"mean(/final_only/0/ood_test/relation/accuracy,/final_only/1/ood_test/relation/accuracy,/final_only/2/ood_test/relation/accuracy)",historical_aggregate,fraction
frozen_feature_scratchpad,Kev-0.8B frozen features + decision head,synthetic_relation_and_rule,final_only,ood_test,relation,"11,23,37",answer_accuracy_seed_sd,0.014525839046333948,1000,results/evidence/latent_scratchpad/metrics.json,"sample_sd(/final_only/0/ood_test/relation/accuracy,/final_only/1/ood_test/relation/accuracy,/final_only/2/ood_test/relation/accuracy)",historical_aggregate,fraction
frozen_feature_scratchpad,Kev-0.8B frozen features + decision head,synthetic_relation_and_rule,final_only,ood_test,rule,"11,23,37",answer_accuracy_mean,0.5746666666666667,1000,results/evidence/latent_scratchpad/metrics.json,"mean(/final_only/0/ood_test/rule/accuracy,/final_only/1/ood_test/rule/accuracy,/final_only/2/ood_test/rule/accuracy)",historical_aggregate,fraction
frozen_feature_scratchpad,Kev-0.8B frozen features + decision head,synthetic_relation_and_rule,final_only,ood_test,rule,"11,23,37",answer_accuracy_seed_sd,0.005131601439446888,1000,results/evidence/latent_scratchpad/metrics.json,"sample_sd(/final_only/0/ood_test/rule/accuracy,/final_only/1/ood_test/rule/accuracy,/final_only/2/ood_test/rule/accuracy)",historical_aggregate,fraction
frozen_feature_scratchpad,Kev-0.8B frozen features + decision head,synthetic_relation_and_rule,original,id_test,all,"11,23,37",answer_accuracy_mean,0.7653333333333333,2000,results/evidence/latent_scratchpad/metrics.json,"mean(/original/0/id_test/all/accuracy,/original/1/id_test/all/accuracy,/original/2/id_test/all/accuracy)",historical_aggregate,fraction
frozen_feature_scratchpad,Kev-0.8B frozen features + decision head,synthetic_relation_and_rule,original,id_test,all,"11,23,37",answer_accuracy_seed_sd,0.011590225767142484,2000,results/evidence/latent_scratchpad/metrics.json,"sample_sd(/original/0/id_test/all/accuracy,/original/1/id_test/all/accuracy,/original/2/id_test/all/accuracy)",historical_aggregate,fraction
frozen_feature_scratchpad,Kev-0.8B frozen features + decision head,synthetic_relation_and_rule,original,id_test,relation,"11,23,37",answer_accuracy_mean,0.7323333333333333,1000,results/evidence/latent_scratchpad/metrics.json,"mean(/original/0/id_test/relation/accuracy,/original/1/id_test/relation/accuracy,/original/2/id_test/relation/accuracy)",historical_aggregate,fraction
frozen_feature_scratchpad,Kev-0.8B frozen features + decision head,synthetic_relation_and_rule,original,id_test,relation,"11,23,37",answer_accuracy_seed_sd,0.015044378795195691,1000,results/evidence/latent_scratchpad/metrics.json,"sample_sd(/original/0/id_test/relation/accuracy,/original/1/id_test/relation/accuracy,/original/2/id_test/relation/accuracy)",historical_aggregate,fraction
frozen_feature_scratchpad,Kev-0.8B frozen features + decision head,synthetic_relation_and_rule,original,id_test,rule,"11,23,37",answer_accuracy_mean,0.7983333333333333,1000,results/evidence/latent_scratchpad/metrics.json,"mean(/original/0/id_test/rule/accuracy,/original/1/id_test/rule/accuracy,/original/2/id_test/rule/accuracy)",historical_aggregate,fraction
frozen_feature_scratchpad,Kev-0.8B frozen features + decision head,synthetic_relation_and_rule,original,id_test,rule,"11,23,37",answer_accuracy_seed_sd,0.008144527815247084,1000,results/evidence/latent_scratchpad/metrics.json,"sample_sd(/original/0/id_test/rule/accuracy,/original/1/id_test/rule/accuracy,/original/2/id_test/rule/accuracy)",historical_aggregate,fraction
frozen_feature_scratchpad,Kev-0.8B frozen features + decision head,synthetic_relation_and_rule,original,ood_test,all,"11,23,37",answer_accuracy_mean,0.411,2000,results/evidence/latent_scratchpad/metrics.json,"mean(/original/0/ood_test/all/accuracy,/original/1/ood_test/all/accuracy,/original/2/ood_test/all/accuracy)",historical_aggregate,fraction
frozen_feature_scratchpad,Kev-0.8B frozen features + decision head,synthetic_relation_and_rule,original,ood_test,all,"11,23,37",answer_accuracy_seed_sd,0.0030000000000000027,2000,results/evidence/latent_scratchpad/metrics.json,"sample_sd(/original/0/ood_test/all/accuracy,/original/1/ood_test/all/accuracy,/original/2/ood_test/all/accuracy)",historical_aggregate,fraction
frozen_feature_scratchpad,Kev-0.8B frozen features + decision head,synthetic_relation_and_rule,original,ood_test,relation,"11,23,37",answer_accuracy_mean,0.24766666666666667,1000,results/evidence/latent_scratchpad/metrics.json,"mean(/original/0/ood_test/relation/accuracy,/original/1/ood_test/relation/accuracy,/original/2/ood_test/relation/accuracy)",historical_aggregate,fraction
frozen_feature_scratchpad,Kev-0.8B frozen features + decision head,synthetic_relation_and_rule,original,ood_test,relation,"11,23,37",answer_accuracy_seed_sd,0.01386842937514316,1000,results/evidence/latent_scratchpad/metrics.json,"sample_sd(/original/0/ood_test/relation/accuracy,/original/1/ood_test/relation/accuracy,/original/2/ood_test/relation/accuracy)",historical_aggregate,fraction
frozen_feature_scratchpad,Kev-0.8B frozen features + decision head,synthetic_relation_and_rule,original,ood_test,rule,"11,23,37",answer_accuracy_mean,0.5743333333333333,1000,results/evidence/latent_scratchpad/metrics.json,"mean(/original/0/ood_test/rule/accuracy,/original/1/ood_test/rule/accuracy,/original/2/ood_test/rule/accuracy)",historical_aggregate,fraction
frozen_feature_scratchpad,Kev-0.8B frozen features + decision head,synthetic_relation_and_rule,original,ood_test,rule,"11,23,37",answer_accuracy_seed_sd,0.008144527815247084,1000,results/evidence/latent_scratchpad/metrics.json,"sample_sd(/original/0/ood_test/rule/accuracy,/original/1/ood_test/rule/accuracy,/original/2/ood_test/rule/accuracy)",historical_aggregate,fraction
frozen_feature_scratchpad,Kev-0.8B frozen features + decision head,synthetic_relation_and_rule,process,id_test,all,"11,23,37",answer_accuracy_mean,0.7741666666666667,2000,results/evidence/latent_scratchpad/metrics.json,"mean(/process/0/id_test/all/accuracy,/process/1/id_test/all/accuracy,/process/2/id_test/all/accuracy)",historical_aggregate,fraction
frozen_feature_scratchpad,Kev-0.8B frozen features + decision head,synthetic_relation_and_rule,process,id_test,all,"11,23,37",answer_accuracy_seed_sd,0.012701705922171777,2000,results/evidence/latent_scratchpad/metrics.json,"sample_sd(/process/0/id_test/all/accuracy,/process/1/id_test/all/accuracy,/process/2/id_test/all/accuracy)",historical_aggregate,fraction
frozen_feature_scratchpad,Kev-0.8B frozen features + decision head,synthetic_relation_and_rule,process,id_test,relation,"11,23,37",answer_accuracy_mean,0.7366666666666667,1000,results/evidence/latent_scratchpad/metrics.json,"mean(/process/0/id_test/relation/accuracy,/process/1/id_test/relation/accuracy,/process/2/id_test/relation/accuracy)",historical_aggregate,fraction
frozen_feature_scratchpad,Kev-0.8B frozen features + decision head,synthetic_relation_and_rule,process,id_test,relation,"11,23,37",answer_accuracy_seed_sd,0.004163331998932269,1000,results/evidence/latent_scratchpad/metrics.json,"sample_sd(/process/0/id_test/relation/accuracy,/process/1/id_test/relation/accuracy,/process/2/id_test/relation/accuracy)",historical_aggregate,fraction
frozen_feature_scratchpad,Kev-0.8B frozen features + decision head,synthetic_relation_and_rule,process,id_test,rule,"11,23,37",answer_accuracy_mean,0.8116666666666666,1000,results/evidence/latent_scratchpad/metrics.json,"mean(/process/0/id_test/rule/accuracy,/process/1/id_test/rule/accuracy,/process/2/id_test/rule/accuracy)",historical_aggregate,fraction
frozen_feature_scratchpad,Kev-0.8B frozen features + decision head,synthetic_relation_and_rule,process,id_test,rule,"11,23,37",answer_accuracy_seed_sd,0.02138535324312721,1000,results/evidence/latent_scratchpad/metrics.json,"sample_sd(/process/0/id_test/rule/accuracy,/process/1/id_test/rule/accuracy,/process/2/id_test/rule/accuracy)",historical_aggregate,fraction
frozen_feature_scratchpad,Kev-0.8B frozen features + decision head,synthetic_relation_and_rule,process,ood_test,all,"11,23,37",answer_accuracy_mean,0.4063333333333333,2000,results/evidence/latent_scratchpad/metrics.json,"mean(/process/0/ood_test/all/accuracy,/process/1/ood_test/all/accuracy,/process/2/ood_test/all/accuracy)",historical_aggregate,fraction
frozen_feature_scratchpad,Kev-0.8B frozen features + decision head,synthetic_relation_and_rule,process,ood_test,all,"11,23,37",answer_accuracy_seed_sd,0.008144527815247053,2000,results/evidence/latent_scratchpad/metrics.json,"sample_sd(/process/0/ood_test/all/accuracy,/process/1/ood_test/all/accuracy,/process/2/ood_test/all/accuracy)",historical_aggregate,fraction
frozen_feature_scratchpad,Kev-0.8B frozen features + decision head,synthetic_relation_and_rule,process,ood_test,relation,"11,23,37",answer_accuracy_mean,0.23766666666666666,1000,results/evidence/latent_scratchpad/metrics.json,"mean(/process/0/ood_test/relation/accuracy,/process/1/ood_test/relation/accuracy,/process/2/ood_test/relation/accuracy)",historical_aggregate,fraction
frozen_feature_scratchpad,Kev-0.8B frozen features + decision head,synthetic_relation_and_rule,process,ood_test,relation,"11,23,37",answer_accuracy_seed_sd,0.00776745346515402,1000,results/evidence/latent_scratchpad/metrics.json,"sample_sd(/process/0/ood_test/relation/accuracy,/process/1/ood_test/relation/accuracy,/process/2/ood_test/relation/accuracy)",historical_aggregate,fraction
frozen_feature_scratchpad,Kev-0.8B frozen features + decision head,synthetic_relation_and_rule,process,ood_test,rule,"11,23,37",answer_accuracy_mean,0.575,1000,results/evidence/latent_scratchpad/metrics.json,"mean(/process/0/ood_test/rule/accuracy,/process/1/ood_test/rule/accuracy,/process/2/ood_test/rule/accuracy)",historical_aggregate,fraction
frozen_feature_scratchpad,Kev-0.8B frozen features + decision head,synthetic_relation_and_rule,process,ood_test,rule,"11,23,37",answer_accuracy_seed_sd,0.008660254037844395,1000,results/evidence/latent_scratchpad/metrics.json,"sample_sd(/process/0/ood_test/rule/accuracy,/process/1/ood_test/rule/accuracy,/process/2/ood_test/rule/accuracy)",historical_aggregate,fraction
gold_state_bottleneck,Kev-0.8B frozen features + decision head,synthetic_relation_and_rule,bottleneck1,id_test,all,"11,23,37",answer_accuracy_mean,0.3735,2000,results/evidence/gold_state/metrics.json,"mean(/bottleneck1/0/id_test/all/accuracy,/bottleneck1/1/id_test/all/accuracy,/bottleneck1/2/id_test/all/accuracy)",historical_aggregate,fraction
gold_state_bottleneck,Kev-0.8B frozen features + decision head,synthetic_relation_and_rule,bottleneck1,id_test,all,"11,23,37",answer_accuracy_seed_sd,0.00983615778645301,2000,results/evidence/gold_state/metrics.json,"sample_sd(/bottleneck1/0/id_test/all/accuracy,/bottleneck1/1/id_test/all/accuracy,/bottleneck1/2/id_test/all/accuracy)",historical_aggregate,fraction
gold_state_bottleneck,Kev-0.8B frozen features + decision head,synthetic_relation_and_rule,bottleneck1,id_test,relation,"11,23,37",answer_accuracy_mean,0.25033333333333335,1000,results/evidence/gold_state/metrics.json,"mean(/bottleneck1/0/id_test/relation/accuracy,/bottleneck1/1/id_test/relation/accuracy,/bottleneck1/2/id_test/relation/accuracy)",historical_aggregate,fraction
gold_state_bottleneck,Kev-0.8B frozen features + decision head,synthetic_relation_and_rule,bottleneck1,id_test,relation,"11,23,37",answer_accuracy_seed_sd,0.014502873278538074,1000,results/evidence/gold_state/metrics.json,"sample_sd(/bottleneck1/0/id_test/relation/accuracy,/bottleneck1/1/id_test/relation/accuracy,/bottleneck1/2/id_test/relation/accuracy)",historical_aggregate,fraction
gold_state_bottleneck,Kev-0.8B frozen features + decision head,synthetic_relation_and_rule,bottleneck1,id_test,rule,"11,23,37",answer_accuracy_mean,0.49666666666666665,1000,results/evidence/gold_state/metrics.json,"mean(/bottleneck1/0/id_test/rule/accuracy,/bottleneck1/1/id_test/rule/accuracy,/bottleneck1/2/id_test/rule/accuracy)",historical_aggregate,fraction
gold_state_bottleneck,Kev-0.8B frozen features + decision head,synthetic_relation_and_rule,bottleneck1,id_test,rule,"11,23,37",answer_accuracy_seed_sd,0.005507570547286107,1000,results/evidence/gold_state/metrics.json,"sample_sd(/bottleneck1/0/id_test/rule/accuracy,/bottleneck1/1/id_test/rule/accuracy,/bottleneck1/2/id_test/rule/accuracy)",historical_aggregate,fraction
gold_state_bottleneck,Kev-0.8B frozen features + decision head,synthetic_relation_and_rule,bottleneck1,ood_test,all,"11,23,37",answer_accuracy_mean,0.372,2000,results/evidence/gold_state/metrics.json,"mean(/bottleneck1/0/ood_test/all/accuracy,/bottleneck1/1/ood_test/all/accuracy,/bottleneck1/2/ood_test/all/accuracy)",historical_aggregate,fraction
gold_state_bottleneck,Kev-0.8B frozen features + decision head,synthetic_relation_and_rule,bottleneck1,ood_test,all,"11,23,37",answer_accuracy_seed_sd,0.006928203230275516,2000,results/evidence/gold_state/metrics.json,"sample_sd(/bottleneck1/0/ood_test/all/accuracy,/bottleneck1/1/ood_test/all/accuracy,/bottleneck1/2/ood_test/all/accuracy)",historical_aggregate,fraction
gold_state_bottleneck,Kev-0.8B frozen features + decision head,synthetic_relation_and_rule,bottleneck1,ood_test,relation,"11,23,37",answer_accuracy_mean,0.24066666666666667,1000,results/evidence/gold_state/metrics.json,"mean(/bottleneck1/0/ood_test/relation/accuracy,/bottleneck1/1/ood_test/relation/accuracy,/bottleneck1/2/ood_test/relation/accuracy)",historical_aggregate,fraction
gold_state_bottleneck,Kev-0.8B frozen features + decision head,synthetic_relation_and_rule,bottleneck1,ood_test,relation,"11,23,37",answer_accuracy_seed_sd,0.011503622617824928,1000,results/evidence/gold_state/metrics.json,"sample_sd(/bottleneck1/0/ood_test/relation/accuracy,/bottleneck1/1/ood_test/relation/accuracy,/bottleneck1/2/ood_test/relation/accuracy)",historical_aggregate,fraction
gold_state_bottleneck,Kev-0.8B frozen features + decision head,synthetic_relation_and_rule,bottleneck1,ood_test,rule,"11,23,37",answer_accuracy_mean,0.5033333333333333,1000,results/evidence/gold_state/metrics.json,"mean(/bottleneck1/0/ood_test/rule/accuracy,/bottleneck1/1/ood_test/rule/accuracy,/bottleneck1/2/ood_test/rule/accuracy)",historical_aggregate,fraction
gold_state_bottleneck,Kev-0.8B frozen features + decision head,synthetic_relation_and_rule,bottleneck1,ood_test,rule,"11,23,37",answer_accuracy_seed_sd,0.007234178138070242,1000,results/evidence/gold_state/metrics.json,"sample_sd(/bottleneck1/0/ood_test/rule/accuracy,/bottleneck1/1/ood_test/rule/accuracy,/bottleneck1/2/ood_test/rule/accuracy)",historical_aggregate,fraction
gold_state_bottleneck,Kev-0.8B frozen features + decision head,synthetic_relation_and_rule,deep,id_test,all,"11,23,37",answer_accuracy_mean,0.381,2000,results/evidence/gold_state/metrics.json,"mean(/deep/0/id_test/all/accuracy,/deep/1/id_test/all/accuracy,/deep/2/id_test/all/accuracy)",historical_aggregate,fraction
gold_state_bottleneck,Kev-0.8B frozen features + decision head,synthetic_relation_and_rule,deep,id_test,all,"11,23,37",answer_accuracy_seed_sd,0.0027838821814150133,2000,results/evidence/gold_state/metrics.json,"sample_sd(/deep/0/id_test/all/accuracy,/deep/1/id_test/all/accuracy,/deep/2/id_test/all/accuracy)",historical_aggregate,fraction
gold_state_bottleneck,Kev-0.8B frozen features + decision head,synthetic_relation_and_rule,deep,id_test,relation,"11,23,37",answer_accuracy_mean,0.25466666666666665,1000,results/evidence/gold_state/metrics.json,"mean(/deep/0/id_test/relation/accuracy,/deep/1/id_test/relation/accuracy,/deep/2/id_test/relation/accuracy)",historical_aggregate,fraction
gold_state_bottleneck,Kev-0.8B frozen features + decision head,synthetic_relation_and_rule,deep,id_test,relation,"11,23,37",answer_accuracy_seed_sd,0.009712534856222319,1000,results/evidence/gold_state/metrics.json,"sample_sd(/deep/0/id_test/relation/accuracy,/deep/1/id_test/relation/accuracy,/deep/2/id_test/relation/accuracy)",historical_aggregate,fraction
gold_state_bottleneck,Kev-0.8B frozen features + decision head,synthetic_relation_and_rule,deep,id_test,rule,"11,23,37",answer_accuracy_mean,0.5073333333333333,1000,results/evidence/gold_state/metrics.json,"mean(/deep/0/id_test/rule/accuracy,/deep/1/id_test/rule/accuracy,/deep/2/id_test/rule/accuracy)",historical_aggregate,fraction
gold_state_bottleneck,Kev-0.8B frozen features + decision head,synthetic_relation_and_rule,deep,id_test,rule,"11,23,37",answer_accuracy_seed_sd,0.013576941236277546,1000,results/evidence/gold_state/metrics.json,"sample_sd(/deep/0/id_test/rule/accuracy,/deep/1/id_test/rule/accuracy,/deep/2/id_test/rule/accuracy)",historical_aggregate,fraction
gold_state_bottleneck,Kev-0.8B frozen features + decision head,synthetic_relation_and_rule,deep,ood_test,all,"11,23,37",answer_accuracy_mean,0.36883333333333335,2000,results/evidence/gold_state/metrics.json,"mean(/deep/0/ood_test/all/accuracy,/deep/1/ood_test/all/accuracy,/deep/2/ood_test/all/accuracy)",historical_aggregate,fraction
gold_state_bottleneck,Kev-0.8B frozen features + decision head,synthetic_relation_and_rule,deep,ood_test,all,"11,23,37",answer_accuracy_seed_sd,0.0005773502691896263,2000,results/evidence/gold_state/metrics.json,"sample_sd(/deep/0/ood_test/all/accuracy,/deep/1/ood_test/all/accuracy,/deep/2/ood_test/all/accuracy)",historical_aggregate,fraction
gold_state_bottleneck,Kev-0.8B frozen features + decision head,synthetic_relation_and_rule,deep,ood_test,relation,"11,23,37",answer_accuracy_mean,0.244,1000,results/evidence/gold_state/metrics.json,"mean(/deep/0/ood_test/relation/accuracy,/deep/1/ood_test/relation/accuracy,/deep/2/ood_test/relation/accuracy)",historical_aggregate,fraction
gold_state_bottleneck,Kev-0.8B frozen features + decision head,synthetic_relation_and_rule,deep,ood_test,relation,"11,23,37",answer_accuracy_seed_sd,0.004358898943540678,1000,results/evidence/gold_state/metrics.json,"sample_sd(/deep/0/ood_test/relation/accuracy,/deep/1/ood_test/relation/accuracy,/deep/2/ood_test/relation/accuracy)",historical_aggregate,fraction
gold_state_bottleneck,Kev-0.8B frozen features + decision head,synthetic_relation_and_rule,deep,ood_test,rule,"11,23,37",answer_accuracy_mean,0.49366666666666664,1000,results/evidence/gold_state/metrics.json,"mean(/deep/0/ood_test/rule/accuracy,/deep/1/ood_test/rule/accuracy,/deep/2/ood_test/rule/accuracy)",historical_aggregate,fraction
gold_state_bottleneck,Kev-0.8B frozen features + decision head,synthetic_relation_and_rule,deep,ood_test,rule,"11,23,37",answer_accuracy_seed_sd,0.005507570547286107,1000,results/evidence/gold_state/metrics.json,"sample_sd(/deep/0/ood_test/rule/accuracy,/deep/1/ood_test/rule/accuracy,/deep/2/ood_test/rule/accuracy)",historical_aggregate,fraction
gold_state_bottleneck,Kev-0.8B frozen features + decision head,synthetic_relation_and_rule,recurrent3,id_test,all,"11,23,37",answer_accuracy_mean,0.37333333333333335,2000,results/evidence/gold_state/metrics.json,"mean(/recurrent3/0/id_test/all/accuracy,/recurrent3/1/id_test/all/accuracy,/recurrent3/2/id_test/all/accuracy)",historical_aggregate,fraction
gold_state_bottleneck,Kev-0.8B frozen features + decision head,synthetic_relation_and_rule,recurrent3,id_test,all,"11,23,37",answer_accuracy_seed_sd,0.014699773240881429,2000,results/evidence/gold_state/metrics.json,"sample_sd(/recurrent3/0/id_test/all/accuracy,/recurrent3/1/id_test/all/accuracy,/recurrent3/2/id_test/all/accuracy)",historical_aggregate,fraction
gold_state_bottleneck,Kev-0.8B frozen features + decision head,synthetic_relation_and_rule,recurrent3,id_test,relation,"11,23,37",answer_accuracy_mean,0.25133333333333335,1000,results/evidence/gold_state/metrics.json,"mean(/recurrent3/0/id_test/relation/accuracy,/recurrent3/1/id_test/relation/accuracy,/recurrent3/2/id_test/relation/accuracy)",historical_aggregate,fraction
gold_state_bottleneck,Kev-0.8B frozen features + decision head,synthetic_relation_and_rule,recurrent3,id_test,relation,"11,23,37",answer_accuracy_seed_sd,0.013203534880225585,1000,results/evidence/gold_state/metrics.json,"sample_sd(/recurrent3/0/id_test/relation/accuracy,/recurrent3/1/id_test/relation/accuracy,/recurrent3/2/id_test/relation/accuracy)",historical_aggregate,fraction
gold_state_bottleneck,Kev-0.8B frozen features + decision head,synthetic_relation_and_rule,recurrent3,id_test,rule,"11,23,37",answer_accuracy_mean,0.49533333333333335,1000,results/evidence/gold_state/metrics.json,"mean(/recurrent3/0/id_test/rule/accuracy,/recurrent3/1/id_test/rule/accuracy,/recurrent3/2/id_test/rule/accuracy)",historical_aggregate,fraction
gold_state_bottleneck,Kev-0.8B frozen features + decision head,synthetic_relation_and_rule,recurrent3,id_test,rule,"11,23,37",answer_accuracy_seed_sd,0.020207259421636918,1000,results/evidence/gold_state/metrics.json,"sample_sd(/recurrent3/0/id_test/rule/accuracy,/recurrent3/1/id_test/rule/accuracy,/recurrent3/2/id_test/rule/accuracy)",historical_aggregate,fraction
gold_state_bottleneck,Kev-0.8B frozen features + decision head,synthetic_relation_and_rule,recurrent3,ood_test,all,"11,23,37",answer_accuracy_mean,0.37083333333333335,2000,results/evidence/gold_state/metrics.json,"mean(/recurrent3/0/ood_test/all/accuracy,/recurrent3/1/ood_test/all/accuracy,/recurrent3/2/ood_test/all/accuracy)",historical_aggregate,fraction
gold_state_bottleneck,Kev-0.8B frozen features + decision head,synthetic_relation_and_rule,recurrent3,ood_test,all,"11,23,37",answer_accuracy_seed_sd,0.005923118547972292,2000,results/evidence/gold_state/metrics.json,"sample_sd(/recurrent3/0/ood_test/all/accuracy,/recurrent3/1/ood_test/all/accuracy,/recurrent3/2/ood_test/all/accuracy)",historical_aggregate,fraction
gold_state_bottleneck,Kev-0.8B frozen features + decision head,synthetic_relation_and_rule,recurrent3,ood_test,relation,"11,23,37",answer_accuracy_mean,0.24366666666666667,1000,results/evidence/gold_state/metrics.json,"mean(/recurrent3/0/ood_test/relation/accuracy,/recurrent3/1/ood_test/relation/accuracy,/recurrent3/2/ood_test/relation/accuracy)",historical_aggregate,fraction
gold_state_bottleneck,Kev-0.8B frozen features + decision head,synthetic_relation_and_rule,recurrent3,ood_test,relation,"11,23,37",answer_accuracy_seed_sd,0.009504384952922162,1000,results/evidence/gold_state/metrics.json,"sample_sd(/recurrent3/0/ood_test/relation/accuracy,/recurrent3/1/ood_test/relation/accuracy,/recurrent3/2/ood_test/relation/accuracy)",historical_aggregate,fraction
gold_state_bottleneck,Kev-0.8B frozen features + decision head,synthetic_relation_and_rule,recurrent3,ood_test,rule,"11,23,37",answer_accuracy_mean,0.498,1000,results/evidence/gold_state/metrics.json,"mean(/recurrent3/0/ood_test/rule/accuracy,/recurrent3/1/ood_test/rule/accuracy,/recurrent3/2/ood_test/rule/accuracy)",historical_aggregate,fraction
gold_state_bottleneck,Kev-0.8B frozen features + decision head,synthetic_relation_and_rule,recurrent3,ood_test,rule,"11,23,37",answer_accuracy_seed_sd,0.005291502622129186,1000,results/evidence/gold_state/metrics.json,"sample_sd(/recurrent3/0/ood_test/rule/accuracy,/recurrent3/1/ood_test/rule/accuracy,/recurrent3/2/ood_test/rule/accuracy)",historical_aggregate,fraction
hard_iit,Kev-0.8B + deep rule executor,synthetic_boolean_rules,deep,id_test,1,11,active_gate_accuracy,0.994475138121547,181,results/evidence/hard_iit/trial_deep_id_test.json,/factual/depth_1/active_gate/value,locked_test,fraction
hard_iit,Kev-0.8B + deep rule executor,synthetic_boolean_rules,deep,id_test,1,11,answer_accuracy,1.0,334,results/evidence/hard_iit/trial_deep_id_test.json,/factual/depth_1/answer/value,locked_test,fraction
hard_iit,Kev-0.8B + deep rule executor,synthetic_boolean_rules,deep,id_test,1,11,exact_program_accuracy,0.9970059880239521,334,results/evidence/hard_iit/trial_deep_id_test.json,/factual/depth_1/exact_program/value,locked_test,fraction
hard_iit,Kev-0.8B + deep rule executor,synthetic_boolean_rules,deep,id_test,1,11,exact_trajectory_accuracy,1.0,334,results/evidence/hard_iit/trial_deep_id_test.json,/factual/depth_1/exact_trajectory/value,locked_test,fraction
hard_iit,Kev-0.8B + deep rule executor,synthetic_boolean_rules,deep,id_test,1,11,gate_accuracy,0.9970059880239521,334,results/evidence/hard_iit/trial_deep_id_test.json,/factual/depth_1/gate/value,locked_test,fraction
hard_iit,Kev-0.8B + deep rule executor,synthetic_boolean_rules,deep,id_test,1,11,initial_state_accuracy,1.0,334,results/evidence/hard_iit/trial_deep_id_test.json,/factual/depth_1/initial/value,locked_test,fraction
hard_iit,Kev-0.8B + deep rule executor,synthetic_boolean_rules,deep,id_test,1,11,operator_accuracy,1.0,334,results/evidence/hard_iit/trial_deep_id_test.json,/factual/depth_1/operator/value,locked_test,fraction
hard_iit,Kev-0.8B + deep rule executor,synthetic_boolean_rules,deep,id_test,2,11,active_gate_accuracy,1.0,340,results/evidence/hard_iit/trial_deep_id_test.json,/factual/depth_2/active_gate/value,locked_test,fraction
hard_iit,Kev-0.8B + deep rule executor,synthetic_boolean_rules,deep,id_test,2,11,answer_accuracy,1.0,334,results/evidence/hard_iit/trial_deep_id_test.json,/factual/depth_2/answer/value,locked_test,fraction
hard_iit,Kev-0.8B + deep rule executor,synthetic_boolean_rules,deep,id_test,2,11,exact_program_accuracy,1.0,334,results/evidence/hard_iit/trial_deep_id_test.json,/factual/depth_2/exact_program/value,locked_test,fraction
hard_iit,Kev-0.8B + deep rule executor,synthetic_boolean_rules,deep,id_test,2,11,exact_trajectory_accuracy,1.0,334,results/evidence/hard_iit/trial_deep_id_test.json,/factual/depth_2/exact_trajectory/value,locked_test,fraction
hard_iit,Kev-0.8B + deep rule executor,synthetic_boolean_rules,deep,id_test,2,11,gate_accuracy,1.0,668,results/evidence/hard_iit/trial_deep_id_test.json,/factual/depth_2/gate/value,locked_test,fraction
hard_iit,Kev-0.8B + deep rule executor,synthetic_boolean_rules,deep,id_test,2,11,initial_state_accuracy,1.0,334,results/evidence/hard_iit/trial_deep_id_test.json,/factual/depth_2/initial/value,locked_test,fraction
hard_iit,Kev-0.8B + deep rule executor,synthetic_boolean_rules,deep,id_test,2,11,operator_accuracy,1.0,668,results/evidence/hard_iit/trial_deep_id_test.json,/factual/depth_2/operator/value,locked_test,fraction
hard_iit,Kev-0.8B + deep rule executor,synthetic_boolean_rules,deep,id_test,3,11,active_gate_accuracy,1.0,496,results/evidence/hard_iit/trial_deep_id_test.json,/factual/depth_3/active_gate/value,locked_test,fraction
hard_iit,Kev-0.8B + deep rule executor,synthetic_boolean_rules,deep,id_test,3,11,answer_accuracy,1.0,332,results/evidence/hard_iit/trial_deep_id_test.json,/factual/depth_3/answer/value,locked_test,fraction
hard_iit,Kev-0.8B + deep rule executor,synthetic_boolean_rules,deep,id_test,3,11,exact_program_accuracy,1.0,332,results/evidence/hard_iit/trial_deep_id_test.json,/factual/depth_3/exact_program/value,locked_test,fraction
hard_iit,Kev-0.8B + deep rule executor,synthetic_boolean_rules,deep,id_test,3,11,exact_trajectory_accuracy,1.0,332,results/evidence/hard_iit/trial_deep_id_test.json,/factual/depth_3/exact_trajectory/value,locked_test,fraction
hard_iit,Kev-0.8B + deep rule executor,synthetic_boolean_rules,deep,id_test,3,11,gate_accuracy,1.0,996,results/evidence/hard_iit/trial_deep_id_test.json,/factual/depth_3/gate/value,locked_test,fraction
hard_iit,Kev-0.8B + deep rule executor,synthetic_boolean_rules,deep,id_test,3,11,initial_state_accuracy,1.0,332,results/evidence/hard_iit/trial_deep_id_test.json,/factual/depth_3/initial/value,locked_test,fraction
hard_iit,Kev-0.8B + deep rule executor,synthetic_boolean_rules,deep,id_test,3,11,operator_accuracy,1.0,996,results/evidence/hard_iit/trial_deep_id_test.json,/factual/depth_3/operator/value,locked_test,fraction
hard_iit,Kev-0.8B + deep rule executor,synthetic_boolean_rules,deep,id_test,all,11,active_gate_accuracy,0.9990167158308751,1017,results/evidence/hard_iit/trial_deep_id_test.json,/factual/all/active_gate/value,locked_test,fraction
hard_iit,Kev-0.8B + deep rule executor,synthetic_boolean_rules,deep,id_test,all,11,answer_accuracy,1.0,1000,results/evidence/hard_iit/trial_deep_id_test.json,/factual/all/answer/value,locked_test,fraction
hard_iit,Kev-0.8B + deep rule executor,synthetic_boolean_rules,deep,id_test,all,11,effectful_copy_cf_consistency,0.9972067039106145,358,results/evidence/hard_iit/trial_deep_id_test.json,/counterfactual/all/effectful_copy/cf_consistency,locked_test,fraction
hard_iit,Kev-0.8B + deep rule executor,synthetic_boolean_rules,deep,id_test,all,11,effectful_noncopy_cf_consistency,1.0,296,results/evidence/hard_iit/trial_deep_id_test.json,/counterfactual/all/effectful_noncopy/cf_consistency,locked_test,fraction
hard_iit,Kev-0.8B + deep rule executor,synthetic_boolean_rules,deep,id_test,all,11,exact_program_accuracy,0.999,1000,results/evidence/hard_iit/trial_deep_id_test.json,/factual/all/exact_program/value,locked_test,fraction
hard_iit,Kev-0.8B + deep rule executor,synthetic_boolean_rules,deep,id_test,all,11,exact_trajectory_accuracy,1.0,1000,results/evidence/hard_iit/trial_deep_id_test.json,/factual/all/exact_trajectory/value,locked_test,fraction
hard_iit,Kev-0.8B + deep rule executor,synthetic_boolean_rules,deep,id_test,all,11,gate_accuracy,0.9994994994994995,1998,results/evidence/hard_iit/trial_deep_id_test.json,/factual/all/gate/value,locked_test,fraction
hard_iit,Kev-0.8B + deep rule executor,synthetic_boolean_rules,deep,id_test,all,11,initial_state_accuracy,1.0,1000,results/evidence/hard_iit/trial_deep_id_test.json,/factual/all/initial/value,locked_test,fraction
hard_iit,Kev-0.8B + deep rule executor,synthetic_boolean_rules,deep,id_test,all,11,operator_accuracy,1.0,1998,results/evidence/hard_iit/trial_deep_id_test.json,/factual/all/operator/value,locked_test,fraction
hard_iit,Kev-0.8B + deep rule executor,synthetic_boolean_rules,deep,ood_test,10,11,active_gate_accuracy,0.9971070395371263,1037,results/evidence/hard_iit/trial_deep_ood_test.json,/factual/depth_10/active_gate/value,locked_test,fraction
hard_iit,Kev-0.8B + deep rule executor,synthetic_boolean_rules,deep,ood_test,10,11,answer_accuracy,0.495,200,results/evidence/hard_iit/trial_deep_ood_test.json,/factual/depth_10/answer/value,locked_test,fraction
hard_iit,Kev-0.8B + deep rule executor,synthetic_boolean_rules,deep,ood_test,10,11,effectful_copy_cf_consistency,0.5739644970414202,169,results/evidence/hard_iit/trial_deep_ood_test.json,/counterfactual/depth_10/effectful_copy/cf_consistency,locked_test,fraction
hard_iit,Kev-0.8B + deep rule executor,synthetic_boolean_rules,deep,ood_test,10,11,effectful_noncopy_cf_consistency,0.45528455284552843,123,results/evidence/hard_iit/trial_deep_ood_test.json,/counterfactual/depth_10/effectful_noncopy/cf_consistency,locked_test,fraction
hard_iit,Kev-0.8B + deep rule executor,synthetic_boolean_rules,deep,ood_test,10,11,exact_program_accuracy,0.985,200,results/evidence/hard_iit/trial_deep_ood_test.json,/factual/depth_10/exact_program/value,locked_test,fraction
hard_iit,Kev-0.8B + deep rule executor,synthetic_boolean_rules,deep,ood_test,10,11,exact_trajectory_accuracy,0.0,200,results/evidence/hard_iit/trial_deep_ood_test.json,/factual/depth_10/exact_trajectory/value,locked_test,fraction
hard_iit,Kev-0.8B + deep rule executor,synthetic_boolean_rules,deep,ood_test,10,11,gate_accuracy,0.9985,2000,results/evidence/hard_iit/trial_deep_ood_test.json,/factual/depth_10/gate/value,locked_test,fraction
hard_iit,Kev-0.8B + deep rule executor,synthetic_boolean_rules,deep,ood_test,10,11,initial_state_accuracy,1.0,200,results/evidence/hard_iit/trial_deep_ood_test.json,/factual/depth_10/initial/value,locked_test,fraction
hard_iit,Kev-0.8B + deep rule executor,synthetic_boolean_rules,deep,ood_test,10,11,operator_accuracy,1.0,2000,results/evidence/hard_iit/trial_deep_ood_test.json,/factual/depth_10/operator/value,locked_test,fraction
hard_iit,Kev-0.8B + deep rule executor,synthetic_boolean_rules,deep,ood_test,4,11,active_gate_accuracy,1.0,408,results/evidence/hard_iit/trial_deep_ood_test.json,/factual/depth_4/active_gate/value,locked_test,fraction
hard_iit,Kev-0.8B + deep rule executor,synthetic_boolean_rules,deep,ood_test,4,11,answer_accuracy,0.495,200,results/evidence/hard_iit/trial_deep_ood_test.json,/factual/depth_4/answer/value,locked_test,fraction
hard_iit,Kev-0.8B + deep rule executor,synthetic_boolean_rules,deep,ood_test,4,11,effectful_copy_cf_consistency,0.4895833333333333,96,results/evidence/hard_iit/trial_deep_ood_test.json,/counterfactual/depth_4/effectful_copy/cf_consistency,locked_test,fraction
hard_iit,Kev-0.8B + deep rule executor,synthetic_boolean_rules,deep,ood_test,4,11,effectful_noncopy_cf_consistency,0.3978494623655914,93,results/evidence/hard_iit/trial_deep_ood_test.json,/counterfactual/depth_4/effectful_noncopy/cf_consistency,locked_test,fraction
hard_iit,Kev-0.8B + deep rule executor,synthetic_boolean_rules,deep,ood_test,4,11,exact_program_accuracy,1.0,200,results/evidence/hard_iit/trial_deep_ood_test.json,/factual/depth_4/exact_program/value,locked_test,fraction
hard_iit,Kev-0.8B + deep rule executor,synthetic_boolean_rules,deep,ood_test,4,11,exact_trajectory_accuracy,0.495,200,results/evidence/hard_iit/trial_deep_ood_test.json,/factual/depth_4/exact_trajectory/value,locked_test,fraction
hard_iit,Kev-0.8B + deep rule executor,synthetic_boolean_rules,deep,ood_test,4,11,gate_accuracy,1.0,800,results/evidence/hard_iit/trial_deep_ood_test.json,/factual/depth_4/gate/value,locked_test,fraction
hard_iit,Kev-0.8B + deep rule executor,synthetic_boolean_rules,deep,ood_test,4,11,initial_state_accuracy,1.0,200,results/evidence/hard_iit/trial_deep_ood_test.json,/factual/depth_4/initial/value,locked_test,fraction
hard_iit,Kev-0.8B + deep rule executor,synthetic_boolean_rules,deep,ood_test,4,11,operator_accuracy,1.0,800,results/evidence/hard_iit/trial_deep_ood_test.json,/factual/depth_4/operator/value,locked_test,fraction
hard_iit,Kev-0.8B + deep rule executor,synthetic_boolean_rules,deep,ood_test,5,11,active_gate_accuracy,0.997979797979798,495,results/evidence/hard_iit/trial_deep_ood_test.json,/factual/depth_5/active_gate/value,locked_test,fraction
hard_iit,Kev-0.8B + deep rule executor,synthetic_boolean_rules,deep,ood_test,5,11,answer_accuracy,0.5,200,results/evidence/hard_iit/trial_deep_ood_test.json,/factual/depth_5/answer/value,locked_test,fraction
hard_iit,Kev-0.8B + deep rule executor,synthetic_boolean_rules,deep,ood_test,5,11,effectful_copy_cf_consistency,0.4027777777777778,144,results/evidence/hard_iit/trial_deep_ood_test.json,/counterfactual/depth_5/effectful_copy/cf_consistency,locked_test,fraction
hard_iit,Kev-0.8B + deep rule executor,synthetic_boolean_rules,deep,ood_test,5,11,effectful_noncopy_cf_consistency,0.5057471264367817,87,results/evidence/hard_iit/trial_deep_ood_test.json,/counterfactual/depth_5/effectful_noncopy/cf_consistency,locked_test,fraction
hard_iit,Kev-0.8B + deep rule executor,synthetic_boolean_rules,deep,ood_test,5,11,exact_program_accuracy,0.995,200,results/evidence/hard_iit/trial_deep_ood_test.json,/factual/depth_5/exact_program/value,locked_test,fraction
hard_iit,Kev-0.8B + deep rule executor,synthetic_boolean_rules,deep,ood_test,5,11,exact_trajectory_accuracy,0.295,200,results/evidence/hard_iit/trial_deep_ood_test.json,/factual/depth_5/exact_trajectory/value,locked_test,fraction
hard_iit,Kev-0.8B + deep rule executor,synthetic_boolean_rules,deep,ood_test,5,11,gate_accuracy,0.999,1000,results/evidence/hard_iit/trial_deep_ood_test.json,/factual/depth_5/gate/value,locked_test,fraction
hard_iit,Kev-0.8B + deep rule executor,synthetic_boolean_rules,deep,ood_test,5,11,initial_state_accuracy,1.0,200,results/evidence/hard_iit/trial_deep_ood_test.json,/factual/depth_5/initial/value,locked_test,fraction
hard_iit,Kev-0.8B + deep rule executor,synthetic_boolean_rules,deep,ood_test,5,11,operator_accuracy,1.0,1000,results/evidence/hard_iit/trial_deep_ood_test.json,/factual/depth_5/operator/value,locked_test,fraction
hard_iit,Kev-0.8B + deep rule executor,synthetic_boolean_rules,deep,ood_test,6,11,active_gate_accuracy,1.0,535,results/evidence/hard_iit/trial_deep_ood_test.json,/factual/depth_6/active_gate/value,locked_test,fraction
hard_iit,Kev-0.8B + deep rule executor,synthetic_boolean_rules,deep,ood_test,6,11,answer_accuracy,0.495,200,results/evidence/hard_iit/trial_deep_ood_test.json,/factual/depth_6/answer/value,locked_test,fraction
hard_iit,Kev-0.8B + deep rule executor,synthetic_boolean_rules,deep,ood_test,6,11,effectful_copy_cf_consistency,0.38016528925619836,121,results/evidence/hard_iit/trial_deep_ood_test.json,/counterfactual/depth_6/effectful_copy/cf_consistency,locked_test,fraction
hard_iit,Kev-0.8B + deep rule executor,synthetic_boolean_rules,deep,ood_test,6,11,effectful_noncopy_cf_consistency,0.5352112676056338,142,results/evidence/hard_iit/trial_deep_ood_test.json,/counterfactual/depth_6/effectful_noncopy/cf_consistency,locked_test,fraction
hard_iit,Kev-0.8B + deep rule executor,synthetic_boolean_rules,deep,ood_test,6,11,exact_program_accuracy,1.0,200,results/evidence/hard_iit/trial_deep_ood_test.json,/factual/depth_6/exact_program/value,locked_test,fraction
hard_iit,Kev-0.8B + deep rule executor,synthetic_boolean_rules,deep,ood_test,6,11,exact_trajectory_accuracy,0.19,200,results/evidence/hard_iit/trial_deep_ood_test.json,/factual/depth_6/exact_trajectory/value,locked_test,fraction
hard_iit,Kev-0.8B + deep rule executor,synthetic_boolean_rules,deep,ood_test,6,11,gate_accuracy,1.0,1200,results/evidence/hard_iit/trial_deep_ood_test.json,/factual/depth_6/gate/value,locked_test,fraction
hard_iit,Kev-0.8B + deep rule executor,synthetic_boolean_rules,deep,ood_test,6,11,initial_state_accuracy,1.0,200,results/evidence/hard_iit/trial_deep_ood_test.json,/factual/depth_6/initial/value,locked_test,fraction
hard_iit,Kev-0.8B + deep rule executor,synthetic_boolean_rules,deep,ood_test,6,11,operator_accuracy,1.0,1200,results/evidence/hard_iit/trial_deep_ood_test.json,/factual/depth_6/operator/value,locked_test,fraction
hard_iit,Kev-0.8B + deep rule executor,synthetic_boolean_rules,deep,ood_test,"6,8,10",11,active_gate_accuracy,0.9987394957983193,2380,results/evidence/hard_iit/trial_deep_ood_test.json,/factual/depth_6_8_10/active_gate/value,locked_test,fraction
hard_iit,Kev-0.8B + deep rule executor,synthetic_boolean_rules,deep,ood_test,"6,8,10",11,answer_accuracy,0.495,600,results/evidence/hard_iit/trial_deep_ood_test.json,/factual/depth_6_8_10/answer/value,locked_test,fraction
hard_iit,Kev-0.8B + deep rule executor,synthetic_boolean_rules,deep,ood_test,"6,8,10",11,exact_program_accuracy,0.995,600,results/evidence/hard_iit/trial_deep_ood_test.json,/factual/depth_6_8_10/exact_program/value,locked_test,fraction
hard_iit,Kev-0.8B + deep rule executor,synthetic_boolean_rules,deep,ood_test,"6,8,10",11,exact_trajectory_accuracy,0.08333333333333333,600,results/evidence/hard_iit/trial_deep_ood_test.json,/factual/depth_6_8_10/exact_trajectory/value,locked_test,fraction
hard_iit,Kev-0.8B + deep rule executor,synthetic_boolean_rules,deep,ood_test,"6,8,10",11,gate_accuracy,0.999375,4800,results/evidence/hard_iit/trial_deep_ood_test.json,/factual/depth_6_8_10/gate/value,locked_test,fraction
hard_iit,Kev-0.8B + deep rule executor,synthetic_boolean_rules,deep,ood_test,"6,8,10",11,initial_state_accuracy,1.0,600,results/evidence/hard_iit/trial_deep_ood_test.json,/factual/depth_6_8_10/initial/value,locked_test,fraction
hard_iit,Kev-0.8B + deep rule executor,synthetic_boolean_rules,deep,ood_test,"6,8,10",11,operator_accuracy,1.0,4800,results/evidence/hard_iit/trial_deep_ood_test.json,/factual/depth_6_8_10/operator/value,locked_test,fraction
hard_iit,Kev-0.8B + deep rule executor,synthetic_boolean_rules,deep,ood_test,8,11,active_gate_accuracy,1.0,808,results/evidence/hard_iit/trial_deep_ood_test.json,/factual/depth_8/active_gate/value,locked_test,fraction
hard_iit,Kev-0.8B + deep rule executor,synthetic_boolean_rules,deep,ood_test,8,11,answer_accuracy,0.495,200,results/evidence/hard_iit/trial_deep_ood_test.json,/factual/depth_8/answer/value,locked_test,fraction
hard_iit,Kev-0.8B + deep rule executor,synthetic_boolean_rules,deep,ood_test,8,11,effectful_copy_cf_consistency,0.47619047619047616,147,results/evidence/hard_iit/trial_deep_ood_test.json,/counterfactual/depth_8/effectful_copy/cf_consistency,locked_test,fraction
hard_iit,Kev-0.8B + deep rule executor,synthetic_boolean_rules,deep,ood_test,8,11,effectful_noncopy_cf_consistency,0.4652777777777778,144,results/evidence/hard_iit/trial_deep_ood_test.json,/counterfactual/depth_8/effectful_noncopy/cf_consistency,locked_test,fraction
hard_iit,Kev-0.8B + deep rule executor,synthetic_boolean_rules,deep,ood_test,8,11,exact_program_accuracy,1.0,200,results/evidence/hard_iit/trial_deep_ood_test.json,/factual/depth_8/exact_program/value,locked_test,fraction
hard_iit,Kev-0.8B + deep rule executor,synthetic_boolean_rules,deep,ood_test,8,11,exact_trajectory_accuracy,0.06,200,results/evidence/hard_iit/trial_deep_ood_test.json,/factual/depth_8/exact_trajectory/value,locked_test,fraction
hard_iit,Kev-0.8B + deep rule executor,synthetic_boolean_rules,deep,ood_test,8,11,gate_accuracy,1.0,1600,results/evidence/hard_iit/trial_deep_ood_test.json,/factual/depth_8/gate/value,locked_test,fraction
hard_iit,Kev-0.8B + deep rule executor,synthetic_boolean_rules,deep,ood_test,8,11,initial_state_accuracy,1.0,200,results/evidence/hard_iit/trial_deep_ood_test.json,/factual/depth_8/initial/value,locked_test,fraction
hard_iit,Kev-0.8B + deep rule executor,synthetic_boolean_rules,deep,ood_test,8,11,operator_accuracy,1.0,1600,results/evidence/hard_iit/trial_deep_ood_test.json,/factual/depth_8/operator/value,locked_test,fraction
hard_iit,Kev-0.8B + deep rule executor,synthetic_boolean_rules,deep,ood_test,all,11,active_gate_accuracy,0.9987816021931161,3283,results/evidence/hard_iit/trial_deep_ood_test.json,/factual/all/active_gate/value,locked_test,fraction
hard_iit,Kev-0.8B + deep rule executor,synthetic_boolean_rules,deep,ood_test,all,11,answer_accuracy,0.496,1000,results/evidence/hard_iit/trial_deep_ood_test.json,/factual/all/answer/value,locked_test,fraction
hard_iit,Kev-0.8B + deep rule executor,synthetic_boolean_rules,deep,ood_test,all,11,effectful_copy_cf_consistency,0.46971935007385524,677,results/evidence/hard_iit/trial_deep_ood_test.json,/counterfactual/all/effectful_copy/cf_consistency,locked_test,fraction
hard_iit,Kev-0.8B + deep rule executor,synthetic_boolean_rules,deep,ood_test,all,11,effectful_noncopy_cf_consistency,0.47538200339558573,589,results/evidence/hard_iit/trial_deep_ood_test.json,/counterfactual/all/effectful_noncopy/cf_consistency,locked_test,fraction
hard_iit,Kev-0.8B + deep rule executor,synthetic_boolean_rules,deep,ood_test,all,11,exact_program_accuracy,0.996,1000,results/evidence/hard_iit/trial_deep_ood_test.json,/factual/all/exact_program/value,locked_test,fraction
hard_iit,Kev-0.8B + deep rule executor,synthetic_boolean_rules,deep,ood_test,all,11,exact_trajectory_accuracy,0.208,1000,results/evidence/hard_iit/trial_deep_ood_test.json,/factual/all/exact_trajectory/value,locked_test,fraction
hard_iit,Kev-0.8B + deep rule executor,synthetic_boolean_rules,deep,ood_test,all,11,gate_accuracy,0.9993939393939394,6600,results/evidence/hard_iit/trial_deep_ood_test.json,/factual/all/gate/value,locked_test,fraction
hard_iit,Kev-0.8B + deep rule executor,synthetic_boolean_rules,deep,ood_test,all,11,initial_state_accuracy,1.0,1000,results/evidence/hard_iit/trial_deep_ood_test.json,/factual/all/initial/value,locked_test,fraction
hard_iit,Kev-0.8B + deep rule executor,synthetic_boolean_rules,deep,ood_test,all,11,operator_accuracy,1.0,6600,results/evidence/hard_iit/trial_deep_ood_test.json,/factual/all/operator/value,locked_test,fraction
hard_iit,Kev-0.8B + deep rule executor,synthetic_boolean_rules,deep,val,1,11,answer_accuracy,1.0,334,results/evidence/hard_iit/trial_deep_selection.json,/best_metrics/factual/depth_1/answer/value,development_selection,fraction
hard_iit,Kev-0.8B + deep rule executor,synthetic_boolean_rules,deep,val,2,11,answer_accuracy,1.0,334,results/evidence/hard_iit/trial_deep_selection.json,/best_metrics/factual/depth_2/answer/value,development_selection,fraction
hard_iit,Kev-0.8B + deep rule executor,synthetic_boolean_rules,deep,val,3,11,answer_accuracy,1.0,332,results/evidence/hard_iit/trial_deep_selection.json,/best_metrics/factual/depth_3/answer/value,development_selection,fraction
hard_iit,Kev-0.8B + deep rule executor,synthetic_boolean_rules,deep,val,all,11,answer_accuracy,1.0,1000,results/evidence/hard_iit/trial_deep_selection.json,/best_metrics/factual/all/answer/value,development_selection,fraction
hard_iit,gold rule inputs + recurrent rule executor,synthetic_boolean_rules,gold,id_test,1,11,active_gate_accuracy,1.0,181,results/evidence/hard_iit/trial_gold_id_test.json,/factual/depth_1/active_gate/value,locked_test,fraction
hard_iit,gold rule inputs + recurrent rule executor,synthetic_boolean_rules,gold,id_test,1,11,answer_accuracy,1.0,334,results/evidence/hard_iit/trial_gold_id_test.json,/factual/depth_1/answer/value,locked_test,fraction
hard_iit,gold rule inputs + recurrent rule executor,synthetic_boolean_rules,gold,id_test,1,11,exact_program_accuracy,1.0,334,results/evidence/hard_iit/trial_gold_id_test.json,/factual/depth_1/exact_program/value,locked_test,fraction
hard_iit,gold rule inputs + recurrent rule executor,synthetic_boolean_rules,gold,id_test,1,11,exact_trajectory_accuracy,1.0,334,results/evidence/hard_iit/trial_gold_id_test.json,/factual/depth_1/exact_trajectory/value,locked_test,fraction
hard_iit,gold rule inputs + recurrent rule executor,synthetic_boolean_rules,gold,id_test,1,11,gate_accuracy,1.0,334,results/evidence/hard_iit/trial_gold_id_test.json,/factual/depth_1/gate/value,locked_test,fraction
hard_iit,gold rule inputs + recurrent rule executor,synthetic_boolean_rules,gold,id_test,1,11,initial_state_accuracy,1.0,334,results/evidence/hard_iit/trial_gold_id_test.json,/factual/depth_1/initial/value,locked_test,fraction
hard_iit,gold rule inputs + recurrent rule executor,synthetic_boolean_rules,gold,id_test,1,11,operator_accuracy,1.0,334,results/evidence/hard_iit/trial_gold_id_test.json,/factual/depth_1/operator/value,locked_test,fraction
hard_iit,gold rule inputs + recurrent rule executor,synthetic_boolean_rules,gold,id_test,2,11,active_gate_accuracy,1.0,340,results/evidence/hard_iit/trial_gold_id_test.json,/factual/depth_2/active_gate/value,locked_test,fraction
hard_iit,gold rule inputs + recurrent rule executor,synthetic_boolean_rules,gold,id_test,2,11,answer_accuracy,1.0,334,results/evidence/hard_iit/trial_gold_id_test.json,/factual/depth_2/answer/value,locked_test,fraction
hard_iit,gold rule inputs + recurrent rule executor,synthetic_boolean_rules,gold,id_test,2,11,exact_program_accuracy,1.0,334,results/evidence/hard_iit/trial_gold_id_test.json,/factual/depth_2/exact_program/value,locked_test,fraction
hard_iit,gold rule inputs + recurrent rule executor,synthetic_boolean_rules,gold,id_test,2,11,exact_trajectory_accuracy,1.0,334,results/evidence/hard_iit/trial_gold_id_test.json,/factual/depth_2/exact_trajectory/value,locked_test,fraction
hard_iit,gold rule inputs + recurrent rule executor,synthetic_boolean_rules,gold,id_test,2,11,gate_accuracy,1.0,668,results/evidence/hard_iit/trial_gold_id_test.json,/factual/depth_2/gate/value,locked_test,fraction
hard_iit,gold rule inputs + recurrent rule executor,synthetic_boolean_rules,gold,id_test,2,11,initial_state_accuracy,1.0,334,results/evidence/hard_iit/trial_gold_id_test.json,/factual/depth_2/initial/value,locked_test,fraction
hard_iit,gold rule inputs + recurrent rule executor,synthetic_boolean_rules,gold,id_test,2,11,operator_accuracy,1.0,668,results/evidence/hard_iit/trial_gold_id_test.json,/factual/depth_2/operator/value,locked_test,fraction
hard_iit,gold rule inputs + recurrent rule executor,synthetic_boolean_rules,gold,id_test,3,11,active_gate_accuracy,1.0,496,results/evidence/hard_iit/trial_gold_id_test.json,/factual/depth_3/active_gate/value,locked_test,fraction
hard_iit,gold rule inputs + recurrent rule executor,synthetic_boolean_rules,gold,id_test,3,11,answer_accuracy,1.0,332,results/evidence/hard_iit/trial_gold_id_test.json,/factual/depth_3/answer/value,locked_test,fraction
hard_iit,gold rule inputs + recurrent rule executor,synthetic_boolean_rules,gold,id_test,3,11,exact_program_accuracy,1.0,332,results/evidence/hard_iit/trial_gold_id_test.json,/factual/depth_3/exact_program/value,locked_test,fraction
hard_iit,gold rule inputs + recurrent rule executor,synthetic_boolean_rules,gold,id_test,3,11,exact_trajectory_accuracy,1.0,332,results/evidence/hard_iit/trial_gold_id_test.json,/factual/depth_3/exact_trajectory/value,locked_test,fraction
hard_iit,gold rule inputs + recurrent rule executor,synthetic_boolean_rules,gold,id_test,3,11,gate_accuracy,1.0,996,results/evidence/hard_iit/trial_gold_id_test.json,/factual/depth_3/gate/value,locked_test,fraction
hard_iit,gold rule inputs + recurrent rule executor,synthetic_boolean_rules,gold,id_test,3,11,initial_state_accuracy,1.0,332,results/evidence/hard_iit/trial_gold_id_test.json,/factual/depth_3/initial/value,locked_test,fraction
hard_iit,gold rule inputs + recurrent rule executor,synthetic_boolean_rules,gold,id_test,3,11,operator_accuracy,1.0,996,results/evidence/hard_iit/trial_gold_id_test.json,/factual/depth_3/operator/value,locked_test,fraction
hard_iit,gold rule inputs + recurrent rule executor,synthetic_boolean_rules,gold,id_test,all,11,active_gate_accuracy,1.0,1017,results/evidence/hard_iit/trial_gold_id_test.json,/factual/all/active_gate/value,locked_test,fraction
hard_iit,gold rule inputs + recurrent rule executor,synthetic_boolean_rules,gold,id_test,all,11,answer_accuracy,1.0,1000,results/evidence/hard_iit/trial_gold_id_test.json,/factual/all/answer/value,locked_test,fraction
hard_iit,gold rule inputs + recurrent rule executor,synthetic_boolean_rules,gold,id_test,all,11,effectful_copy_cf_consistency,1.0,358,results/evidence/hard_iit/trial_gold_id_test.json,/counterfactual/all/effectful_copy/cf_consistency,locked_test,fraction
hard_iit,gold rule inputs + recurrent rule executor,synthetic_boolean_rules,gold,id_test,all,11,effectful_noncopy_cf_consistency,1.0,296,results/evidence/hard_iit/trial_gold_id_test.json,/counterfactual/all/effectful_noncopy/cf_consistency,locked_test,fraction
hard_iit,gold rule inputs + recurrent rule executor,synthetic_boolean_rules,gold,id_test,all,11,exact_program_accuracy,1.0,1000,results/evidence/hard_iit/trial_gold_id_test.json,/factual/all/exact_program/value,locked_test,fraction
hard_iit,gold rule inputs + recurrent rule executor,synthetic_boolean_rules,gold,id_test,all,11,exact_trajectory_accuracy,1.0,1000,results/evidence/hard_iit/trial_gold_id_test.json,/factual/all/exact_trajectory/value,locked_test,fraction
hard_iit,gold rule inputs + recurrent rule executor,synthetic_boolean_rules,gold,id_test,all,11,gate_accuracy,1.0,1998,results/evidence/hard_iit/trial_gold_id_test.json,/factual/all/gate/value,locked_test,fraction
hard_iit,gold rule inputs + recurrent rule executor,synthetic_boolean_rules,gold,id_test,all,11,initial_state_accuracy,1.0,1000,results/evidence/hard_iit/trial_gold_id_test.json,/factual/all/initial/value,locked_test,fraction
hard_iit,gold rule inputs + recurrent rule executor,synthetic_boolean_rules,gold,id_test,all,11,operator_accuracy,1.0,1998,results/evidence/hard_iit/trial_gold_id_test.json,/factual/all/operator/value,locked_test,fraction
hard_iit,gold rule inputs + recurrent rule executor,synthetic_boolean_rules,gold,ood_test,10,11,active_gate_accuracy,1.0,1037,results/evidence/hard_iit/trial_gold_ood_test.json,/factual/depth_10/active_gate/value,locked_test,fraction
hard_iit,gold rule inputs + recurrent rule executor,synthetic_boolean_rules,gold,ood_test,10,11,answer_accuracy,1.0,200,results/evidence/hard_iit/trial_gold_ood_test.json,/factual/depth_10/answer/value,locked_test,fraction
hard_iit,gold rule inputs + recurrent rule executor,synthetic_boolean_rules,gold,ood_test,10,11,effectful_copy_cf_consistency,1.0,169,results/evidence/hard_iit/trial_gold_ood_test.json,/counterfactual/depth_10/effectful_copy/cf_consistency,locked_test,fraction
hard_iit,gold rule inputs + recurrent rule executor,synthetic_boolean_rules,gold,ood_test,10,11,effectful_noncopy_cf_consistency,1.0,123,results/evidence/hard_iit/trial_gold_ood_test.json,/counterfactual/depth_10/effectful_noncopy/cf_consistency,locked_test,fraction
hard_iit,gold rule inputs + recurrent rule executor,synthetic_boolean_rules,gold,ood_test,10,11,exact_program_accuracy,1.0,200,results/evidence/hard_iit/trial_gold_ood_test.json,/factual/depth_10/exact_program/value,locked_test,fraction
hard_iit,gold rule inputs + recurrent rule executor,synthetic_boolean_rules,gold,ood_test,10,11,exact_trajectory_accuracy,1.0,200,results/evidence/hard_iit/trial_gold_ood_test.json,/factual/depth_10/exact_trajectory/value,locked_test,fraction
hard_iit,gold rule inputs + recurrent rule executor,synthetic_boolean_rules,gold,ood_test,10,11,gate_accuracy,1.0,2000,results/evidence/hard_iit/trial_gold_ood_test.json,/factual/depth_10/gate/value,locked_test,fraction
hard_iit,gold rule inputs + recurrent rule executor,synthetic_boolean_rules,gold,ood_test,10,11,initial_state_accuracy,1.0,200,results/evidence/hard_iit/trial_gold_ood_test.json,/factual/depth_10/initial/value,locked_test,fraction
hard_iit,gold rule inputs + recurrent rule executor,synthetic_boolean_rules,gold,ood_test,10,11,operator_accuracy,1.0,2000,results/evidence/hard_iit/trial_gold_ood_test.json,/factual/depth_10/operator/value,locked_test,fraction
hard_iit,gold rule inputs + recurrent rule executor,synthetic_boolean_rules,gold,ood_test,4,11,active_gate_accuracy,1.0,408,results/evidence/hard_iit/trial_gold_ood_test.json,/factual/depth_4/active_gate/value,locked_test,fraction
hard_iit,gold rule inputs + recurrent rule executor,synthetic_boolean_rules,gold,ood_test,4,11,answer_accuracy,1.0,200,results/evidence/hard_iit/trial_gold_ood_test.json,/factual/depth_4/answer/value,locked_test,fraction
hard_iit,gold rule inputs + recurrent rule executor,synthetic_boolean_rules,gold,ood_test,4,11,effectful_copy_cf_consistency,1.0,96,results/evidence/hard_iit/trial_gold_ood_test.json,/counterfactual/depth_4/effectful_copy/cf_consistency,locked_test,fraction
hard_iit,gold rule inputs + recurrent rule executor,synthetic_boolean_rules,gold,ood_test,4,11,effectful_noncopy_cf_consistency,1.0,93,results/evidence/hard_iit/trial_gold_ood_test.json,/counterfactual/depth_4/effectful_noncopy/cf_consistency,locked_test,fraction
hard_iit,gold rule inputs + recurrent rule executor,synthetic_boolean_rules,gold,ood_test,4,11,exact_program_accuracy,1.0,200,results/evidence/hard_iit/trial_gold_ood_test.json,/factual/depth_4/exact_program/value,locked_test,fraction
hard_iit,gold rule inputs + recurrent rule executor,synthetic_boolean_rules,gold,ood_test,4,11,exact_trajectory_accuracy,1.0,200,results/evidence/hard_iit/trial_gold_ood_test.json,/factual/depth_4/exact_trajectory/value,locked_test,fraction
hard_iit,gold rule inputs + recurrent rule executor,synthetic_boolean_rules,gold,ood_test,4,11,gate_accuracy,1.0,800,results/evidence/hard_iit/trial_gold_ood_test.json,/factual/depth_4/gate/value,locked_test,fraction
hard_iit,gold rule inputs + recurrent rule executor,synthetic_boolean_rules,gold,ood_test,4,11,initial_state_accuracy,1.0,200,results/evidence/hard_iit/trial_gold_ood_test.json,/factual/depth_4/initial/value,locked_test,fraction
hard_iit,gold rule inputs + recurrent rule executor,synthetic_boolean_rules,gold,ood_test,4,11,operator_accuracy,1.0,800,results/evidence/hard_iit/trial_gold_ood_test.json,/factual/depth_4/operator/value,locked_test,fraction
hard_iit,gold rule inputs + recurrent rule executor,synthetic_boolean_rules,gold,ood_test,5,11,active_gate_accuracy,1.0,495,results/evidence/hard_iit/trial_gold_ood_test.json,/factual/depth_5/active_gate/value,locked_test,fraction
hard_iit,gold rule inputs + recurrent rule executor,synthetic_boolean_rules,gold,ood_test,5,11,answer_accuracy,1.0,200,results/evidence/hard_iit/trial_gold_ood_test.json,/factual/depth_5/answer/value,locked_test,fraction
hard_iit,gold rule inputs + recurrent rule executor,synthetic_boolean_rules,gold,ood_test,5,11,effectful_copy_cf_consistency,1.0,144,results/evidence/hard_iit/trial_gold_ood_test.json,/counterfactual/depth_5/effectful_copy/cf_consistency,locked_test,fraction
hard_iit,gold rule inputs + recurrent rule executor,synthetic_boolean_rules,gold,ood_test,5,11,effectful_noncopy_cf_consistency,1.0,87,results/evidence/hard_iit/trial_gold_ood_test.json,/counterfactual/depth_5/effectful_noncopy/cf_consistency,locked_test,fraction
hard_iit,gold rule inputs + recurrent rule executor,synthetic_boolean_rules,gold,ood_test,5,11,exact_program_accuracy,1.0,200,results/evidence/hard_iit/trial_gold_ood_test.json,/factual/depth_5/exact_program/value,locked_test,fraction
hard_iit,gold rule inputs + recurrent rule executor,synthetic_boolean_rules,gold,ood_test,5,11,exact_trajectory_accuracy,1.0,200,results/evidence/hard_iit/trial_gold_ood_test.json,/factual/depth_5/exact_trajectory/value,locked_test,fraction
hard_iit,gold rule inputs + recurrent rule executor,synthetic_boolean_rules,gold,ood_test,5,11,gate_accuracy,1.0,1000,results/evidence/hard_iit/trial_gold_ood_test.json,/factual/depth_5/gate/value,locked_test,fraction
hard_iit,gold rule inputs + recurrent rule executor,synthetic_boolean_rules,gold,ood_test,5,11,initial_state_accuracy,1.0,200,results/evidence/hard_iit/trial_gold_ood_test.json,/factual/depth_5/initial/value,locked_test,fraction
hard_iit,gold rule inputs + recurrent rule executor,synthetic_boolean_rules,gold,ood_test,5,11,operator_accuracy,1.0,1000,results/evidence/hard_iit/trial_gold_ood_test.json,/factual/depth_5/operator/value,locked_test,fraction
hard_iit,gold rule inputs + recurrent rule executor,synthetic_boolean_rules,gold,ood_test,6,11,active_gate_accuracy,1.0,535,results/evidence/hard_iit/trial_gold_ood_test.json,/factual/depth_6/active_gate/value,locked_test,fraction
hard_iit,gold rule inputs + recurrent rule executor,synthetic_boolean_rules,gold,ood_test,6,11,answer_accuracy,1.0,200,results/evidence/hard_iit/trial_gold_ood_test.json,/factual/depth_6/answer/value,locked_test,fraction
hard_iit,gold rule inputs + recurrent rule executor,synthetic_boolean_rules,gold,ood_test,6,11,effectful_copy_cf_consistency,1.0,121,results/evidence/hard_iit/trial_gold_ood_test.json,/counterfactual/depth_6/effectful_copy/cf_consistency,locked_test,fraction
hard_iit,gold rule inputs + recurrent rule executor,synthetic_boolean_rules,gold,ood_test,6,11,effectful_noncopy_cf_consistency,1.0,142,results/evidence/hard_iit/trial_gold_ood_test.json,/counterfactual/depth_6/effectful_noncopy/cf_consistency,locked_test,fraction
hard_iit,gold rule inputs + recurrent rule executor,synthetic_boolean_rules,gold,ood_test,6,11,exact_program_accuracy,1.0,200,results/evidence/hard_iit/trial_gold_ood_test.json,/factual/depth_6/exact_program/value,locked_test,fraction
hard_iit,gold rule inputs + recurrent rule executor,synthetic_boolean_rules,gold,ood_test,6,11,exact_trajectory_accuracy,1.0,200,results/evidence/hard_iit/trial_gold_ood_test.json,/factual/depth_6/exact_trajectory/value,locked_test,fraction
hard_iit,gold rule inputs + recurrent rule executor,synthetic_boolean_rules,gold,ood_test,6,11,gate_accuracy,1.0,1200,results/evidence/hard_iit/trial_gold_ood_test.json,/factual/depth_6/gate/value,locked_test,fraction
hard_iit,gold rule inputs + recurrent rule executor,synthetic_boolean_rules,gold,ood_test,6,11,initial_state_accuracy,1.0,200,results/evidence/hard_iit/trial_gold_ood_test.json,/factual/depth_6/initial/value,locked_test,fraction
hard_iit,gold rule inputs + recurrent rule executor,synthetic_boolean_rules,gold,ood_test,6,11,operator_accuracy,1.0,1200,results/evidence/hard_iit/trial_gold_ood_test.json,/factual/depth_6/operator/value,locked_test,fraction
hard_iit,gold rule inputs + recurrent rule executor,synthetic_boolean_rules,gold,ood_test,"6,8,10",11,active_gate_accuracy,1.0,2380,results/evidence/hard_iit/trial_gold_ood_test.json,/factual/depth_6_8_10/active_gate/value,locked_test,fraction
hard_iit,gold rule inputs + recurrent rule executor,synthetic_boolean_rules,gold,ood_test,"6,8,10",11,answer_accuracy,1.0,600,results/evidence/hard_iit/trial_gold_ood_test.json,/factual/depth_6_8_10/answer/value,locked_test,fraction
hard_iit,gold rule inputs + recurrent rule executor,synthetic_boolean_rules,gold,ood_test,"6,8,10",11,exact_program_accuracy,1.0,600,results/evidence/hard_iit/trial_gold_ood_test.json,/factual/depth_6_8_10/exact_program/value,locked_test,fraction
hard_iit,gold rule inputs + recurrent rule executor,synthetic_boolean_rules,gold,ood_test,"6,8,10",11,exact_trajectory_accuracy,1.0,600,results/evidence/hard_iit/trial_gold_ood_test.json,/factual/depth_6_8_10/exact_trajectory/value,locked_test,fraction
hard_iit,gold rule inputs + recurrent rule executor,synthetic_boolean_rules,gold,ood_test,"6,8,10",11,gate_accuracy,1.0,4800,results/evidence/hard_iit/trial_gold_ood_test.json,/factual/depth_6_8_10/gate/value,locked_test,fraction
hard_iit,gold rule inputs + recurrent rule executor,synthetic_boolean_rules,gold,ood_test,"6,8,10",11,initial_state_accuracy,1.0,600,results/evidence/hard_iit/trial_gold_ood_test.json,/factual/depth_6_8_10/initial/value,locked_test,fraction
hard_iit,gold rule inputs + recurrent rule executor,synthetic_boolean_rules,gold,ood_test,"6,8,10",11,operator_accuracy,1.0,4800,results/evidence/hard_iit/trial_gold_ood_test.json,/factual/depth_6_8_10/operator/value,locked_test,fraction
hard_iit,gold rule inputs + recurrent rule executor,synthetic_boolean_rules,gold,ood_test,8,11,active_gate_accuracy,1.0,808,results/evidence/hard_iit/trial_gold_ood_test.json,/factual/depth_8/active_gate/value,locked_test,fraction
hard_iit,gold rule inputs + recurrent rule executor,synthetic_boolean_rules,gold,ood_test,8,11,answer_accuracy,1.0,200,results/evidence/hard_iit/trial_gold_ood_test.json,/factual/depth_8/answer/value,locked_test,fraction
hard_iit,gold rule inputs + recurrent rule executor,synthetic_boolean_rules,gold,ood_test,8,11,effectful_copy_cf_consistency,1.0,147,results/evidence/hard_iit/trial_gold_ood_test.json,/counterfactual/depth_8/effectful_copy/cf_consistency,locked_test,fraction
hard_iit,gold rule inputs + recurrent rule executor,synthetic_boolean_rules,gold,ood_test,8,11,effectful_noncopy_cf_consistency,1.0,144,results/evidence/hard_iit/trial_gold_ood_test.json,/counterfactual/depth_8/effectful_noncopy/cf_consistency,locked_test,fraction
hard_iit,gold rule inputs + recurrent rule executor,synthetic_boolean_rules,gold,ood_test,8,11,exact_program_accuracy,1.0,200,results/evidence/hard_iit/trial_gold_ood_test.json,/factual/depth_8/exact_program/value,locked_test,fraction
hard_iit,gold rule inputs + recurrent rule executor,synthetic_boolean_rules,gold,ood_test,8,11,exact_trajectory_accuracy,1.0,200,results/evidence/hard_iit/trial_gold_ood_test.json,/factual/depth_8/exact_trajectory/value,locked_test,fraction
hard_iit,gold rule inputs + recurrent rule executor,synthetic_boolean_rules,gold,ood_test,8,11,gate_accuracy,1.0,1600,results/evidence/hard_iit/trial_gold_ood_test.json,/factual/depth_8/gate/value,locked_test,fraction
hard_iit,gold rule inputs + recurrent rule executor,synthetic_boolean_rules,gold,ood_test,8,11,initial_state_accuracy,1.0,200,results/evidence/hard_iit/trial_gold_ood_test.json,/factual/depth_8/initial/value,locked_test,fraction
hard_iit,gold rule inputs + recurrent rule executor,synthetic_boolean_rules,gold,ood_test,8,11,operator_accuracy,1.0,1600,results/evidence/hard_iit/trial_gold_ood_test.json,/factual/depth_8/operator/value,locked_test,fraction
hard_iit,gold rule inputs + recurrent rule executor,synthetic_boolean_rules,gold,ood_test,all,11,active_gate_accuracy,1.0,3283,results/evidence/hard_iit/trial_gold_ood_test.json,/factual/all/active_gate/value,locked_test,fraction
hard_iit,gold rule inputs + recurrent rule executor,synthetic_boolean_rules,gold,ood_test,all,11,answer_accuracy,1.0,1000,results/evidence/hard_iit/trial_gold_ood_test.json,/factual/all/answer/value,locked_test,fraction
hard_iit,gold rule inputs + recurrent rule executor,synthetic_boolean_rules,gold,ood_test,all,11,effectful_copy_cf_consistency,1.0,677,results/evidence/hard_iit/trial_gold_ood_test.json,/counterfactual/all/effectful_copy/cf_consistency,locked_test,fraction
hard_iit,gold rule inputs + recurrent rule executor,synthetic_boolean_rules,gold,ood_test,all,11,effectful_noncopy_cf_consistency,1.0,589,results/evidence/hard_iit/trial_gold_ood_test.json,/counterfactual/all/effectful_noncopy/cf_consistency,locked_test,fraction
hard_iit,gold rule inputs + recurrent rule executor,synthetic_boolean_rules,gold,ood_test,all,11,exact_program_accuracy,1.0,1000,results/evidence/hard_iit/trial_gold_ood_test.json,/factual/all/exact_program/value,locked_test,fraction
hard_iit,gold rule inputs + recurrent rule executor,synthetic_boolean_rules,gold,ood_test,all,11,exact_trajectory_accuracy,1.0,1000,results/evidence/hard_iit/trial_gold_ood_test.json,/factual/all/exact_trajectory/value,locked_test,fraction
hard_iit,gold rule inputs + recurrent rule executor,synthetic_boolean_rules,gold,ood_test,all,11,gate_accuracy,1.0,6600,results/evidence/hard_iit/trial_gold_ood_test.json,/factual/all/gate/value,locked_test,fraction
hard_iit,gold rule inputs + recurrent rule executor,synthetic_boolean_rules,gold,ood_test,all,11,initial_state_accuracy,1.0,1000,results/evidence/hard_iit/trial_gold_ood_test.json,/factual/all/initial/value,locked_test,fraction
hard_iit,gold rule inputs + recurrent rule executor,synthetic_boolean_rules,gold,ood_test,all,11,operator_accuracy,1.0,6600,results/evidence/hard_iit/trial_gold_ood_test.json,/factual/all/operator/value,locked_test,fraction
hard_iit,Kev-0.8B + recurrent rule executor,synthetic_boolean_rules,r3,id_test,1,11,active_gate_accuracy,0.5524861878453039,181,results/evidence/hard_iit/trial_r3_id_test.json,/factual/depth_1/active_gate/value,locked_test,fraction
hard_iit,Kev-0.8B + recurrent rule executor,synthetic_boolean_rules,r3,id_test,1,11,answer_accuracy,0.5,334,results/evidence/hard_iit/trial_r3_id_test.json,/factual/depth_1/answer/value,locked_test,fraction
hard_iit,Kev-0.8B + recurrent rule executor,synthetic_boolean_rules,r3,id_test,1,11,exact_program_accuracy,0.07784431137724551,334,results/evidence/hard_iit/trial_r3_id_test.json,/factual/depth_1/exact_program/value,locked_test,fraction
hard_iit,Kev-0.8B + recurrent rule executor,synthetic_boolean_rules,r3,id_test,1,11,exact_trajectory_accuracy,0.3203592814371258,334,results/evidence/hard_iit/trial_r3_id_test.json,/factual/depth_1/exact_trajectory/value,locked_test,fraction
hard_iit,Kev-0.8B + recurrent rule executor,synthetic_boolean_rules,r3,id_test,1,11,gate_accuracy,0.2994011976047904,334,results/evidence/hard_iit/trial_r3_id_test.json,/factual/depth_1/gate/value,locked_test,fraction
hard_iit,Kev-0.8B + recurrent rule executor,synthetic_boolean_rules,r3,id_test,1,11,initial_state_accuracy,0.5089820359281437,334,results/evidence/hard_iit/trial_r3_id_test.json,/factual/depth_1/initial/value,locked_test,fraction
hard_iit,Kev-0.8B + recurrent rule executor,synthetic_boolean_rules,r3,id_test,1,11,operator_accuracy,0.24550898203592814,334,results/evidence/hard_iit/trial_r3_id_test.json,/factual/depth_1/operator/value,locked_test,fraction
hard_iit,Kev-0.8B + recurrent rule executor,synthetic_boolean_rules,r3,id_test,2,11,active_gate_accuracy,0.5617647058823529,340,results/evidence/hard_iit/trial_r3_id_test.json,/factual/depth_2/active_gate/value,locked_test,fraction
hard_iit,Kev-0.8B + recurrent rule executor,synthetic_boolean_rules,r3,id_test,2,11,answer_accuracy,0.5,334,results/evidence/hard_iit/trial_r3_id_test.json,/factual/depth_2/answer/value,locked_test,fraction
hard_iit,Kev-0.8B + recurrent rule executor,synthetic_boolean_rules,r3,id_test,2,11,exact_program_accuracy,0.017964071856287425,334,results/evidence/hard_iit/trial_r3_id_test.json,/factual/depth_2/exact_program/value,locked_test,fraction
hard_iit,Kev-0.8B + recurrent rule executor,synthetic_boolean_rules,r3,id_test,2,11,exact_trajectory_accuracy,0.2245508982035928,334,results/evidence/hard_iit/trial_r3_id_test.json,/factual/depth_2/exact_trajectory/value,locked_test,fraction
hard_iit,Kev-0.8B + recurrent rule executor,synthetic_boolean_rules,r3,id_test,2,11,gate_accuracy,0.28592814371257486,668,results/evidence/hard_iit/trial_r3_id_test.json,/factual/depth_2/gate/value,locked_test,fraction
hard_iit,Kev-0.8B + recurrent rule executor,synthetic_boolean_rules,r3,id_test,2,11,initial_state_accuracy,0.5209580838323353,334,results/evidence/hard_iit/trial_r3_id_test.json,/factual/depth_2/initial/value,locked_test,fraction
hard_iit,Kev-0.8B + recurrent rule executor,synthetic_boolean_rules,r3,id_test,2,11,operator_accuracy,0.2619760479041916,668,results/evidence/hard_iit/trial_r3_id_test.json,/factual/depth_2/operator/value,locked_test,fraction
hard_iit,Kev-0.8B + recurrent rule executor,synthetic_boolean_rules,r3,id_test,3,11,active_gate_accuracy,0.5201612903225806,496,results/evidence/hard_iit/trial_r3_id_test.json,/factual/depth_3/active_gate/value,locked_test,fraction
hard_iit,Kev-0.8B + recurrent rule executor,synthetic_boolean_rules,r3,id_test,3,11,answer_accuracy,0.5030120481927711,332,results/evidence/hard_iit/trial_r3_id_test.json,/factual/depth_3/answer/value,locked_test,fraction
hard_iit,Kev-0.8B + recurrent rule executor,synthetic_boolean_rules,r3,id_test,3,11,exact_program_accuracy,0.0,332,results/evidence/hard_iit/trial_r3_id_test.json,/factual/depth_3/exact_program/value,locked_test,fraction
hard_iit,Kev-0.8B + recurrent rule executor,synthetic_boolean_rules,r3,id_test,3,11,exact_trajectory_accuracy,0.12650602409638553,332,results/evidence/hard_iit/trial_r3_id_test.json,/factual/depth_3/exact_trajectory/value,locked_test,fraction
hard_iit,Kev-0.8B + recurrent rule executor,synthetic_boolean_rules,r3,id_test,3,11,gate_accuracy,0.25903614457831325,996,results/evidence/hard_iit/trial_r3_id_test.json,/factual/depth_3/gate/value,locked_test,fraction
hard_iit,Kev-0.8B + recurrent rule executor,synthetic_boolean_rules,r3,id_test,3,11,initial_state_accuracy,0.5512048192771084,332,results/evidence/hard_iit/trial_r3_id_test.json,/factual/depth_3/initial/value,locked_test,fraction
hard_iit,Kev-0.8B + recurrent rule executor,synthetic_boolean_rules,r3,id_test,3,11,operator_accuracy,0.26305220883534136,996,results/evidence/hard_iit/trial_r3_id_test.json,/factual/depth_3/operator/value,locked_test,fraction
hard_iit,Kev-0.8B + recurrent rule executor,synthetic_boolean_rules,r3,id_test,all,11,active_gate_accuracy,0.5398230088495575,1017,results/evidence/hard_iit/trial_r3_id_test.json,/factual/all/active_gate/value,locked_test,fraction
hard_iit,Kev-0.8B + recurrent rule executor,synthetic_boolean_rules,r3,id_test,all,11,answer_accuracy,0.501,1000,results/evidence/hard_iit/trial_r3_id_test.json,/factual/all/answer/value,locked_test,fraction
hard_iit,Kev-0.8B + recurrent rule executor,synthetic_boolean_rules,r3,id_test,all,11,effectful_copy_cf_consistency,0.4748603351955307,358,results/evidence/hard_iit/trial_r3_id_test.json,/counterfactual/all/effectful_copy/cf_consistency,locked_test,fraction
hard_iit,Kev-0.8B + recurrent rule executor,synthetic_boolean_rules,r3,id_test,all,11,effectful_noncopy_cf_consistency,0.46959459459459457,296,results/evidence/hard_iit/trial_r3_id_test.json,/counterfactual/all/effectful_noncopy/cf_consistency,locked_test,fraction
hard_iit,Kev-0.8B + recurrent rule executor,synthetic_boolean_rules,r3,id_test,all,11,exact_program_accuracy,0.032,1000,results/evidence/hard_iit/trial_r3_id_test.json,/factual/all/exact_program/value,locked_test,fraction
hard_iit,Kev-0.8B + recurrent rule executor,synthetic_boolean_rules,r3,id_test,all,11,exact_trajectory_accuracy,0.224,1000,results/evidence/hard_iit/trial_r3_id_test.json,/factual/all/exact_trajectory/value,locked_test,fraction
hard_iit,Kev-0.8B + recurrent rule executor,synthetic_boolean_rules,r3,id_test,all,11,gate_accuracy,0.2747747747747748,1998,results/evidence/hard_iit/trial_r3_id_test.json,/factual/all/gate/value,locked_test,fraction
hard_iit,Kev-0.8B + recurrent rule executor,synthetic_boolean_rules,r3,id_test,all,11,initial_state_accuracy,0.527,1000,results/evidence/hard_iit/trial_r3_id_test.json,/factual/all/initial/value,locked_test,fraction
hard_iit,Kev-0.8B + recurrent rule executor,synthetic_boolean_rules,r3,id_test,all,11,operator_accuracy,0.25975975975975973,1998,results/evidence/hard_iit/trial_r3_id_test.json,/factual/all/operator/value,locked_test,fraction
hard_iit,Kev-0.8B + recurrent rule executor,synthetic_boolean_rules,r3,ood_test,10,11,active_gate_accuracy,0.5014464802314368,1037,results/evidence/hard_iit/trial_r3_ood_test.json,/factual/depth_10/active_gate/value,locked_test,fraction
hard_iit,Kev-0.8B + recurrent rule executor,synthetic_boolean_rules,r3,ood_test,10,11,answer_accuracy,0.505,200,results/evidence/hard_iit/trial_r3_ood_test.json,/factual/depth_10/answer/value,locked_test,fraction
hard_iit,Kev-0.8B + recurrent rule executor,synthetic_boolean_rules,r3,ood_test,10,11,effectful_copy_cf_consistency,0.4260355029585799,169,results/evidence/hard_iit/trial_r3_ood_test.json,/counterfactual/depth_10/effectful_copy/cf_consistency,locked_test,fraction
hard_iit,Kev-0.8B + recurrent rule executor,synthetic_boolean_rules,r3,ood_test,10,11,effectful_noncopy_cf_consistency,0.5447154471544715,123,results/evidence/hard_iit/trial_r3_ood_test.json,/counterfactual/depth_10/effectful_noncopy/cf_consistency,locked_test,fraction
hard_iit,Kev-0.8B + recurrent rule executor,synthetic_boolean_rules,r3,ood_test,10,11,exact_program_accuracy,0.0,200,results/evidence/hard_iit/trial_r3_ood_test.json,/factual/depth_10/exact_program/value,locked_test,fraction
hard_iit,Kev-0.8B + recurrent rule executor,synthetic_boolean_rules,r3,ood_test,10,11,exact_trajectory_accuracy,0.005,200,results/evidence/hard_iit/trial_r3_ood_test.json,/factual/depth_10/exact_trajectory/value,locked_test,fraction
hard_iit,Kev-0.8B + recurrent rule executor,synthetic_boolean_rules,r3,ood_test,10,11,gate_accuracy,0.26,2000,results/evidence/hard_iit/trial_r3_ood_test.json,/factual/depth_10/gate/value,locked_test,fraction
hard_iit,Kev-0.8B + recurrent rule executor,synthetic_boolean_rules,r3,ood_test,10,11,initial_state_accuracy,0.505,200,results/evidence/hard_iit/trial_r3_ood_test.json,/factual/depth_10/initial/value,locked_test,fraction
hard_iit,Kev-0.8B + recurrent rule executor,synthetic_boolean_rules,r3,ood_test,10,11,operator_accuracy,0.2495,2000,results/evidence/hard_iit/trial_r3_ood_test.json,/factual/depth_10/operator/value,locked_test,fraction
hard_iit,Kev-0.8B + recurrent rule executor,synthetic_boolean_rules,r3,ood_test,4,11,active_gate_accuracy,0.4877450980392157,408,results/evidence/hard_iit/trial_r3_ood_test.json,/factual/depth_4/active_gate/value,locked_test,fraction
hard_iit,Kev-0.8B + recurrent rule executor,synthetic_boolean_rules,r3,ood_test,4,11,answer_accuracy,0.505,200,results/evidence/hard_iit/trial_r3_ood_test.json,/factual/depth_4/answer/value,locked_test,fraction
hard_iit,Kev-0.8B + recurrent rule executor,synthetic_boolean_rules,r3,ood_test,4,11,effectful_copy_cf_consistency,0.5104166666666666,96,results/evidence/hard_iit/trial_r3_ood_test.json,/counterfactual/depth_4/effectful_copy/cf_consistency,locked_test,fraction
hard_iit,Kev-0.8B + recurrent rule executor,synthetic_boolean_rules,r3,ood_test,4,11,effectful_noncopy_cf_consistency,0.6021505376344086,93,results/evidence/hard_iit/trial_r3_ood_test.json,/counterfactual/depth_4/effectful_noncopy/cf_consistency,locked_test,fraction
hard_iit,Kev-0.8B + recurrent rule executor,synthetic_boolean_rules,r3,ood_test,4,11,exact_program_accuracy,0.0,200,results/evidence/hard_iit/trial_r3_ood_test.json,/factual/depth_4/exact_program/value,locked_test,fraction
hard_iit,Kev-0.8B + recurrent rule executor,synthetic_boolean_rules,r3,ood_test,4,11,exact_trajectory_accuracy,0.06,200,results/evidence/hard_iit/trial_r3_ood_test.json,/factual/depth_4/exact_trajectory/value,locked_test,fraction
hard_iit,Kev-0.8B + recurrent rule executor,synthetic_boolean_rules,r3,ood_test,4,11,gate_accuracy,0.24875,800,results/evidence/hard_iit/trial_r3_ood_test.json,/factual/depth_4/gate/value,locked_test,fraction
hard_iit,Kev-0.8B + recurrent rule executor,synthetic_boolean_rules,r3,ood_test,4,11,initial_state_accuracy,0.475,200,results/evidence/hard_iit/trial_r3_ood_test.json,/factual/depth_4/initial/value,locked_test,fraction
hard_iit,Kev-0.8B + recurrent rule executor,synthetic_boolean_rules,r3,ood_test,4,11,operator_accuracy,0.2475,800,results/evidence/hard_iit/trial_r3_ood_test.json,/factual/depth_4/operator/value,locked_test,fraction
hard_iit,Kev-0.8B + recurrent rule executor,synthetic_boolean_rules,r3,ood_test,5,11,active_gate_accuracy,0.4888888888888889,495,results/evidence/hard_iit/trial_r3_ood_test.json,/factual/depth_5/active_gate/value,locked_test,fraction
hard_iit,Kev-0.8B + recurrent rule executor,synthetic_boolean_rules,r3,ood_test,5,11,answer_accuracy,0.5,200,results/evidence/hard_iit/trial_r3_ood_test.json,/factual/depth_5/answer/value,locked_test,fraction
hard_iit,Kev-0.8B + recurrent rule executor,synthetic_boolean_rules,r3,ood_test,5,11,effectful_copy_cf_consistency,0.5972222222222222,144,results/evidence/hard_iit/trial_r3_ood_test.json,/counterfactual/depth_5/effectful_copy/cf_consistency,locked_test,fraction
hard_iit,Kev-0.8B + recurrent rule executor,synthetic_boolean_rules,r3,ood_test,5,11,effectful_noncopy_cf_consistency,0.4942528735632184,87,results/evidence/hard_iit/trial_r3_ood_test.json,/counterfactual/depth_5/effectful_noncopy/cf_consistency,locked_test,fraction
hard_iit,Kev-0.8B + recurrent rule executor,synthetic_boolean_rules,r3,ood_test,5,11,exact_program_accuracy,0.0,200,results/evidence/hard_iit/trial_r3_ood_test.json,/factual/depth_5/exact_program/value,locked_test,fraction
hard_iit,Kev-0.8B + recurrent rule executor,synthetic_boolean_rules,r3,ood_test,5,11,exact_trajectory_accuracy,0.05,200,results/evidence/hard_iit/trial_r3_ood_test.json,/factual/depth_5/exact_trajectory/value,locked_test,fraction
hard_iit,Kev-0.8B + recurrent rule executor,synthetic_boolean_rules,r3,ood_test,5,11,gate_accuracy,0.242,1000,results/evidence/hard_iit/trial_r3_ood_test.json,/factual/depth_5/gate/value,locked_test,fraction
hard_iit,Kev-0.8B + recurrent rule executor,synthetic_boolean_rules,r3,ood_test,5,11,initial_state_accuracy,0.49,200,results/evidence/hard_iit/trial_r3_ood_test.json,/factual/depth_5/initial/value,locked_test,fraction
hard_iit,Kev-0.8B + recurrent rule executor,synthetic_boolean_rules,r3,ood_test,5,11,operator_accuracy,0.234,1000,results/evidence/hard_iit/trial_r3_ood_test.json,/factual/depth_5/operator/value,locked_test,fraction
hard_iit,Kev-0.8B + recurrent rule executor,synthetic_boolean_rules,r3,ood_test,6,11,active_gate_accuracy,0.491588785046729,535,results/evidence/hard_iit/trial_r3_ood_test.json,/factual/depth_6/active_gate/value,locked_test,fraction
hard_iit,Kev-0.8B + recurrent rule executor,synthetic_boolean_rules,r3,ood_test,6,11,answer_accuracy,0.505,200,results/evidence/hard_iit/trial_r3_ood_test.json,/factual/depth_6/answer/value,locked_test,fraction
hard_iit,Kev-0.8B + recurrent rule executor,synthetic_boolean_rules,r3,ood_test,6,11,effectful_copy_cf_consistency,0.6198347107438017,121,results/evidence/hard_iit/trial_r3_ood_test.json,/counterfactual/depth_6/effectful_copy/cf_consistency,locked_test,fraction
hard_iit,Kev-0.8B + recurrent rule executor,synthetic_boolean_rules,r3,ood_test,6,11,effectful_noncopy_cf_consistency,0.4647887323943662,142,results/evidence/hard_iit/trial_r3_ood_test.json,/counterfactual/depth_6/effectful_noncopy/cf_consistency,locked_test,fraction
hard_iit,Kev-0.8B + recurrent rule executor,synthetic_boolean_rules,r3,ood_test,6,11,exact_program_accuracy,0.0,200,results/evidence/hard_iit/trial_r3_ood_test.json,/factual/depth_6/exact_program/value,locked_test,fraction
hard_iit,Kev-0.8B + recurrent rule executor,synthetic_boolean_rules,r3,ood_test,6,11,exact_trajectory_accuracy,0.035,200,results/evidence/hard_iit/trial_r3_ood_test.json,/factual/depth_6/exact_trajectory/value,locked_test,fraction
hard_iit,Kev-0.8B + recurrent rule executor,synthetic_boolean_rules,r3,ood_test,6,11,gate_accuracy,0.21916666666666668,1200,results/evidence/hard_iit/trial_r3_ood_test.json,/factual/depth_6/gate/value,locked_test,fraction
hard_iit,Kev-0.8B + recurrent rule executor,synthetic_boolean_rules,r3,ood_test,6,11,initial_state_accuracy,0.495,200,results/evidence/hard_iit/trial_r3_ood_test.json,/factual/depth_6/initial/value,locked_test,fraction
hard_iit,Kev-0.8B + recurrent rule executor,synthetic_boolean_rules,r3,ood_test,6,11,operator_accuracy,0.23166666666666666,1200,results/evidence/hard_iit/trial_r3_ood_test.json,/factual/depth_6/operator/value,locked_test,fraction
hard_iit,Kev-0.8B + recurrent rule executor,synthetic_boolean_rules,r3,ood_test,"6,8,10",11,active_gate_accuracy,0.4907563025210084,2380,results/evidence/hard_iit/trial_r3_ood_test.json,/factual/depth_6_8_10/active_gate/value,locked_test,fraction
hard_iit,Kev-0.8B + recurrent rule executor,synthetic_boolean_rules,r3,ood_test,"6,8,10",11,answer_accuracy,0.505,600,results/evidence/hard_iit/trial_r3_ood_test.json,/factual/depth_6_8_10/answer/value,locked_test,fraction
hard_iit,Kev-0.8B + recurrent rule executor,synthetic_boolean_rules,r3,ood_test,"6,8,10",11,exact_program_accuracy,0.0,600,results/evidence/hard_iit/trial_r3_ood_test.json,/factual/depth_6_8_10/exact_program/value,locked_test,fraction
hard_iit,Kev-0.8B + recurrent rule executor,synthetic_boolean_rules,r3,ood_test,"6,8,10",11,exact_trajectory_accuracy,0.021666666666666667,600,results/evidence/hard_iit/trial_r3_ood_test.json,/factual/depth_6_8_10/exact_trajectory/value,locked_test,fraction
hard_iit,Kev-0.8B + recurrent rule executor,synthetic_boolean_rules,r3,ood_test,"6,8,10",11,gate_accuracy,0.24333333333333335,4800,results/evidence/hard_iit/trial_r3_ood_test.json,/factual/depth_6_8_10/gate/value,locked_test,fraction
hard_iit,Kev-0.8B + recurrent rule executor,synthetic_boolean_rules,r3,ood_test,"6,8,10",11,initial_state_accuracy,0.505,600,results/evidence/hard_iit/trial_r3_ood_test.json,/factual/depth_6_8_10/initial/value,locked_test,fraction
hard_iit,Kev-0.8B + recurrent rule executor,synthetic_boolean_rules,r3,ood_test,"6,8,10",11,operator_accuracy,0.250625,4800,results/evidence/hard_iit/trial_r3_ood_test.json,/factual/depth_6_8_10/operator/value,locked_test,fraction
hard_iit,Kev-0.8B + recurrent rule executor,synthetic_boolean_rules,r3,ood_test,8,11,active_gate_accuracy,0.47648514851485146,808,results/evidence/hard_iit/trial_r3_ood_test.json,/factual/depth_8/active_gate/value,locked_test,fraction
hard_iit,Kev-0.8B + recurrent rule executor,synthetic_boolean_rules,r3,ood_test,8,11,answer_accuracy,0.505,200,results/evidence/hard_iit/trial_r3_ood_test.json,/factual/depth_8/answer/value,locked_test,fraction
hard_iit,Kev-0.8B + recurrent rule executor,synthetic_boolean_rules,r3,ood_test,8,11,effectful_copy_cf_consistency,0.5238095238095238,147,results/evidence/hard_iit/trial_r3_ood_test.json,/counterfactual/depth_8/effectful_copy/cf_consistency,locked_test,fraction
hard_iit,Kev-0.8B + recurrent rule executor,synthetic_boolean_rules,r3,ood_test,8,11,effectful_noncopy_cf_consistency,0.5347222222222222,144,results/evidence/hard_iit/trial_r3_ood_test.json,/counterfactual/depth_8/effectful_noncopy/cf_consistency,locked_test,fraction
hard_iit,Kev-0.8B + recurrent rule executor,synthetic_boolean_rules,r3,ood_test,8,11,exact_program_accuracy,0.0,200,results/evidence/hard_iit/trial_r3_ood_test.json,/factual/depth_8/exact_program/value,locked_test,fraction
hard_iit,Kev-0.8B + recurrent rule executor,synthetic_boolean_rules,r3,ood_test,8,11,exact_trajectory_accuracy,0.025,200,results/evidence/hard_iit/trial_r3_ood_test.json,/factual/depth_8/exact_trajectory/value,locked_test,fraction
hard_iit,Kev-0.8B + recurrent rule executor,synthetic_boolean_rules,r3,ood_test,8,11,gate_accuracy,0.240625,1600,results/evidence/hard_iit/trial_r3_ood_test.json,/factual/depth_8/gate/value,locked_test,fraction
hard_iit,Kev-0.8B + recurrent rule executor,synthetic_boolean_rules,r3,ood_test,8,11,initial_state_accuracy,0.515,200,results/evidence/hard_iit/trial_r3_ood_test.json,/factual/depth_8/initial/value,locked_test,fraction
hard_iit,Kev-0.8B + recurrent rule executor,synthetic_boolean_rules,r3,ood_test,8,11,operator_accuracy,0.26625,1600,results/evidence/hard_iit/trial_r3_ood_test.json,/factual/depth_8/operator/value,locked_test,fraction
hard_iit,Kev-0.8B + recurrent rule executor,synthetic_boolean_rules,r3,ood_test,all,11,active_gate_accuracy,0.49010051781906794,3283,results/evidence/hard_iit/trial_r3_ood_test.json,/factual/all/active_gate/value,locked_test,fraction
hard_iit,Kev-0.8B + recurrent rule executor,synthetic_boolean_rules,r3,ood_test,all,11,answer_accuracy,0.504,1000,results/evidence/hard_iit/trial_r3_ood_test.json,/factual/all/answer/value,locked_test,fraction
hard_iit,Kev-0.8B + recurrent rule executor,synthetic_boolean_rules,r3,ood_test,all,11,effectful_copy_cf_consistency,0.5302806499261448,677,results/evidence/hard_iit/trial_r3_ood_test.json,/counterfactual/all/effectful_copy/cf_consistency,locked_test,fraction
hard_iit,Kev-0.8B + recurrent rule executor,synthetic_boolean_rules,r3,ood_test,all,11,effectful_noncopy_cf_consistency,0.5246179966044142,589,results/evidence/hard_iit/trial_r3_ood_test.json,/counterfactual/all/effectful_noncopy/cf_consistency,locked_test,fraction
hard_iit,Kev-0.8B + recurrent rule executor,synthetic_boolean_rules,r3,ood_test,all,11,exact_program_accuracy,0.0,1000,results/evidence/hard_iit/trial_r3_ood_test.json,/factual/all/exact_program/value,locked_test,fraction
hard_iit,Kev-0.8B + recurrent rule executor,synthetic_boolean_rules,r3,ood_test,all,11,exact_trajectory_accuracy,0.035,1000,results/evidence/hard_iit/trial_r3_ood_test.json,/factual/all/exact_trajectory/value,locked_test,fraction
hard_iit,Kev-0.8B + recurrent rule executor,synthetic_boolean_rules,r3,ood_test,all,11,gate_accuracy,0.24378787878787878,6600,results/evidence/hard_iit/trial_r3_ood_test.json,/factual/all/gate/value,locked_test,fraction
hard_iit,Kev-0.8B + recurrent rule executor,synthetic_boolean_rules,r3,ood_test,all,11,initial_state_accuracy,0.496,1000,results/evidence/hard_iit/trial_r3_ood_test.json,/factual/all/initial/value,locked_test,fraction
hard_iit,Kev-0.8B + recurrent rule executor,synthetic_boolean_rules,r3,ood_test,all,11,operator_accuracy,0.24772727272727274,6600,results/evidence/hard_iit/trial_r3_ood_test.json,/factual/all/operator/value,locked_test,fraction
hard_iit,Kev-0.8B + recurrent rule executor,synthetic_boolean_rules,r3,val,1,11,answer_accuracy,0.5029940119760479,334,results/evidence/hard_iit/trial_r3_selection.json,/best_metrics/factual/depth_1/answer/value,development_selection,fraction
hard_iit,Kev-0.8B + recurrent rule executor,synthetic_boolean_rules,r3,val,2,11,answer_accuracy,0.5,334,results/evidence/hard_iit/trial_r3_selection.json,/best_metrics/factual/depth_2/answer/value,development_selection,fraction
hard_iit,Kev-0.8B + recurrent rule executor,synthetic_boolean_rules,r3,val,3,11,answer_accuracy,0.5,332,results/evidence/hard_iit/trial_r3_selection.json,/best_metrics/factual/depth_3/answer/value,development_selection,fraction
hard_iit,Kev-0.8B + recurrent rule executor,synthetic_boolean_rules,r3,val,all,11,answer_accuracy,0.501,1000,results/evidence/hard_iit/trial_r3_selection.json,/best_metrics/factual/all/answer/value,development_selection,fraction
hard_iit,Kev-0.8B + recurrent rule executor,synthetic_boolean_rules,r3_iit,id_test,1,11,active_gate_accuracy,1.0,181,results/evidence/hard_iit/trial_r3_iit_id_test.json,/factual/depth_1/active_gate/value,locked_test,fraction
hard_iit,Kev-0.8B + recurrent rule executor,synthetic_boolean_rules,r3_iit,id_test,1,11,answer_accuracy,1.0,334,results/evidence/hard_iit/trial_r3_iit_id_test.json,/factual/depth_1/answer/value,locked_test,fraction
hard_iit,Kev-0.8B + recurrent rule executor,synthetic_boolean_rules,r3_iit,id_test,1,11,exact_program_accuracy,1.0,334,results/evidence/hard_iit/trial_r3_iit_id_test.json,/factual/depth_1/exact_program/value,locked_test,fraction
hard_iit,Kev-0.8B + recurrent rule executor,synthetic_boolean_rules,r3_iit,id_test,1,11,exact_trajectory_accuracy,1.0,334,results/evidence/hard_iit/trial_r3_iit_id_test.json,/factual/depth_1/exact_trajectory/value,locked_test,fraction
hard_iit,Kev-0.8B + recurrent rule executor,synthetic_boolean_rules,r3_iit,id_test,1,11,gate_accuracy,1.0,334,results/evidence/hard_iit/trial_r3_iit_id_test.json,/factual/depth_1/gate/value,locked_test,fraction
hard_iit,Kev-0.8B + recurrent rule executor,synthetic_boolean_rules,r3_iit,id_test,1,11,initial_state_accuracy,1.0,334,results/evidence/hard_iit/trial_r3_iit_id_test.json,/factual/depth_1/initial/value,locked_test,fraction
hard_iit,Kev-0.8B + recurrent rule executor,synthetic_boolean_rules,r3_iit,id_test,1,11,operator_accuracy,1.0,334,results/evidence/hard_iit/trial_r3_iit_id_test.json,/factual/depth_1/operator/value,locked_test,fraction
hard_iit,Kev-0.8B + recurrent rule executor,synthetic_boolean_rules,r3_iit,id_test,2,11,active_gate_accuracy,1.0,340,results/evidence/hard_iit/trial_r3_iit_id_test.json,/factual/depth_2/active_gate/value,locked_test,fraction
hard_iit,Kev-0.8B + recurrent rule executor,synthetic_boolean_rules,r3_iit,id_test,2,11,answer_accuracy,1.0,334,results/evidence/hard_iit/trial_r3_iit_id_test.json,/factual/depth_2/answer/value,locked_test,fraction
hard_iit,Kev-0.8B + recurrent rule executor,synthetic_boolean_rules,r3_iit,id_test,2,11,exact_program_accuracy,1.0,334,results/evidence/hard_iit/trial_r3_iit_id_test.json,/factual/depth_2/exact_program/value,locked_test,fraction
hard_iit,Kev-0.8B + recurrent rule executor,synthetic_boolean_rules,r3_iit,id_test,2,11,exact_trajectory_accuracy,1.0,334,results/evidence/hard_iit/trial_r3_iit_id_test.json,/factual/depth_2/exact_trajectory/value,locked_test,fraction
hard_iit,Kev-0.8B + recurrent rule executor,synthetic_boolean_rules,r3_iit,id_test,2,11,gate_accuracy,1.0,668,results/evidence/hard_iit/trial_r3_iit_id_test.json,/factual/depth_2/gate/value,locked_test,fraction
hard_iit,Kev-0.8B + recurrent rule executor,synthetic_boolean_rules,r3_iit,id_test,2,11,initial_state_accuracy,1.0,334,results/evidence/hard_iit/trial_r3_iit_id_test.json,/factual/depth_2/initial/value,locked_test,fraction
hard_iit,Kev-0.8B + recurrent rule executor,synthetic_boolean_rules,r3_iit,id_test,2,11,operator_accuracy,1.0,668,results/evidence/hard_iit/trial_r3_iit_id_test.json,/factual/depth_2/operator/value,locked_test,fraction
hard_iit,Kev-0.8B + recurrent rule executor,synthetic_boolean_rules,r3_iit,id_test,3,11,active_gate_accuracy,1.0,496,results/evidence/hard_iit/trial_r3_iit_id_test.json,/factual/depth_3/active_gate/value,locked_test,fraction
hard_iit,Kev-0.8B + recurrent rule executor,synthetic_boolean_rules,r3_iit,id_test,3,11,answer_accuracy,1.0,332,results/evidence/hard_iit/trial_r3_iit_id_test.json,/factual/depth_3/answer/value,locked_test,fraction
hard_iit,Kev-0.8B + recurrent rule executor,synthetic_boolean_rules,r3_iit,id_test,3,11,exact_program_accuracy,1.0,332,results/evidence/hard_iit/trial_r3_iit_id_test.json,/factual/depth_3/exact_program/value,locked_test,fraction
hard_iit,Kev-0.8B + recurrent rule executor,synthetic_boolean_rules,r3_iit,id_test,3,11,exact_trajectory_accuracy,1.0,332,results/evidence/hard_iit/trial_r3_iit_id_test.json,/factual/depth_3/exact_trajectory/value,locked_test,fraction
hard_iit,Kev-0.8B + recurrent rule executor,synthetic_boolean_rules,r3_iit,id_test,3,11,gate_accuracy,1.0,996,results/evidence/hard_iit/trial_r3_iit_id_test.json,/factual/depth_3/gate/value,locked_test,fraction
hard_iit,Kev-0.8B + recurrent rule executor,synthetic_boolean_rules,r3_iit,id_test,3,11,initial_state_accuracy,1.0,332,results/evidence/hard_iit/trial_r3_iit_id_test.json,/factual/depth_3/initial/value,locked_test,fraction
hard_iit,Kev-0.8B + recurrent rule executor,synthetic_boolean_rules,r3_iit,id_test,3,11,operator_accuracy,1.0,996,results/evidence/hard_iit/trial_r3_iit_id_test.json,/factual/depth_3/operator/value,locked_test,fraction
hard_iit,Kev-0.8B + recurrent rule executor,synthetic_boolean_rules,r3_iit,id_test,all,11,active_gate_accuracy,1.0,1017,results/evidence/hard_iit/trial_r3_iit_id_test.json,/factual/all/active_gate/value,locked_test,fraction
hard_iit,Kev-0.8B + recurrent rule executor,synthetic_boolean_rules,r3_iit,id_test,all,11,answer_accuracy,1.0,1000,results/evidence/hard_iit/trial_r3_iit_id_test.json,/factual/all/answer/value,locked_test,fraction
hard_iit,Kev-0.8B + recurrent rule executor,synthetic_boolean_rules,r3_iit,id_test,all,11,effectful_copy_cf_consistency,1.0,358,results/evidence/hard_iit/trial_r3_iit_id_test.json,/counterfactual/all/effectful_copy/cf_consistency,locked_test,fraction
hard_iit,Kev-0.8B + recurrent rule executor,synthetic_boolean_rules,r3_iit,id_test,all,11,effectful_noncopy_cf_consistency,1.0,296,results/evidence/hard_iit/trial_r3_iit_id_test.json,/counterfactual/all/effectful_noncopy/cf_consistency,locked_test,fraction
hard_iit,Kev-0.8B + recurrent rule executor,synthetic_boolean_rules,r3_iit,id_test,all,11,exact_program_accuracy,1.0,1000,results/evidence/hard_iit/trial_r3_iit_id_test.json,/factual/all/exact_program/value,locked_test,fraction
hard_iit,Kev-0.8B + recurrent rule executor,synthetic_boolean_rules,r3_iit,id_test,all,11,exact_trajectory_accuracy,1.0,1000,results/evidence/hard_iit/trial_r3_iit_id_test.json,/factual/all/exact_trajectory/value,locked_test,fraction
hard_iit,Kev-0.8B + recurrent rule executor,synthetic_boolean_rules,r3_iit,id_test,all,11,gate_accuracy,1.0,1998,results/evidence/hard_iit/trial_r3_iit_id_test.json,/factual/all/gate/value,locked_test,fraction
hard_iit,Kev-0.8B + recurrent rule executor,synthetic_boolean_rules,r3_iit,id_test,all,11,initial_state_accuracy,1.0,1000,results/evidence/hard_iit/trial_r3_iit_id_test.json,/factual/all/initial/value,locked_test,fraction
hard_iit,Kev-0.8B + recurrent rule executor,synthetic_boolean_rules,r3_iit,id_test,all,11,operator_accuracy,1.0,1998,results/evidence/hard_iit/trial_r3_iit_id_test.json,/factual/all/operator/value,locked_test,fraction
hard_iit,Kev-0.8B + recurrent rule executor,synthetic_boolean_rules,r3_iit,ood_test,10,11,active_gate_accuracy,0.9990356798457087,1037,results/evidence/hard_iit/trial_r3_iit_ood_test.json,/factual/depth_10/active_gate/value,locked_test,fraction
hard_iit,Kev-0.8B + recurrent rule executor,synthetic_boolean_rules,r3_iit,ood_test,10,11,answer_accuracy,1.0,200,results/evidence/hard_iit/trial_r3_iit_ood_test.json,/factual/depth_10/answer/value,locked_test,fraction
hard_iit,Kev-0.8B + recurrent rule executor,synthetic_boolean_rules,r3_iit,ood_test,10,11,effectful_copy_cf_consistency,1.0,169,results/evidence/hard_iit/trial_r3_iit_ood_test.json,/counterfactual/depth_10/effectful_copy/cf_consistency,locked_test,fraction
hard_iit,Kev-0.8B + recurrent rule executor,synthetic_boolean_rules,r3_iit,ood_test,10,11,effectful_noncopy_cf_consistency,0.991869918699187,123,results/evidence/hard_iit/trial_r3_iit_ood_test.json,/counterfactual/depth_10/effectful_noncopy/cf_consistency,locked_test,fraction
hard_iit,Kev-0.8B + recurrent rule executor,synthetic_boolean_rules,r3_iit,ood_test,10,11,exact_program_accuracy,0.995,200,results/evidence/hard_iit/trial_r3_iit_ood_test.json,/factual/depth_10/exact_program/value,locked_test,fraction
hard_iit,Kev-0.8B + recurrent rule executor,synthetic_boolean_rules,r3_iit,ood_test,10,11,exact_trajectory_accuracy,1.0,200,results/evidence/hard_iit/trial_r3_iit_ood_test.json,/factual/depth_10/exact_trajectory/value,locked_test,fraction
hard_iit,Kev-0.8B + recurrent rule executor,synthetic_boolean_rules,r3_iit,ood_test,10,11,gate_accuracy,0.9995,2000,results/evidence/hard_iit/trial_r3_iit_ood_test.json,/factual/depth_10/gate/value,locked_test,fraction
hard_iit,Kev-0.8B + recurrent rule executor,synthetic_boolean_rules,r3_iit,ood_test,10,11,initial_state_accuracy,1.0,200,results/evidence/hard_iit/trial_r3_iit_ood_test.json,/factual/depth_10/initial/value,locked_test,fraction
hard_iit,Kev-0.8B + recurrent rule executor,synthetic_boolean_rules,r3_iit,ood_test,10,11,operator_accuracy,1.0,2000,results/evidence/hard_iit/trial_r3_iit_ood_test.json,/factual/depth_10/operator/value,locked_test,fraction
hard_iit,Kev-0.8B + recurrent rule executor,synthetic_boolean_rules,r3_iit,ood_test,4,11,active_gate_accuracy,1.0,408,results/evidence/hard_iit/trial_r3_iit_ood_test.json,/factual/depth_4/active_gate/value,locked_test,fraction
hard_iit,Kev-0.8B + recurrent rule executor,synthetic_boolean_rules,r3_iit,ood_test,4,11,answer_accuracy,1.0,200,results/evidence/hard_iit/trial_r3_iit_ood_test.json,/factual/depth_4/answer/value,locked_test,fraction
hard_iit,Kev-0.8B + recurrent rule executor,synthetic_boolean_rules,r3_iit,ood_test,4,11,effectful_copy_cf_consistency,1.0,96,results/evidence/hard_iit/trial_r3_iit_ood_test.json,/counterfactual/depth_4/effectful_copy/cf_consistency,locked_test,fraction
hard_iit,Kev-0.8B + recurrent rule executor,synthetic_boolean_rules,r3_iit,ood_test,4,11,effectful_noncopy_cf_consistency,1.0,93,results/evidence/hard_iit/trial_r3_iit_ood_test.json,/counterfactual/depth_4/effectful_noncopy/cf_consistency,locked_test,fraction
hard_iit,Kev-0.8B + recurrent rule executor,synthetic_boolean_rules,r3_iit,ood_test,4,11,exact_program_accuracy,1.0,200,results/evidence/hard_iit/trial_r3_iit_ood_test.json,/factual/depth_4/exact_program/value,locked_test,fraction
hard_iit,Kev-0.8B + recurrent rule executor,synthetic_boolean_rules,r3_iit,ood_test,4,11,exact_trajectory_accuracy,1.0,200,results/evidence/hard_iit/trial_r3_iit_ood_test.json,/factual/depth_4/exact_trajectory/value,locked_test,fraction
hard_iit,Kev-0.8B + recurrent rule executor,synthetic_boolean_rules,r3_iit,ood_test,4,11,gate_accuracy,1.0,800,results/evidence/hard_iit/trial_r3_iit_ood_test.json,/factual/depth_4/gate/value,locked_test,fraction
hard_iit,Kev-0.8B + recurrent rule executor,synthetic_boolean_rules,r3_iit,ood_test,4,11,initial_state_accuracy,1.0,200,results/evidence/hard_iit/trial_r3_iit_ood_test.json,/factual/depth_4/initial/value,locked_test,fraction
hard_iit,Kev-0.8B + recurrent rule executor,synthetic_boolean_rules,r3_iit,ood_test,4,11,operator_accuracy,1.0,800,results/evidence/hard_iit/trial_r3_iit_ood_test.json,/factual/depth_4/operator/value,locked_test,fraction
hard_iit,Kev-0.8B + recurrent rule executor,synthetic_boolean_rules,r3_iit,ood_test,5,11,active_gate_accuracy,1.0,495,results/evidence/hard_iit/trial_r3_iit_ood_test.json,/factual/depth_5/active_gate/value,locked_test,fraction
hard_iit,Kev-0.8B + recurrent rule executor,synthetic_boolean_rules,r3_iit,ood_test,5,11,answer_accuracy,1.0,200,results/evidence/hard_iit/trial_r3_iit_ood_test.json,/factual/depth_5/answer/value,locked_test,fraction
hard_iit,Kev-0.8B + recurrent rule executor,synthetic_boolean_rules,r3_iit,ood_test,5,11,effectful_copy_cf_consistency,1.0,144,results/evidence/hard_iit/trial_r3_iit_ood_test.json,/counterfactual/depth_5/effectful_copy/cf_consistency,locked_test,fraction
hard_iit,Kev-0.8B + recurrent rule executor,synthetic_boolean_rules,r3_iit,ood_test,5,11,effectful_noncopy_cf_consistency,1.0,87,results/evidence/hard_iit/trial_r3_iit_ood_test.json,/counterfactual/depth_5/effectful_noncopy/cf_consistency,locked_test,fraction
hard_iit,Kev-0.8B + recurrent rule executor,synthetic_boolean_rules,r3_iit,ood_test,5,11,exact_program_accuracy,1.0,200,results/evidence/hard_iit/trial_r3_iit_ood_test.json,/factual/depth_5/exact_program/value,locked_test,fraction
hard_iit,Kev-0.8B + recurrent rule executor,synthetic_boolean_rules,r3_iit,ood_test,5,11,exact_trajectory_accuracy,1.0,200,results/evidence/hard_iit/trial_r3_iit_ood_test.json,/factual/depth_5/exact_trajectory/value,locked_test,fraction
hard_iit,Kev-0.8B + recurrent rule executor,synthetic_boolean_rules,r3_iit,ood_test,5,11,gate_accuracy,1.0,1000,results/evidence/hard_iit/trial_r3_iit_ood_test.json,/factual/depth_5/gate/value,locked_test,fraction
hard_iit,Kev-0.8B + recurrent rule executor,synthetic_boolean_rules,r3_iit,ood_test,5,11,initial_state_accuracy,1.0,200,results/evidence/hard_iit/trial_r3_iit_ood_test.json,/factual/depth_5/initial/value,locked_test,fraction
hard_iit,Kev-0.8B + recurrent rule executor,synthetic_boolean_rules,r3_iit,ood_test,5,11,operator_accuracy,1.0,1000,results/evidence/hard_iit/trial_r3_iit_ood_test.json,/factual/depth_5/operator/value,locked_test,fraction
hard_iit,Kev-0.8B + recurrent rule executor,synthetic_boolean_rules,r3_iit,ood_test,6,11,active_gate_accuracy,1.0,535,results/evidence/hard_iit/trial_r3_iit_ood_test.json,/factual/depth_6/active_gate/value,locked_test,fraction
hard_iit,Kev-0.8B + recurrent rule executor,synthetic_boolean_rules,r3_iit,ood_test,6,11,answer_accuracy,1.0,200,results/evidence/hard_iit/trial_r3_iit_ood_test.json,/factual/depth_6/answer/value,locked_test,fraction
hard_iit,Kev-0.8B + recurrent rule executor,synthetic_boolean_rules,r3_iit,ood_test,6,11,effectful_copy_cf_consistency,1.0,121,results/evidence/hard_iit/trial_r3_iit_ood_test.json,/counterfactual/depth_6/effectful_copy/cf_consistency,locked_test,fraction
hard_iit,Kev-0.8B + recurrent rule executor,synthetic_boolean_rules,r3_iit,ood_test,6,11,effectful_noncopy_cf_consistency,1.0,142,results/evidence/hard_iit/trial_r3_iit_ood_test.json,/counterfactual/depth_6/effectful_noncopy/cf_consistency,locked_test,fraction
hard_iit,Kev-0.8B + recurrent rule executor,synthetic_boolean_rules,r3_iit,ood_test,6,11,exact_program_accuracy,1.0,200,results/evidence/hard_iit/trial_r3_iit_ood_test.json,/factual/depth_6/exact_program/value,locked_test,fraction
hard_iit,Kev-0.8B + recurrent rule executor,synthetic_boolean_rules,r3_iit,ood_test,6,11,exact_trajectory_accuracy,1.0,200,results/evidence/hard_iit/trial_r3_iit_ood_test.json,/factual/depth_6/exact_trajectory/value,locked_test,fraction
hard_iit,Kev-0.8B + recurrent rule executor,synthetic_boolean_rules,r3_iit,ood_test,6,11,gate_accuracy,1.0,1200,results/evidence/hard_iit/trial_r3_iit_ood_test.json,/factual/depth_6/gate/value,locked_test,fraction
hard_iit,Kev-0.8B + recurrent rule executor,synthetic_boolean_rules,r3_iit,ood_test,6,11,initial_state_accuracy,1.0,200,results/evidence/hard_iit/trial_r3_iit_ood_test.json,/factual/depth_6/initial/value,locked_test,fraction
hard_iit,Kev-0.8B + recurrent rule executor,synthetic_boolean_rules,r3_iit,ood_test,6,11,operator_accuracy,1.0,1200,results/evidence/hard_iit/trial_r3_iit_ood_test.json,/factual/depth_6/operator/value,locked_test,fraction
hard_iit,Kev-0.8B + recurrent rule executor,synthetic_boolean_rules,r3_iit,ood_test,"6,8,10",11,active_gate_accuracy,0.9995798319327731,2380,results/evidence/hard_iit/trial_r3_iit_ood_test.json,/factual/depth_6_8_10/active_gate/value,locked_test,fraction
hard_iit,Kev-0.8B + recurrent rule executor,synthetic_boolean_rules,r3_iit,ood_test,"6,8,10",11,answer_accuracy,1.0,600,results/evidence/hard_iit/trial_r3_iit_ood_test.json,/factual/depth_6_8_10/answer/value,locked_test,fraction
hard_iit,Kev-0.8B + recurrent rule executor,synthetic_boolean_rules,r3_iit,ood_test,"6,8,10",11,exact_program_accuracy,0.9983333333333333,600,results/evidence/hard_iit/trial_r3_iit_ood_test.json,/factual/depth_6_8_10/exact_program/value,locked_test,fraction
hard_iit,Kev-0.8B + recurrent rule executor,synthetic_boolean_rules,r3_iit,ood_test,"6,8,10",11,exact_trajectory_accuracy,1.0,600,results/evidence/hard_iit/trial_r3_iit_ood_test.json,/factual/depth_6_8_10/exact_trajectory/value,locked_test,fraction
hard_iit,Kev-0.8B + recurrent rule executor,synthetic_boolean_rules,r3_iit,ood_test,"6,8,10",11,gate_accuracy,0.9997916666666666,4800,results/evidence/hard_iit/trial_r3_iit_ood_test.json,/factual/depth_6_8_10/gate/value,locked_test,fraction
hard_iit,Kev-0.8B + recurrent rule executor,synthetic_boolean_rules,r3_iit,ood_test,"6,8,10",11,initial_state_accuracy,1.0,600,results/evidence/hard_iit/trial_r3_iit_ood_test.json,/factual/depth_6_8_10/initial/value,locked_test,fraction
hard_iit,Kev-0.8B + recurrent rule executor,synthetic_boolean_rules,r3_iit,ood_test,"6,8,10",11,operator_accuracy,1.0,4800,results/evidence/hard_iit/trial_r3_iit_ood_test.json,/factual/depth_6_8_10/operator/value,locked_test,fraction
hard_iit,Kev-0.8B + recurrent rule executor,synthetic_boolean_rules,r3_iit,ood_test,8,11,active_gate_accuracy,1.0,808,results/evidence/hard_iit/trial_r3_iit_ood_test.json,/factual/depth_8/active_gate/value,locked_test,fraction
hard_iit,Kev-0.8B + recurrent rule executor,synthetic_boolean_rules,r3_iit,ood_test,8,11,answer_accuracy,1.0,200,results/evidence/hard_iit/trial_r3_iit_ood_test.json,/factual/depth_8/answer/value,locked_test,fraction
hard_iit,Kev-0.8B + recurrent rule executor,synthetic_boolean_rules,r3_iit,ood_test,8,11,effectful_copy_cf_consistency,1.0,147,results/evidence/hard_iit/trial_r3_iit_ood_test.json,/counterfactual/depth_8/effectful_copy/cf_consistency,locked_test,fraction
hard_iit,Kev-0.8B + recurrent rule executor,synthetic_boolean_rules,r3_iit,ood_test,8,11,effectful_noncopy_cf_consistency,1.0,144,results/evidence/hard_iit/trial_r3_iit_ood_test.json,/counterfactual/depth_8/effectful_noncopy/cf_consistency,locked_test,fraction
hard_iit,Kev-0.8B + recurrent rule executor,synthetic_boolean_rules,r3_iit,ood_test,8,11,exact_program_accuracy,1.0,200,results/evidence/hard_iit/trial_r3_iit_ood_test.json,/factual/depth_8/exact_program/value,locked_test,fraction
hard_iit,Kev-0.8B + recurrent rule executor,synthetic_boolean_rules,r3_iit,ood_test,8,11,exact_trajectory_accuracy,1.0,200,results/evidence/hard_iit/trial_r3_iit_ood_test.json,/factual/depth_8/exact_trajectory/value,locked_test,fraction
hard_iit,Kev-0.8B + recurrent rule executor,synthetic_boolean_rules,r3_iit,ood_test,8,11,gate_accuracy,1.0,1600,results/evidence/hard_iit/trial_r3_iit_ood_test.json,/factual/depth_8/gate/value,locked_test,fraction
hard_iit,Kev-0.8B + recurrent rule executor,synthetic_boolean_rules,r3_iit,ood_test,8,11,initial_state_accuracy,1.0,200,results/evidence/hard_iit/trial_r3_iit_ood_test.json,/factual/depth_8/initial/value,locked_test,fraction
hard_iit,Kev-0.8B + recurrent rule executor,synthetic_boolean_rules,r3_iit,ood_test,8,11,operator_accuracy,1.0,1600,results/evidence/hard_iit/trial_r3_iit_ood_test.json,/factual/depth_8/operator/value,locked_test,fraction
hard_iit,Kev-0.8B + recurrent rule executor,synthetic_boolean_rules,r3_iit,ood_test,all,11,active_gate_accuracy,0.999695400548279,3283,results/evidence/hard_iit/trial_r3_iit_ood_test.json,/factual/all/active_gate/value,locked_test,fraction
hard_iit,Kev-0.8B + recurrent rule executor,synthetic_boolean_rules,r3_iit,ood_test,all,11,answer_accuracy,1.0,1000,results/evidence/hard_iit/trial_r3_iit_ood_test.json,/factual/all/answer/value,locked_test,fraction
hard_iit,Kev-0.8B + recurrent rule executor,synthetic_boolean_rules,r3_iit,ood_test,all,11,effectful_copy_cf_consistency,1.0,677,results/evidence/hard_iit/trial_r3_iit_ood_test.json,/counterfactual/all/effectful_copy/cf_consistency,locked_test,fraction
hard_iit,Kev-0.8B + recurrent rule executor,synthetic_boolean_rules,r3_iit,ood_test,all,11,effectful_noncopy_cf_consistency,0.99830220713073,589,results/evidence/hard_iit/trial_r3_iit_ood_test.json,/counterfactual/all/effectful_noncopy/cf_consistency,locked_test,fraction
hard_iit,Kev-0.8B + recurrent rule executor,synthetic_boolean_rules,r3_iit,ood_test,all,11,exact_program_accuracy,0.999,1000,results/evidence/hard_iit/trial_r3_iit_ood_test.json,/factual/all/exact_program/value,locked_test,fraction
hard_iit,Kev-0.8B + recurrent rule executor,synthetic_boolean_rules,r3_iit,ood_test,all,11,exact_trajectory_accuracy,1.0,1000,results/evidence/hard_iit/trial_r3_iit_ood_test.json,/factual/all/exact_trajectory/value,locked_test,fraction
hard_iit,Kev-0.8B + recurrent rule executor,synthetic_boolean_rules,r3_iit,ood_test,all,11,gate_accuracy,0.9998484848484849,6600,results/evidence/hard_iit/trial_r3_iit_ood_test.json,/factual/all/gate/value,locked_test,fraction
hard_iit,Kev-0.8B + recurrent rule executor,synthetic_boolean_rules,r3_iit,ood_test,all,11,initial_state_accuracy,1.0,1000,results/evidence/hard_iit/trial_r3_iit_ood_test.json,/factual/all/initial/value,locked_test,fraction
hard_iit,Kev-0.8B + recurrent rule executor,synthetic_boolean_rules,r3_iit,ood_test,all,11,operator_accuracy,1.0,6600,results/evidence/hard_iit/trial_r3_iit_ood_test.json,/factual/all/operator/value,locked_test,fraction
hard_iit,Kev-0.8B + recurrent rule executor,synthetic_boolean_rules,r3_iit,val,1,11,answer_accuracy,1.0,334,results/evidence/hard_iit/trial_r3_iit_selection.json,/best_metrics/factual/depth_1/answer/value,development_selection,fraction
hard_iit,Kev-0.8B + recurrent rule executor,synthetic_boolean_rules,r3_iit,val,2,11,answer_accuracy,1.0,334,results/evidence/hard_iit/trial_r3_iit_selection.json,/best_metrics/factual/depth_2/answer/value,development_selection,fraction
hard_iit,Kev-0.8B + recurrent rule executor,synthetic_boolean_rules,r3_iit,val,3,11,answer_accuracy,1.0,332,results/evidence/hard_iit/trial_r3_iit_selection.json,/best_metrics/factual/depth_3/answer/value,development_selection,fraction
hard_iit,Kev-0.8B + recurrent rule executor,synthetic_boolean_rules,r3_iit,val,all,11,answer_accuracy,1.0,1000,results/evidence/hard_iit/trial_r3_iit_selection.json,/best_metrics/factual/all/answer/value,development_selection,fraction
hard_iit,Kev-0.8B + recurrent rule executor,synthetic_boolean_rules,r3_state,id_test,1,11,active_gate_accuracy,1.0,181,results/evidence/hard_iit/trial_r3_state_id_test.json,/factual/depth_1/active_gate/value,locked_test,fraction
hard_iit,Kev-0.8B + recurrent rule executor,synthetic_boolean_rules,r3_state,id_test,1,11,answer_accuracy,1.0,334,results/evidence/hard_iit/trial_r3_state_id_test.json,/factual/depth_1/answer/value,locked_test,fraction
hard_iit,Kev-0.8B + recurrent rule executor,synthetic_boolean_rules,r3_state,id_test,1,11,exact_program_accuracy,1.0,334,results/evidence/hard_iit/trial_r3_state_id_test.json,/factual/depth_1/exact_program/value,locked_test,fraction
hard_iit,Kev-0.8B + recurrent rule executor,synthetic_boolean_rules,r3_state,id_test,1,11,exact_trajectory_accuracy,1.0,334,results/evidence/hard_iit/trial_r3_state_id_test.json,/factual/depth_1/exact_trajectory/value,locked_test,fraction
hard_iit,Kev-0.8B + recurrent rule executor,synthetic_boolean_rules,r3_state,id_test,1,11,gate_accuracy,1.0,334,results/evidence/hard_iit/trial_r3_state_id_test.json,/factual/depth_1/gate/value,locked_test,fraction
hard_iit,Kev-0.8B + recurrent rule executor,synthetic_boolean_rules,r3_state,id_test,1,11,initial_state_accuracy,1.0,334,results/evidence/hard_iit/trial_r3_state_id_test.json,/factual/depth_1/initial/value,locked_test,fraction
hard_iit,Kev-0.8B + recurrent rule executor,synthetic_boolean_rules,r3_state,id_test,1,11,operator_accuracy,1.0,334,results/evidence/hard_iit/trial_r3_state_id_test.json,/factual/depth_1/operator/value,locked_test,fraction
hard_iit,Kev-0.8B + recurrent rule executor,synthetic_boolean_rules,r3_state,id_test,2,11,active_gate_accuracy,0.9970588235294118,340,results/evidence/hard_iit/trial_r3_state_id_test.json,/factual/depth_2/active_gate/value,locked_test,fraction
hard_iit,Kev-0.8B + recurrent rule executor,synthetic_boolean_rules,r3_state,id_test,2,11,answer_accuracy,1.0,334,results/evidence/hard_iit/trial_r3_state_id_test.json,/factual/depth_2/answer/value,locked_test,fraction
hard_iit,Kev-0.8B + recurrent rule executor,synthetic_boolean_rules,r3_state,id_test,2,11,exact_program_accuracy,0.9970059880239521,334,results/evidence/hard_iit/trial_r3_state_id_test.json,/factual/depth_2/exact_program/value,locked_test,fraction
hard_iit,Kev-0.8B + recurrent rule executor,synthetic_boolean_rules,r3_state,id_test,2,11,exact_trajectory_accuracy,0.9970059880239521,334,results/evidence/hard_iit/trial_r3_state_id_test.json,/factual/depth_2/exact_trajectory/value,locked_test,fraction
hard_iit,Kev-0.8B + recurrent rule executor,synthetic_boolean_rules,r3_state,id_test,2,11,gate_accuracy,0.9985029940119761,668,results/evidence/hard_iit/trial_r3_state_id_test.json,/factual/depth_2/gate/value,locked_test,fraction
hard_iit,Kev-0.8B + recurrent rule executor,synthetic_boolean_rules,r3_state,id_test,2,11,initial_state_accuracy,1.0,334,results/evidence/hard_iit/trial_r3_state_id_test.json,/factual/depth_2/initial/value,locked_test,fraction
hard_iit,Kev-0.8B + recurrent rule executor,synthetic_boolean_rules,r3_state,id_test,2,11,operator_accuracy,1.0,668,results/evidence/hard_iit/trial_r3_state_id_test.json,/factual/depth_2/operator/value,locked_test,fraction
hard_iit,Kev-0.8B + recurrent rule executor,synthetic_boolean_rules,r3_state,id_test,3,11,active_gate_accuracy,0.9939516129032258,496,results/evidence/hard_iit/trial_r3_state_id_test.json,/factual/depth_3/active_gate/value,locked_test,fraction
hard_iit,Kev-0.8B + recurrent rule executor,synthetic_boolean_rules,r3_state,id_test,3,11,answer_accuracy,1.0,332,results/evidence/hard_iit/trial_r3_state_id_test.json,/factual/depth_3/answer/value,locked_test,fraction
hard_iit,Kev-0.8B + recurrent rule executor,synthetic_boolean_rules,r3_state,id_test,3,11,exact_program_accuracy,0.9909638554216867,332,results/evidence/hard_iit/trial_r3_state_id_test.json,/factual/depth_3/exact_program/value,locked_test,fraction
hard_iit,Kev-0.8B + recurrent rule executor,synthetic_boolean_rules,r3_state,id_test,3,11,exact_trajectory_accuracy,0.9969879518072289,332,results/evidence/hard_iit/trial_r3_state_id_test.json,/factual/depth_3/exact_trajectory/value,locked_test,fraction
hard_iit,Kev-0.8B + recurrent rule executor,synthetic_boolean_rules,r3_state,id_test,3,11,gate_accuracy,0.9969879518072289,996,results/evidence/hard_iit/trial_r3_state_id_test.json,/factual/depth_3/gate/value,locked_test,fraction
hard_iit,Kev-0.8B + recurrent rule executor,synthetic_boolean_rules,r3_state,id_test,3,11,initial_state_accuracy,1.0,332,results/evidence/hard_iit/trial_r3_state_id_test.json,/factual/depth_3/initial/value,locked_test,fraction
hard_iit,Kev-0.8B + recurrent rule executor,synthetic_boolean_rules,r3_state,id_test,3,11,operator_accuracy,1.0,996,results/evidence/hard_iit/trial_r3_state_id_test.json,/factual/depth_3/operator/value,locked_test,fraction
hard_iit,Kev-0.8B + recurrent rule executor,synthetic_boolean_rules,r3_state,id_test,all,11,active_gate_accuracy,0.9960668633235005,1017,results/evidence/hard_iit/trial_r3_state_id_test.json,/factual/all/active_gate/value,locked_test,fraction
hard_iit,Kev-0.8B + recurrent rule executor,synthetic_boolean_rules,r3_state,id_test,all,11,answer_accuracy,1.0,1000,results/evidence/hard_iit/trial_r3_state_id_test.json,/factual/all/answer/value,locked_test,fraction
hard_iit,Kev-0.8B + recurrent rule executor,synthetic_boolean_rules,r3_state,id_test,all,11,effectful_copy_cf_consistency,0.9972067039106145,358,results/evidence/hard_iit/trial_r3_state_id_test.json,/counterfactual/all/effectful_copy/cf_consistency,locked_test,fraction
hard_iit,Kev-0.8B + recurrent rule executor,synthetic_boolean_rules,r3_state,id_test,all,11,effectful_noncopy_cf_consistency,0.9932432432432432,296,results/evidence/hard_iit/trial_r3_state_id_test.json,/counterfactual/all/effectful_noncopy/cf_consistency,locked_test,fraction
hard_iit,Kev-0.8B + recurrent rule executor,synthetic_boolean_rules,r3_state,id_test,all,11,exact_program_accuracy,0.996,1000,results/evidence/hard_iit/trial_r3_state_id_test.json,/factual/all/exact_program/value,locked_test,fraction
hard_iit,Kev-0.8B + recurrent rule executor,synthetic_boolean_rules,r3_state,id_test,all,11,exact_trajectory_accuracy,0.998,1000,results/evidence/hard_iit/trial_r3_state_id_test.json,/factual/all/exact_trajectory/value,locked_test,fraction
hard_iit,Kev-0.8B + recurrent rule executor,synthetic_boolean_rules,r3_state,id_test,all,11,gate_accuracy,0.997997997997998,1998,results/evidence/hard_iit/trial_r3_state_id_test.json,/factual/all/gate/value,locked_test,fraction
hard_iit,Kev-0.8B + recurrent rule executor,synthetic_boolean_rules,r3_state,id_test,all,11,initial_state_accuracy,1.0,1000,results/evidence/hard_iit/trial_r3_state_id_test.json,/factual/all/initial/value,locked_test,fraction
hard_iit,Kev-0.8B + recurrent rule executor,synthetic_boolean_rules,r3_state,id_test,all,11,operator_accuracy,1.0,1998,results/evidence/hard_iit/trial_r3_state_id_test.json,/factual/all/operator/value,locked_test,fraction
hard_iit,Kev-0.8B + recurrent rule executor,synthetic_boolean_rules,r3_state,ood_test,10,11,active_gate_accuracy,0.9845708775313404,1037,results/evidence/hard_iit/trial_r3_state_ood_test.json,/factual/depth_10/active_gate/value,locked_test,fraction
hard_iit,Kev-0.8B + recurrent rule executor,synthetic_boolean_rules,r3_state,ood_test,10,11,answer_accuracy,0.97,200,results/evidence/hard_iit/trial_r3_state_ood_test.json,/factual/depth_10/answer/value,locked_test,fraction
hard_iit,Kev-0.8B + recurrent rule executor,synthetic_boolean_rules,r3_state,ood_test,10,11,effectful_copy_cf_consistency,0.9763313609467456,169,results/evidence/hard_iit/trial_r3_state_ood_test.json,/counterfactual/depth_10/effectful_copy/cf_consistency,locked_test,fraction
hard_iit,Kev-0.8B + recurrent rule executor,synthetic_boolean_rules,r3_state,ood_test,10,11,effectful_noncopy_cf_consistency,0.959349593495935,123,results/evidence/hard_iit/trial_r3_state_ood_test.json,/counterfactual/depth_10/effectful_noncopy/cf_consistency,locked_test,fraction
hard_iit,Kev-0.8B + recurrent rule executor,synthetic_boolean_rules,r3_state,ood_test,10,11,exact_program_accuracy,0.925,200,results/evidence/hard_iit/trial_r3_state_ood_test.json,/factual/depth_10/exact_program/value,locked_test,fraction
hard_iit,Kev-0.8B + recurrent rule executor,synthetic_boolean_rules,r3_state,ood_test,10,11,exact_trajectory_accuracy,0.955,200,results/evidence/hard_iit/trial_r3_state_ood_test.json,/factual/depth_10/exact_trajectory/value,locked_test,fraction
hard_iit,Kev-0.8B + recurrent rule executor,synthetic_boolean_rules,r3_state,ood_test,10,11,gate_accuracy,0.992,2000,results/evidence/hard_iit/trial_r3_state_ood_test.json,/factual/depth_10/gate/value,locked_test,fraction
hard_iit,Kev-0.8B + recurrent rule executor,synthetic_boolean_rules,r3_state,ood_test,10,11,initial_state_accuracy,0.995,200,results/evidence/hard_iit/trial_r3_state_ood_test.json,/factual/depth_10/initial/value,locked_test,fraction
hard_iit,Kev-0.8B + recurrent rule executor,synthetic_boolean_rules,r3_state,ood_test,10,11,operator_accuracy,1.0,2000,results/evidence/hard_iit/trial_r3_state_ood_test.json,/factual/depth_10/operator/value,locked_test,fraction
hard_iit,Kev-0.8B + recurrent rule executor,synthetic_boolean_rules,r3_state,ood_test,4,11,active_gate_accuracy,0.9950980392156863,408,results/evidence/hard_iit/trial_r3_state_ood_test.json,/factual/depth_4/active_gate/value,locked_test,fraction
hard_iit,Kev-0.8B + recurrent rule executor,synthetic_boolean_rules,r3_state,ood_test,4,11,answer_accuracy,1.0,200,results/evidence/hard_iit/trial_r3_state_ood_test.json,/factual/depth_4/answer/value,locked_test,fraction
hard_iit,Kev-0.8B + recurrent rule executor,synthetic_boolean_rules,r3_state,ood_test,4,11,effectful_copy_cf_consistency,1.0,96,results/evidence/hard_iit/trial_r3_state_ood_test.json,/counterfactual/depth_4/effectful_copy/cf_consistency,locked_test,fraction
hard_iit,Kev-0.8B + recurrent rule executor,synthetic_boolean_rules,r3_state,ood_test,4,11,effectful_noncopy_cf_consistency,1.0,93,results/evidence/hard_iit/trial_r3_state_ood_test.json,/counterfactual/depth_4/effectful_noncopy/cf_consistency,locked_test,fraction
hard_iit,Kev-0.8B + recurrent rule executor,synthetic_boolean_rules,r3_state,ood_test,4,11,exact_program_accuracy,0.99,200,results/evidence/hard_iit/trial_r3_state_ood_test.json,/factual/depth_4/exact_program/value,locked_test,fraction
hard_iit,Kev-0.8B + recurrent rule executor,synthetic_boolean_rules,r3_state,ood_test,4,11,exact_trajectory_accuracy,1.0,200,results/evidence/hard_iit/trial_r3_state_ood_test.json,/factual/depth_4/exact_trajectory/value,locked_test,fraction
hard_iit,Kev-0.8B + recurrent rule executor,synthetic_boolean_rules,r3_state,ood_test,4,11,gate_accuracy,0.9975,800,results/evidence/hard_iit/trial_r3_state_ood_test.json,/factual/depth_4/gate/value,locked_test,fraction
hard_iit,Kev-0.8B + recurrent rule executor,synthetic_boolean_rules,r3_state,ood_test,4,11,initial_state_accuracy,1.0,200,results/evidence/hard_iit/trial_r3_state_ood_test.json,/factual/depth_4/initial/value,locked_test,fraction
hard_iit,Kev-0.8B + recurrent rule executor,synthetic_boolean_rules,r3_state,ood_test,4,11,operator_accuracy,1.0,800,results/evidence/hard_iit/trial_r3_state_ood_test.json,/factual/depth_4/operator/value,locked_test,fraction
hard_iit,Kev-0.8B + recurrent rule executor,synthetic_boolean_rules,r3_state,ood_test,5,11,active_gate_accuracy,1.0,495,results/evidence/hard_iit/trial_r3_state_ood_test.json,/factual/depth_5/active_gate/value,locked_test,fraction
hard_iit,Kev-0.8B + recurrent rule executor,synthetic_boolean_rules,r3_state,ood_test,5,11,answer_accuracy,1.0,200,results/evidence/hard_iit/trial_r3_state_ood_test.json,/factual/depth_5/answer/value,locked_test,fraction
hard_iit,Kev-0.8B + recurrent rule executor,synthetic_boolean_rules,r3_state,ood_test,5,11,effectful_copy_cf_consistency,1.0,144,results/evidence/hard_iit/trial_r3_state_ood_test.json,/counterfactual/depth_5/effectful_copy/cf_consistency,locked_test,fraction
hard_iit,Kev-0.8B + recurrent rule executor,synthetic_boolean_rules,r3_state,ood_test,5,11,effectful_noncopy_cf_consistency,1.0,87,results/evidence/hard_iit/trial_r3_state_ood_test.json,/counterfactual/depth_5/effectful_noncopy/cf_consistency,locked_test,fraction
hard_iit,Kev-0.8B + recurrent rule executor,synthetic_boolean_rules,r3_state,ood_test,5,11,exact_program_accuracy,1.0,200,results/evidence/hard_iit/trial_r3_state_ood_test.json,/factual/depth_5/exact_program/value,locked_test,fraction
hard_iit,Kev-0.8B + recurrent rule executor,synthetic_boolean_rules,r3_state,ood_test,5,11,exact_trajectory_accuracy,1.0,200,results/evidence/hard_iit/trial_r3_state_ood_test.json,/factual/depth_5/exact_trajectory/value,locked_test,fraction
hard_iit,Kev-0.8B + recurrent rule executor,synthetic_boolean_rules,r3_state,ood_test,5,11,gate_accuracy,1.0,1000,results/evidence/hard_iit/trial_r3_state_ood_test.json,/factual/depth_5/gate/value,locked_test,fraction
hard_iit,Kev-0.8B + recurrent rule executor,synthetic_boolean_rules,r3_state,ood_test,5,11,initial_state_accuracy,1.0,200,results/evidence/hard_iit/trial_r3_state_ood_test.json,/factual/depth_5/initial/value,locked_test,fraction
hard_iit,Kev-0.8B + recurrent rule executor,synthetic_boolean_rules,r3_state,ood_test,5,11,operator_accuracy,1.0,1000,results/evidence/hard_iit/trial_r3_state_ood_test.json,/factual/depth_5/operator/value,locked_test,fraction
hard_iit,Kev-0.8B + recurrent rule executor,synthetic_boolean_rules,r3_state,ood_test,6,11,active_gate_accuracy,1.0,535,results/evidence/hard_iit/trial_r3_state_ood_test.json,/factual/depth_6/active_gate/value,locked_test,fraction
hard_iit,Kev-0.8B + recurrent rule executor,synthetic_boolean_rules,r3_state,ood_test,6,11,answer_accuracy,1.0,200,results/evidence/hard_iit/trial_r3_state_ood_test.json,/factual/depth_6/answer/value,locked_test,fraction
hard_iit,Kev-0.8B + recurrent rule executor,synthetic_boolean_rules,r3_state,ood_test,6,11,effectful_copy_cf_consistency,1.0,121,results/evidence/hard_iit/trial_r3_state_ood_test.json,/counterfactual/depth_6/effectful_copy/cf_consistency,locked_test,fraction
hard_iit,Kev-0.8B + recurrent rule executor,synthetic_boolean_rules,r3_state,ood_test,6,11,effectful_noncopy_cf_consistency,1.0,142,results/evidence/hard_iit/trial_r3_state_ood_test.json,/counterfactual/depth_6/effectful_noncopy/cf_consistency,locked_test,fraction
hard_iit,Kev-0.8B + recurrent rule executor,synthetic_boolean_rules,r3_state,ood_test,6,11,exact_program_accuracy,1.0,200,results/evidence/hard_iit/trial_r3_state_ood_test.json,/factual/depth_6/exact_program/value,locked_test,fraction
hard_iit,Kev-0.8B + recurrent rule executor,synthetic_boolean_rules,r3_state,ood_test,6,11,exact_trajectory_accuracy,1.0,200,results/evidence/hard_iit/trial_r3_state_ood_test.json,/factual/depth_6/exact_trajectory/value,locked_test,fraction
hard_iit,Kev-0.8B + recurrent rule executor,synthetic_boolean_rules,r3_state,ood_test,6,11,gate_accuracy,1.0,1200,results/evidence/hard_iit/trial_r3_state_ood_test.json,/factual/depth_6/gate/value,locked_test,fraction
hard_iit,Kev-0.8B + recurrent rule executor,synthetic_boolean_rules,r3_state,ood_test,6,11,initial_state_accuracy,1.0,200,results/evidence/hard_iit/trial_r3_state_ood_test.json,/factual/depth_6/initial/value,locked_test,fraction
hard_iit,Kev-0.8B + recurrent rule executor,synthetic_boolean_rules,r3_state,ood_test,6,11,operator_accuracy,1.0,1200,results/evidence/hard_iit/trial_r3_state_ood_test.json,/factual/depth_6/operator/value,locked_test,fraction
hard_iit,Kev-0.8B + recurrent rule executor,synthetic_boolean_rules,r3_state,ood_test,"6,8,10",11,active_gate_accuracy,0.9907563025210084,2380,results/evidence/hard_iit/trial_r3_state_ood_test.json,/factual/depth_6_8_10/active_gate/value,locked_test,fraction
hard_iit,Kev-0.8B + recurrent rule executor,synthetic_boolean_rules,r3_state,ood_test,"6,8,10",11,answer_accuracy,0.99,600,results/evidence/hard_iit/trial_r3_state_ood_test.json,/factual/depth_6_8_10/answer/value,locked_test,fraction
hard_iit,Kev-0.8B + recurrent rule executor,synthetic_boolean_rules,r3_state,ood_test,"6,8,10",11,exact_program_accuracy,0.965,600,results/evidence/hard_iit/trial_r3_state_ood_test.json,/factual/depth_6_8_10/exact_program/value,locked_test,fraction
hard_iit,Kev-0.8B + recurrent rule executor,synthetic_boolean_rules,r3_state,ood_test,"6,8,10",11,exact_trajectory_accuracy,0.985,600,results/evidence/hard_iit/trial_r3_state_ood_test.json,/factual/depth_6_8_10/exact_trajectory/value,locked_test,fraction
hard_iit,Kev-0.8B + recurrent rule executor,synthetic_boolean_rules,r3_state,ood_test,"6,8,10",11,gate_accuracy,0.9954166666666666,4800,results/evidence/hard_iit/trial_r3_state_ood_test.json,/factual/depth_6_8_10/gate/value,locked_test,fraction
hard_iit,Kev-0.8B + recurrent rule executor,synthetic_boolean_rules,r3_state,ood_test,"6,8,10",11,initial_state_accuracy,0.9983333333333333,600,results/evidence/hard_iit/trial_r3_state_ood_test.json,/factual/depth_6_8_10/initial/value,locked_test,fraction
hard_iit,Kev-0.8B + recurrent rule executor,synthetic_boolean_rules,r3_state,ood_test,"6,8,10",11,operator_accuracy,1.0,4800,results/evidence/hard_iit/trial_r3_state_ood_test.json,/factual/depth_6_8_10/operator/value,locked_test,fraction
hard_iit,Kev-0.8B + recurrent rule executor,synthetic_boolean_rules,r3_state,ood_test,8,11,active_gate_accuracy,0.9925742574257426,808,results/evidence/hard_iit/trial_r3_state_ood_test.json,/factual/depth_8/active_gate/value,locked_test,fraction
hard_iit,Kev-0.8B + recurrent rule executor,synthetic_boolean_rules,r3_state,ood_test,8,11,answer_accuracy,1.0,200,results/evidence/hard_iit/trial_r3_state_ood_test.json,/factual/depth_8/answer/value,locked_test,fraction
hard_iit,Kev-0.8B + recurrent rule executor,synthetic_boolean_rules,r3_state,ood_test,8,11,effectful_copy_cf_consistency,0.9795918367346939,147,results/evidence/hard_iit/trial_r3_state_ood_test.json,/counterfactual/depth_8/effectful_copy/cf_consistency,locked_test,fraction
hard_iit,Kev-0.8B + recurrent rule executor,synthetic_boolean_rules,r3_state,ood_test,8,11,effectful_noncopy_cf_consistency,1.0,144,results/evidence/hard_iit/trial_r3_state_ood_test.json,/counterfactual/depth_8/effectful_noncopy/cf_consistency,locked_test,fraction
hard_iit,Kev-0.8B + recurrent rule executor,synthetic_boolean_rules,r3_state,ood_test,8,11,exact_program_accuracy,0.97,200,results/evidence/hard_iit/trial_r3_state_ood_test.json,/factual/depth_8/exact_program/value,locked_test,fraction
hard_iit,Kev-0.8B + recurrent rule executor,synthetic_boolean_rules,r3_state,ood_test,8,11,exact_trajectory_accuracy,1.0,200,results/evidence/hard_iit/trial_r3_state_ood_test.json,/factual/depth_8/exact_trajectory/value,locked_test,fraction
hard_iit,Kev-0.8B + recurrent rule executor,synthetic_boolean_rules,r3_state,ood_test,8,11,gate_accuracy,0.99625,1600,results/evidence/hard_iit/trial_r3_state_ood_test.json,/factual/depth_8/gate/value,locked_test,fraction
hard_iit,Kev-0.8B + recurrent rule executor,synthetic_boolean_rules,r3_state,ood_test,8,11,initial_state_accuracy,1.0,200,results/evidence/hard_iit/trial_r3_state_ood_test.json,/factual/depth_8/initial/value,locked_test,fraction
hard_iit,Kev-0.8B + recurrent rule executor,synthetic_boolean_rules,r3_state,ood_test,8,11,operator_accuracy,1.0,1600,results/evidence/hard_iit/trial_r3_state_ood_test.json,/factual/depth_8/operator/value,locked_test,fraction
hard_iit,Kev-0.8B + recurrent rule executor,synthetic_boolean_rules,r3_state,ood_test,all,11,active_gate_accuracy,0.9926896131586963,3283,results/evidence/hard_iit/trial_r3_state_ood_test.json,/factual/all/active_gate/value,locked_test,fraction
hard_iit,Kev-0.8B + recurrent rule executor,synthetic_boolean_rules,r3_state,ood_test,all,11,answer_accuracy,0.994,1000,results/evidence/hard_iit/trial_r3_state_ood_test.json,/factual/all/answer/value,locked_test,fraction
hard_iit,Kev-0.8B + recurrent rule executor,synthetic_boolean_rules,r3_state,ood_test,all,11,effectful_copy_cf_consistency,0.9896602658788775,677,results/evidence/hard_iit/trial_r3_state_ood_test.json,/counterfactual/all/effectful_copy/cf_consistency,locked_test,fraction
hard_iit,Kev-0.8B + recurrent rule executor,synthetic_boolean_rules,r3_state,ood_test,all,11,effectful_noncopy_cf_consistency,0.9915110356536503,589,results/evidence/hard_iit/trial_r3_state_ood_test.json,/counterfactual/all/effectful_noncopy/cf_consistency,locked_test,fraction
hard_iit,Kev-0.8B + recurrent rule executor,synthetic_boolean_rules,r3_state,ood_test,all,11,exact_program_accuracy,0.977,1000,results/evidence/hard_iit/trial_r3_state_ood_test.json,/factual/all/exact_program/value,locked_test,fraction
hard_iit,Kev-0.8B + recurrent rule executor,synthetic_boolean_rules,r3_state,ood_test,all,11,exact_trajectory_accuracy,0.991,1000,results/evidence/hard_iit/trial_r3_state_ood_test.json,/factual/all/exact_trajectory/value,locked_test,fraction
hard_iit,Kev-0.8B + recurrent rule executor,synthetic_boolean_rules,r3_state,ood_test,all,11,gate_accuracy,0.9963636363636363,6600,results/evidence/hard_iit/trial_r3_state_ood_test.json,/factual/all/gate/value,locked_test,fraction
hard_iit,Kev-0.8B + recurrent rule executor,synthetic_boolean_rules,r3_state,ood_test,all,11,initial_state_accuracy,0.999,1000,results/evidence/hard_iit/trial_r3_state_ood_test.json,/factual/all/initial/value,locked_test,fraction
hard_iit,Kev-0.8B + recurrent rule executor,synthetic_boolean_rules,r3_state,ood_test,all,11,operator_accuracy,1.0,6600,results/evidence/hard_iit/trial_r3_state_ood_test.json,/factual/all/operator/value,locked_test,fraction
hard_iit,Kev-0.8B + recurrent rule executor,synthetic_boolean_rules,r3_state,val,1,11,answer_accuracy,1.0,334,results/evidence/hard_iit/trial_r3_state_selection.json,/best_metrics/factual/depth_1/answer/value,development_selection,fraction
hard_iit,Kev-0.8B + recurrent rule executor,synthetic_boolean_rules,r3_state,val,2,11,answer_accuracy,1.0,334,results/evidence/hard_iit/trial_r3_state_selection.json,/best_metrics/factual/depth_2/answer/value,development_selection,fraction
hard_iit,Kev-0.8B + recurrent rule executor,synthetic_boolean_rules,r3_state,val,3,11,answer_accuracy,1.0,332,results/evidence/hard_iit/trial_r3_state_selection.json,/best_metrics/factual/depth_3/answer/value,development_selection,fraction
hard_iit,Kev-0.8B + recurrent rule executor,synthetic_boolean_rules,r3_state,val,all,11,answer_accuracy,1.0,1000,results/evidence/hard_iit/trial_r3_state_selection.json,/best_metrics/factual/all/answer/value,development_selection,fraction
single_read_bottleneck,Kev-0.8B frozen features + decision head,synthetic_relation_and_rule,bottleneck1,id_test,all,"11,23,37",answer_accuracy_mean,0.37466666666666665,2000,results/evidence/read_once/metrics.json,"mean(/bottleneck1/0/id_test/all/accuracy,/bottleneck1/1/id_test/all/accuracy,/bottleneck1/2/id_test/all/accuracy)",historical_aggregate,fraction
single_read_bottleneck,Kev-0.8B frozen features + decision head,synthetic_relation_and_rule,bottleneck1,id_test,all,"11,23,37",answer_accuracy_seed_sd,0.0027537852736430534,2000,results/evidence/read_once/metrics.json,"sample_sd(/bottleneck1/0/id_test/all/accuracy,/bottleneck1/1/id_test/all/accuracy,/bottleneck1/2/id_test/all/accuracy)",historical_aggregate,fraction
single_read_bottleneck,Kev-0.8B frozen features + decision head,synthetic_relation_and_rule,bottleneck1,id_test,relation,"11,23,37",answer_accuracy_mean,0.251,1000,results/evidence/read_once/metrics.json,"mean(/bottleneck1/0/id_test/relation/accuracy,/bottleneck1/1/id_test/relation/accuracy,/bottleneck1/2/id_test/relation/accuracy)",historical_aggregate,fraction
single_read_bottleneck,Kev-0.8B frozen features + decision head,synthetic_relation_and_rule,bottleneck1,id_test,relation,"11,23,37",answer_accuracy_seed_sd,0.003464101615137758,1000,results/evidence/read_once/metrics.json,"sample_sd(/bottleneck1/0/id_test/relation/accuracy,/bottleneck1/1/id_test/relation/accuracy,/bottleneck1/2/id_test/relation/accuracy)",historical_aggregate,fraction
single_read_bottleneck,Kev-0.8B frozen features + decision head,synthetic_relation_and_rule,bottleneck1,id_test,rule,"11,23,37",answer_accuracy_mean,0.49833333333333335,1000,results/evidence/read_once/metrics.json,"mean(/bottleneck1/0/id_test/rule/accuracy,/bottleneck1/1/id_test/rule/accuracy,/bottleneck1/2/id_test/rule/accuracy)",historical_aggregate,fraction
single_read_bottleneck,Kev-0.8B frozen features + decision head,synthetic_relation_and_rule,bottleneck1,id_test,rule,"11,23,37",answer_accuracy_seed_sd,0.0020816659994661343,1000,results/evidence/read_once/metrics.json,"sample_sd(/bottleneck1/0/id_test/rule/accuracy,/bottleneck1/1/id_test/rule/accuracy,/bottleneck1/2/id_test/rule/accuracy)",historical_aggregate,fraction
single_read_bottleneck,Kev-0.8B frozen features + decision head,synthetic_relation_and_rule,bottleneck1,ood_test,all,"11,23,37",answer_accuracy_mean,0.37016666666666664,2000,results/evidence/read_once/metrics.json,"mean(/bottleneck1/0/ood_test/all/accuracy,/bottleneck1/1/ood_test/all/accuracy,/bottleneck1/2/ood_test/all/accuracy)",historical_aggregate,fraction
single_read_bottleneck,Kev-0.8B frozen features + decision head,synthetic_relation_and_rule,bottleneck1,ood_test,all,"11,23,37",answer_accuracy_seed_sd,0.004072263907623542,2000,results/evidence/read_once/metrics.json,"sample_sd(/bottleneck1/0/ood_test/all/accuracy,/bottleneck1/1/ood_test/all/accuracy,/bottleneck1/2/ood_test/all/accuracy)",historical_aggregate,fraction
single_read_bottleneck,Kev-0.8B frozen features + decision head,synthetic_relation_and_rule,bottleneck1,ood_test,relation,"11,23,37",answer_accuracy_mean,0.23933333333333334,1000,results/evidence/read_once/metrics.json,"mean(/bottleneck1/0/ood_test/relation/accuracy,/bottleneck1/1/ood_test/relation/accuracy,/bottleneck1/2/ood_test/relation/accuracy)",historical_aggregate,fraction
single_read_bottleneck,Kev-0.8B frozen features + decision head,synthetic_relation_and_rule,bottleneck1,ood_test,relation,"11,23,37",answer_accuracy_seed_sd,0.007234178138070225,1000,results/evidence/read_once/metrics.json,"sample_sd(/bottleneck1/0/ood_test/relation/accuracy,/bottleneck1/1/ood_test/relation/accuracy,/bottleneck1/2/ood_test/relation/accuracy)",historical_aggregate,fraction
single_read_bottleneck,Kev-0.8B frozen features + decision head,synthetic_relation_and_rule,bottleneck1,ood_test,rule,"11,23,37",answer_accuracy_mean,0.501,1000,results/evidence/read_once/metrics.json,"mean(/bottleneck1/0/ood_test/rule/accuracy,/bottleneck1/1/ood_test/rule/accuracy,/bottleneck1/2/ood_test/rule/accuracy)",historical_aggregate,fraction
single_read_bottleneck,Kev-0.8B frozen features + decision head,synthetic_relation_and_rule,bottleneck1,ood_test,rule,"11,23,37",answer_accuracy_seed_sd,0.0010000000000000009,1000,results/evidence/read_once/metrics.json,"sample_sd(/bottleneck1/0/ood_test/rule/accuracy,/bottleneck1/1/ood_test/rule/accuracy,/bottleneck1/2/ood_test/rule/accuracy)",historical_aggregate,fraction
single_read_bottleneck,Kev-0.8B frozen features + decision head,synthetic_relation_and_rule,deep,id_test,all,"11,23,37",answer_accuracy_mean,0.375,2000,results/evidence/read_once/metrics.json,"mean(/deep/0/id_test/all/accuracy,/deep/1/id_test/all/accuracy,/deep/2/id_test/all/accuracy)",historical_aggregate,fraction
single_read_bottleneck,Kev-0.8B frozen features + decision head,synthetic_relation_and_rule,deep,id_test,all,"11,23,37",answer_accuracy_seed_sd,0.0,2000,results/evidence/read_once/metrics.json,"sample_sd(/deep/0/id_test/all/accuracy,/deep/1/id_test/all/accuracy,/deep/2/id_test/all/accuracy)",historical_aggregate,fraction
single_read_bottleneck,Kev-0.8B frozen features + decision head,synthetic_relation_and_rule,deep,id_test,relation,"11,23,37",answer_accuracy_mean,0.25,1000,results/evidence/read_once/metrics.json,"mean(/deep/0/id_test/relation/accuracy,/deep/1/id_test/relation/accuracy,/deep/2/id_test/relation/accuracy)",historical_aggregate,fraction
single_read_bottleneck,Kev-0.8B frozen features + decision head,synthetic_relation_and_rule,deep,id_test,relation,"11,23,37",answer_accuracy_seed_sd,0.0,1000,results/evidence/read_once/metrics.json,"sample_sd(/deep/0/id_test/relation/accuracy,/deep/1/id_test/relation/accuracy,/deep/2/id_test/relation/accuracy)",historical_aggregate,fraction
single_read_bottleneck,Kev-0.8B frozen features + decision head,synthetic_relation_and_rule,deep,id_test,rule,"11,23,37",answer_accuracy_mean,0.5,1000,results/evidence/read_once/metrics.json,"mean(/deep/0/id_test/rule/accuracy,/deep/1/id_test/rule/accuracy,/deep/2/id_test/rule/accuracy)",historical_aggregate,fraction
single_read_bottleneck,Kev-0.8B frozen features + decision head,synthetic_relation_and_rule,deep,id_test,rule,"11,23,37",answer_accuracy_seed_sd,0.0,1000,results/evidence/read_once/metrics.json,"sample_sd(/deep/0/id_test/rule/accuracy,/deep/1/id_test/rule/accuracy,/deep/2/id_test/rule/accuracy)",historical_aggregate,fraction
single_read_bottleneck,Kev-0.8B frozen features + decision head,synthetic_relation_and_rule,deep,ood_test,all,"11,23,37",answer_accuracy_mean,0.375,2000,results/evidence/read_once/metrics.json,"mean(/deep/0/ood_test/all/accuracy,/deep/1/ood_test/all/accuracy,/deep/2/ood_test/all/accuracy)",historical_aggregate,fraction
single_read_bottleneck,Kev-0.8B frozen features + decision head,synthetic_relation_and_rule,deep,ood_test,all,"11,23,37",answer_accuracy_seed_sd,0.0,2000,results/evidence/read_once/metrics.json,"sample_sd(/deep/0/ood_test/all/accuracy,/deep/1/ood_test/all/accuracy,/deep/2/ood_test/all/accuracy)",historical_aggregate,fraction
single_read_bottleneck,Kev-0.8B frozen features + decision head,synthetic_relation_and_rule,deep,ood_test,relation,"11,23,37",answer_accuracy_mean,0.25,1000,results/evidence/read_once/metrics.json,"mean(/deep/0/ood_test/relation/accuracy,/deep/1/ood_test/relation/accuracy,/deep/2/ood_test/relation/accuracy)",historical_aggregate,fraction
single_read_bottleneck,Kev-0.8B frozen features + decision head,synthetic_relation_and_rule,deep,ood_test,relation,"11,23,37",answer_accuracy_seed_sd,0.0,1000,results/evidence/read_once/metrics.json,"sample_sd(/deep/0/ood_test/relation/accuracy,/deep/1/ood_test/relation/accuracy,/deep/2/ood_test/relation/accuracy)",historical_aggregate,fraction
single_read_bottleneck,Kev-0.8B frozen features + decision head,synthetic_relation_and_rule,deep,ood_test,rule,"11,23,37",answer_accuracy_mean,0.5,1000,results/evidence/read_once/metrics.json,"mean(/deep/0/ood_test/rule/accuracy,/deep/1/ood_test/rule/accuracy,/deep/2/ood_test/rule/accuracy)",historical_aggregate,fraction
single_read_bottleneck,Kev-0.8B frozen features + decision head,synthetic_relation_and_rule,deep,ood_test,rule,"11,23,37",answer_accuracy_seed_sd,0.0,1000,results/evidence/read_once/metrics.json,"sample_sd(/deep/0/ood_test/rule/accuracy,/deep/1/ood_test/rule/accuracy,/deep/2/ood_test/rule/accuracy)",historical_aggregate,fraction
single_read_bottleneck,Kev-0.8B frozen features + decision head,synthetic_relation_and_rule,original,id_test,all,"11,23,37",answer_accuracy_mean,0.7653333333333333,2000,results/evidence/read_once/metrics.json,"mean(/original/0/id_test/all/accuracy,/original/1/id_test/all/accuracy,/original/2/id_test/all/accuracy)",historical_aggregate,fraction
single_read_bottleneck,Kev-0.8B frozen features + decision head,synthetic_relation_and_rule,original,id_test,all,"11,23,37",answer_accuracy_seed_sd,0.011590225767142484,2000,results/evidence/read_once/metrics.json,"sample_sd(/original/0/id_test/all/accuracy,/original/1/id_test/all/accuracy,/original/2/id_test/all/accuracy)",historical_aggregate,fraction
single_read_bottleneck,Kev-0.8B frozen features + decision head,synthetic_relation_and_rule,original,id_test,relation,"11,23,37",answer_accuracy_mean,0.7323333333333333,1000,results/evidence/read_once/metrics.json,"mean(/original/0/id_test/relation/accuracy,/original/1/id_test/relation/accuracy,/original/2/id_test/relation/accuracy)",historical_aggregate,fraction
single_read_bottleneck,Kev-0.8B frozen features + decision head,synthetic_relation_and_rule,original,id_test,relation,"11,23,37",answer_accuracy_seed_sd,0.015044378795195691,1000,results/evidence/read_once/metrics.json,"sample_sd(/original/0/id_test/relation/accuracy,/original/1/id_test/relation/accuracy,/original/2/id_test/relation/accuracy)",historical_aggregate,fraction
single_read_bottleneck,Kev-0.8B frozen features + decision head,synthetic_relation_and_rule,original,id_test,rule,"11,23,37",answer_accuracy_mean,0.7983333333333333,1000,results/evidence/read_once/metrics.json,"mean(/original/0/id_test/rule/accuracy,/original/1/id_test/rule/accuracy,/original/2/id_test/rule/accuracy)",historical_aggregate,fraction
single_read_bottleneck,Kev-0.8B frozen features + decision head,synthetic_relation_and_rule,original,id_test,rule,"11,23,37",answer_accuracy_seed_sd,0.008144527815247084,1000,results/evidence/read_once/metrics.json,"sample_sd(/original/0/id_test/rule/accuracy,/original/1/id_test/rule/accuracy,/original/2/id_test/rule/accuracy)",historical_aggregate,fraction
single_read_bottleneck,Kev-0.8B frozen features + decision head,synthetic_relation_and_rule,original,ood_test,all,"11,23,37",answer_accuracy_mean,0.411,2000,results/evidence/read_once/metrics.json,"mean(/original/0/ood_test/all/accuracy,/original/1/ood_test/all/accuracy,/original/2/ood_test/all/accuracy)",historical_aggregate,fraction
single_read_bottleneck,Kev-0.8B frozen features + decision head,synthetic_relation_and_rule,original,ood_test,all,"11,23,37",answer_accuracy_seed_sd,0.0030000000000000027,2000,results/evidence/read_once/metrics.json,"sample_sd(/original/0/ood_test/all/accuracy,/original/1/ood_test/all/accuracy,/original/2/ood_test/all/accuracy)",historical_aggregate,fraction
single_read_bottleneck,Kev-0.8B frozen features + decision head,synthetic_relation_and_rule,original,ood_test,relation,"11,23,37",answer_accuracy_mean,0.24766666666666667,1000,results/evidence/read_once/metrics.json,"mean(/original/0/ood_test/relation/accuracy,/original/1/ood_test/relation/accuracy,/original/2/ood_test/relation/accuracy)",historical_aggregate,fraction
single_read_bottleneck,Kev-0.8B frozen features + decision head,synthetic_relation_and_rule,original,ood_test,relation,"11,23,37",answer_accuracy_seed_sd,0.01386842937514316,1000,results/evidence/read_once/metrics.json,"sample_sd(/original/0/ood_test/relation/accuracy,/original/1/ood_test/relation/accuracy,/original/2/ood_test/relation/accuracy)",historical_aggregate,fraction
single_read_bottleneck,Kev-0.8B frozen features + decision head,synthetic_relation_and_rule,original,ood_test,rule,"11,23,37",answer_accuracy_mean,0.5743333333333333,1000,results/evidence/read_once/metrics.json,"mean(/original/0/ood_test/rule/accuracy,/original/1/ood_test/rule/accuracy,/original/2/ood_test/rule/accuracy)",historical_aggregate,fraction
single_read_bottleneck,Kev-0.8B frozen features + decision head,synthetic_relation_and_rule,original,ood_test,rule,"11,23,37",answer_accuracy_seed_sd,0.008144527815247084,1000,results/evidence/read_once/metrics.json,"sample_sd(/original/0/ood_test/rule/accuracy,/original/1/ood_test/rule/accuracy,/original/2/ood_test/rule/accuracy)",historical_aggregate,fraction
single_read_bottleneck,Kev-0.8B frozen features + decision head,synthetic_relation_and_rule,recurrent3,id_test,all,"11,23,37",answer_accuracy_mean,0.374,2000,results/evidence/read_once/metrics.json,"mean(/recurrent3/0/id_test/all/accuracy,/recurrent3/1/id_test/all/accuracy,/recurrent3/2/id_test/all/accuracy)",historical_aggregate,fraction
single_read_bottleneck,Kev-0.8B frozen features + decision head,synthetic_relation_and_rule,recurrent3,id_test,all,"11,23,37",answer_accuracy_seed_sd,0.0035000000000000035,2000,results/evidence/read_once/metrics.json,"sample_sd(/recurrent3/0/id_test/all/accuracy,/recurrent3/1/id_test/all/accuracy,/recurrent3/2/id_test/all/accuracy)",historical_aggregate,fraction
single_read_bottleneck,Kev-0.8B frozen features + decision head,synthetic_relation_and_rule,recurrent3,id_test,relation,"11,23,37",answer_accuracy_mean,0.25166666666666665,1000,results/evidence/read_once/metrics.json,"mean(/recurrent3/0/id_test/relation/accuracy,/recurrent3/1/id_test/relation/accuracy,/recurrent3/2/id_test/relation/accuracy)",historical_aggregate,fraction
single_read_bottleneck,Kev-0.8B frozen features + decision head,synthetic_relation_and_rule,recurrent3,id_test,relation,"11,23,37",answer_accuracy_seed_sd,0.005507570547286107,1000,results/evidence/read_once/metrics.json,"sample_sd(/recurrent3/0/id_test/relation/accuracy,/recurrent3/1/id_test/relation/accuracy,/recurrent3/2/id_test/relation/accuracy)",historical_aggregate,fraction
single_read_bottleneck,Kev-0.8B frozen features + decision head,synthetic_relation_and_rule,recurrent3,id_test,rule,"11,23,37",answer_accuracy_mean,0.49633333333333335,1000,results/evidence/read_once/metrics.json,"mean(/recurrent3/0/id_test/rule/accuracy,/recurrent3/1/id_test/rule/accuracy,/recurrent3/2/id_test/rule/accuracy)",historical_aggregate,fraction
single_read_bottleneck,Kev-0.8B frozen features + decision head,synthetic_relation_and_rule,recurrent3,id_test,rule,"11,23,37",answer_accuracy_seed_sd,0.004618802153517011,1000,results/evidence/read_once/metrics.json,"sample_sd(/recurrent3/0/id_test/rule/accuracy,/recurrent3/1/id_test/rule/accuracy,/recurrent3/2/id_test/rule/accuracy)",historical_aggregate,fraction
single_read_bottleneck,Kev-0.8B frozen features + decision head,synthetic_relation_and_rule,recurrent3,ood_test,all,"11,23,37",answer_accuracy_mean,0.37566666666666665,2000,results/evidence/read_once/metrics.json,"mean(/recurrent3/0/ood_test/all/accuracy,/recurrent3/1/ood_test/all/accuracy,/recurrent3/2/ood_test/all/accuracy)",historical_aggregate,fraction
single_read_bottleneck,Kev-0.8B frozen features + decision head,synthetic_relation_and_rule,recurrent3,ood_test,all,"11,23,37",answer_accuracy_seed_sd,0.003752776749732571,2000,results/evidence/read_once/metrics.json,"sample_sd(/recurrent3/0/ood_test/all/accuracy,/recurrent3/1/ood_test/all/accuracy,/recurrent3/2/ood_test/all/accuracy)",historical_aggregate,fraction
single_read_bottleneck,Kev-0.8B frozen features + decision head,synthetic_relation_and_rule,recurrent3,ood_test,relation,"11,23,37",answer_accuracy_mean,0.246,1000,results/evidence/read_once/metrics.json,"mean(/recurrent3/0/ood_test/relation/accuracy,/recurrent3/1/ood_test/relation/accuracy,/recurrent3/2/ood_test/relation/accuracy)",historical_aggregate,fraction
single_read_bottleneck,Kev-0.8B frozen features + decision head,synthetic_relation_and_rule,recurrent3,ood_test,relation,"11,23,37",answer_accuracy_seed_sd,0.005567764362830027,1000,results/evidence/read_once/metrics.json,"sample_sd(/recurrent3/0/ood_test/relation/accuracy,/recurrent3/1/ood_test/relation/accuracy,/recurrent3/2/ood_test/relation/accuracy)",historical_aggregate,fraction
single_read_bottleneck,Kev-0.8B frozen features + decision head,synthetic_relation_and_rule,recurrent3,ood_test,rule,"11,23,37",answer_accuracy_mean,0.5053333333333333,1000,results/evidence/read_once/metrics.json,"mean(/recurrent3/0/ood_test/rule/accuracy,/recurrent3/1/ood_test/rule/accuracy,/recurrent3/2/ood_test/rule/accuracy)",historical_aggregate,fraction
single_read_bottleneck,Kev-0.8B frozen features + decision head,synthetic_relation_and_rule,recurrent3,ood_test,rule,"11,23,37",answer_accuracy_seed_sd,0.006110100926607792,1000,results/evidence/read_once/metrics.json,"sample_sd(/recurrent3/0/ood_test/rule/accuracy,/recurrent3/1/ood_test/rule/accuracy,/recurrent3/2/ood_test/rule/accuracy)",historical_aggregate,fraction
state_interface,Kev-0.8B parser + state interface,synthetic_boolean_rules,continuous,id_test,1,11,answer_accuracy,1.0,334,results/evidence/state_interface/locked_results.json,/id_test/continuous_11/factual/depth_1/answer/value,locked_test,fraction
state_interface,Kev-0.8B parser + state interface,synthetic_boolean_rules,continuous,id_test,1,11,exact_trajectory_accuracy,1.0,334,results/evidence/state_interface/locked_results.json,/id_test/continuous_11/factual/depth_1/exact_trajectory/value,locked_test,fraction
state_interface,Kev-0.8B parser + state interface,synthetic_boolean_rules,continuous,id_test,1,11,executor_answer_accuracy,1.0,334,results/evidence/state_interface/locked_results.json,/id_test/continuous_11/factual/depth_1/exact_executor_answer/value,locked_test,fraction
state_interface,Kev-0.8B parser + state interface,synthetic_boolean_rules,continuous,id_test,1,11,gold_input_executor_answer_accuracy,1.0,334,results/evidence/state_interface/locked_results.json,/id_test/continuous_11/factual/depth_1/gold_input_executor_answer/value,locked_test,fraction
state_interface,Kev-0.8B parser + state interface,synthetic_boolean_rules,continuous,id_test,1,11,parser_exact_accuracy,1.0,334,results/evidence/state_interface/locked_results.json,/id_test/continuous_11/factual/depth_1/parser_exact/value,locked_test,fraction
state_interface,Kev-0.8B parser + state interface,synthetic_boolean_rules,continuous,id_test,1,23,answer_accuracy,1.0,334,results/evidence/state_interface/locked_results.json,/id_test/continuous_23/factual/depth_1/answer/value,locked_test,fraction
state_interface,Kev-0.8B parser + state interface,synthetic_boolean_rules,continuous,id_test,1,23,exact_trajectory_accuracy,1.0,334,results/evidence/state_interface/locked_results.json,/id_test/continuous_23/factual/depth_1/exact_trajectory/value,locked_test,fraction
state_interface,Kev-0.8B parser + state interface,synthetic_boolean_rules,continuous,id_test,1,23,executor_answer_accuracy,1.0,334,results/evidence/state_interface/locked_results.json,/id_test/continuous_23/factual/depth_1/exact_executor_answer/value,locked_test,fraction
state_interface,Kev-0.8B parser + state interface,synthetic_boolean_rules,continuous,id_test,1,23,gold_input_executor_answer_accuracy,1.0,334,results/evidence/state_interface/locked_results.json,/id_test/continuous_23/factual/depth_1/gold_input_executor_answer/value,locked_test,fraction
state_interface,Kev-0.8B parser + state interface,synthetic_boolean_rules,continuous,id_test,1,23,parser_exact_accuracy,1.0,334,results/evidence/state_interface/locked_results.json,/id_test/continuous_23/factual/depth_1/parser_exact/value,locked_test,fraction
state_interface,Kev-0.8B parser + state interface,synthetic_boolean_rules,continuous,id_test,1,37,answer_accuracy,1.0,334,results/evidence/state_interface/locked_results.json,/id_test/continuous_37/factual/depth_1/answer/value,locked_test,fraction
state_interface,Kev-0.8B parser + state interface,synthetic_boolean_rules,continuous,id_test,1,37,exact_trajectory_accuracy,1.0,334,results/evidence/state_interface/locked_results.json,/id_test/continuous_37/factual/depth_1/exact_trajectory/value,locked_test,fraction
state_interface,Kev-0.8B parser + state interface,synthetic_boolean_rules,continuous,id_test,1,37,executor_answer_accuracy,1.0,334,results/evidence/state_interface/locked_results.json,/id_test/continuous_37/factual/depth_1/exact_executor_answer/value,locked_test,fraction
state_interface,Kev-0.8B parser + state interface,synthetic_boolean_rules,continuous,id_test,1,37,gold_input_executor_answer_accuracy,1.0,334,results/evidence/state_interface/locked_results.json,/id_test/continuous_37/factual/depth_1/gold_input_executor_answer/value,locked_test,fraction
state_interface,Kev-0.8B parser + state interface,synthetic_boolean_rules,continuous,id_test,1,37,parser_exact_accuracy,1.0,334,results/evidence/state_interface/locked_results.json,/id_test/continuous_37/factual/depth_1/parser_exact/value,locked_test,fraction
state_interface,Kev-0.8B parser + state interface,synthetic_boolean_rules,continuous,id_test,2,11,answer_accuracy,0.9940119760479041,334,results/evidence/state_interface/locked_results.json,/id_test/continuous_11/factual/depth_2/answer/value,locked_test,fraction
state_interface,Kev-0.8B parser + state interface,synthetic_boolean_rules,continuous,id_test,2,11,exact_trajectory_accuracy,0.9910179640718563,334,results/evidence/state_interface/locked_results.json,/id_test/continuous_11/factual/depth_2/exact_trajectory/value,locked_test,fraction
state_interface,Kev-0.8B parser + state interface,synthetic_boolean_rules,continuous,id_test,2,11,executor_answer_accuracy,0.9940119760479041,334,results/evidence/state_interface/locked_results.json,/id_test/continuous_11/factual/depth_2/exact_executor_answer/value,locked_test,fraction
state_interface,Kev-0.8B parser + state interface,synthetic_boolean_rules,continuous,id_test,2,11,gold_input_executor_answer_accuracy,1.0,334,results/evidence/state_interface/locked_results.json,/id_test/continuous_11/factual/depth_2/gold_input_executor_answer/value,locked_test,fraction
state_interface,Kev-0.8B parser + state interface,synthetic_boolean_rules,continuous,id_test,2,11,parser_exact_accuracy,0.9910179640718563,334,results/evidence/state_interface/locked_results.json,/id_test/continuous_11/factual/depth_2/parser_exact/value,locked_test,fraction
state_interface,Kev-0.8B parser + state interface,synthetic_boolean_rules,continuous,id_test,2,23,answer_accuracy,0.9940119760479041,334,results/evidence/state_interface/locked_results.json,/id_test/continuous_23/factual/depth_2/answer/value,locked_test,fraction
state_interface,Kev-0.8B parser + state interface,synthetic_boolean_rules,continuous,id_test,2,23,exact_trajectory_accuracy,0.9910179640718563,334,results/evidence/state_interface/locked_results.json,/id_test/continuous_23/factual/depth_2/exact_trajectory/value,locked_test,fraction
state_interface,Kev-0.8B parser + state interface,synthetic_boolean_rules,continuous,id_test,2,23,executor_answer_accuracy,0.9940119760479041,334,results/evidence/state_interface/locked_results.json,/id_test/continuous_23/factual/depth_2/exact_executor_answer/value,locked_test,fraction
state_interface,Kev-0.8B parser + state interface,synthetic_boolean_rules,continuous,id_test,2,23,gold_input_executor_answer_accuracy,1.0,334,results/evidence/state_interface/locked_results.json,/id_test/continuous_23/factual/depth_2/gold_input_executor_answer/value,locked_test,fraction
state_interface,Kev-0.8B parser + state interface,synthetic_boolean_rules,continuous,id_test,2,23,parser_exact_accuracy,0.9910179640718563,334,results/evidence/state_interface/locked_results.json,/id_test/continuous_23/factual/depth_2/parser_exact/value,locked_test,fraction
state_interface,Kev-0.8B parser + state interface,synthetic_boolean_rules,continuous,id_test,2,37,answer_accuracy,0.9940119760479041,334,results/evidence/state_interface/locked_results.json,/id_test/continuous_37/factual/depth_2/answer/value,locked_test,fraction
state_interface,Kev-0.8B parser + state interface,synthetic_boolean_rules,continuous,id_test,2,37,exact_trajectory_accuracy,0.9910179640718563,334,results/evidence/state_interface/locked_results.json,/id_test/continuous_37/factual/depth_2/exact_trajectory/value,locked_test,fraction
state_interface,Kev-0.8B parser + state interface,synthetic_boolean_rules,continuous,id_test,2,37,executor_answer_accuracy,0.9940119760479041,334,results/evidence/state_interface/locked_results.json,/id_test/continuous_37/factual/depth_2/exact_executor_answer/value,locked_test,fraction
state_interface,Kev-0.8B parser + state interface,synthetic_boolean_rules,continuous,id_test,2,37,gold_input_executor_answer_accuracy,1.0,334,results/evidence/state_interface/locked_results.json,/id_test/continuous_37/factual/depth_2/gold_input_executor_answer/value,locked_test,fraction
state_interface,Kev-0.8B parser + state interface,synthetic_boolean_rules,continuous,id_test,2,37,parser_exact_accuracy,0.9910179640718563,334,results/evidence/state_interface/locked_results.json,/id_test/continuous_37/factual/depth_2/parser_exact/value,locked_test,fraction
state_interface,Kev-0.8B parser + state interface,synthetic_boolean_rules,continuous,id_test,3,11,answer_accuracy,0.9879518072289156,332,results/evidence/state_interface/locked_results.json,/id_test/continuous_11/factual/depth_3/answer/value,locked_test,fraction
state_interface,Kev-0.8B parser + state interface,synthetic_boolean_rules,continuous,id_test,3,11,exact_trajectory_accuracy,0.9849397590361446,332,results/evidence/state_interface/locked_results.json,/id_test/continuous_11/factual/depth_3/exact_trajectory/value,locked_test,fraction
state_interface,Kev-0.8B parser + state interface,synthetic_boolean_rules,continuous,id_test,3,11,executor_answer_accuracy,0.9879518072289156,332,results/evidence/state_interface/locked_results.json,/id_test/continuous_11/factual/depth_3/exact_executor_answer/value,locked_test,fraction
state_interface,Kev-0.8B parser + state interface,synthetic_boolean_rules,continuous,id_test,3,11,gold_input_executor_answer_accuracy,1.0,332,results/evidence/state_interface/locked_results.json,/id_test/continuous_11/factual/depth_3/gold_input_executor_answer/value,locked_test,fraction
state_interface,Kev-0.8B parser + state interface,synthetic_boolean_rules,continuous,id_test,3,11,parser_exact_accuracy,0.963855421686747,332,results/evidence/state_interface/locked_results.json,/id_test/continuous_11/factual/depth_3/parser_exact/value,locked_test,fraction
state_interface,Kev-0.8B parser + state interface,synthetic_boolean_rules,continuous,id_test,3,23,answer_accuracy,0.9879518072289156,332,results/evidence/state_interface/locked_results.json,/id_test/continuous_23/factual/depth_3/answer/value,locked_test,fraction
state_interface,Kev-0.8B parser + state interface,synthetic_boolean_rules,continuous,id_test,3,23,exact_trajectory_accuracy,0.9849397590361446,332,results/evidence/state_interface/locked_results.json,/id_test/continuous_23/factual/depth_3/exact_trajectory/value,locked_test,fraction
state_interface,Kev-0.8B parser + state interface,synthetic_boolean_rules,continuous,id_test,3,23,executor_answer_accuracy,0.9879518072289156,332,results/evidence/state_interface/locked_results.json,/id_test/continuous_23/factual/depth_3/exact_executor_answer/value,locked_test,fraction
state_interface,Kev-0.8B parser + state interface,synthetic_boolean_rules,continuous,id_test,3,23,gold_input_executor_answer_accuracy,1.0,332,results/evidence/state_interface/locked_results.json,/id_test/continuous_23/factual/depth_3/gold_input_executor_answer/value,locked_test,fraction
state_interface,Kev-0.8B parser + state interface,synthetic_boolean_rules,continuous,id_test,3,23,parser_exact_accuracy,0.963855421686747,332,results/evidence/state_interface/locked_results.json,/id_test/continuous_23/factual/depth_3/parser_exact/value,locked_test,fraction
state_interface,Kev-0.8B parser + state interface,synthetic_boolean_rules,continuous,id_test,3,37,answer_accuracy,0.9879518072289156,332,results/evidence/state_interface/locked_results.json,/id_test/continuous_37/factual/depth_3/answer/value,locked_test,fraction
state_interface,Kev-0.8B parser + state interface,synthetic_boolean_rules,continuous,id_test,3,37,exact_trajectory_accuracy,0.9849397590361446,332,results/evidence/state_interface/locked_results.json,/id_test/continuous_37/factual/depth_3/exact_trajectory/value,locked_test,fraction
state_interface,Kev-0.8B parser + state interface,synthetic_boolean_rules,continuous,id_test,3,37,executor_answer_accuracy,0.9879518072289156,332,results/evidence/state_interface/locked_results.json,/id_test/continuous_37/factual/depth_3/exact_executor_answer/value,locked_test,fraction
state_interface,Kev-0.8B parser + state interface,synthetic_boolean_rules,continuous,id_test,3,37,gold_input_executor_answer_accuracy,1.0,332,results/evidence/state_interface/locked_results.json,/id_test/continuous_37/factual/depth_3/gold_input_executor_answer/value,locked_test,fraction
state_interface,Kev-0.8B parser + state interface,synthetic_boolean_rules,continuous,id_test,3,37,parser_exact_accuracy,0.963855421686747,332,results/evidence/state_interface/locked_results.json,/id_test/continuous_37/factual/depth_3/parser_exact/value,locked_test,fraction
state_interface,Kev-0.8B parser + state interface,synthetic_boolean_rules,continuous,id_test,all,11,answer_accuracy,0.994,1000,results/evidence/state_interface/locked_results.json,/id_test/continuous_11/factual/all/answer/value,locked_test,fraction
state_interface,Kev-0.8B parser + state interface,synthetic_boolean_rules,continuous,id_test,all,11,exact_trajectory_accuracy,0.992,1000,results/evidence/state_interface/locked_results.json,/id_test/continuous_11/factual/all/exact_trajectory/value,locked_test,fraction
state_interface,Kev-0.8B parser + state interface,synthetic_boolean_rules,continuous,id_test,all,11,executor_answer_accuracy,0.994,1000,results/evidence/state_interface/locked_results.json,/id_test/continuous_11/factual/all/exact_executor_answer/value,locked_test,fraction
state_interface,Kev-0.8B parser + state interface,synthetic_boolean_rules,continuous,id_test,all,11,gold_input_executor_answer_accuracy,1.0,1000,results/evidence/state_interface/locked_results.json,/id_test/continuous_11/factual/all/gold_input_executor_answer/value,locked_test,fraction
state_interface,Kev-0.8B parser + state interface,synthetic_boolean_rules,continuous,id_test,all,11,parser_exact_accuracy,0.985,1000,results/evidence/state_interface/locked_results.json,/id_test/continuous_11/factual/all/parser_exact/value,locked_test,fraction
state_interface,Kev-0.8B parser + state interface,synthetic_boolean_rules,continuous,id_test,all,23,answer_accuracy,0.994,1000,results/evidence/state_interface/locked_results.json,/id_test/continuous_23/factual/all/answer/value,locked_test,fraction
state_interface,Kev-0.8B parser + state interface,synthetic_boolean_rules,continuous,id_test,all,23,exact_trajectory_accuracy,0.992,1000,results/evidence/state_interface/locked_results.json,/id_test/continuous_23/factual/all/exact_trajectory/value,locked_test,fraction
state_interface,Kev-0.8B parser + state interface,synthetic_boolean_rules,continuous,id_test,all,23,executor_answer_accuracy,0.994,1000,results/evidence/state_interface/locked_results.json,/id_test/continuous_23/factual/all/exact_executor_answer/value,locked_test,fraction
state_interface,Kev-0.8B parser + state interface,synthetic_boolean_rules,continuous,id_test,all,23,gold_input_executor_answer_accuracy,1.0,1000,results/evidence/state_interface/locked_results.json,/id_test/continuous_23/factual/all/gold_input_executor_answer/value,locked_test,fraction
state_interface,Kev-0.8B parser + state interface,synthetic_boolean_rules,continuous,id_test,all,23,parser_exact_accuracy,0.985,1000,results/evidence/state_interface/locked_results.json,/id_test/continuous_23/factual/all/parser_exact/value,locked_test,fraction
state_interface,Kev-0.8B parser + state interface,synthetic_boolean_rules,continuous,id_test,all,37,answer_accuracy,0.994,1000,results/evidence/state_interface/locked_results.json,/id_test/continuous_37/factual/all/answer/value,locked_test,fraction
state_interface,Kev-0.8B parser + state interface,synthetic_boolean_rules,continuous,id_test,all,37,exact_trajectory_accuracy,0.992,1000,results/evidence/state_interface/locked_results.json,/id_test/continuous_37/factual/all/exact_trajectory/value,locked_test,fraction
state_interface,Kev-0.8B parser + state interface,synthetic_boolean_rules,continuous,id_test,all,37,executor_answer_accuracy,0.994,1000,results/evidence/state_interface/locked_results.json,/id_test/continuous_37/factual/all/exact_executor_answer/value,locked_test,fraction
state_interface,Kev-0.8B parser + state interface,synthetic_boolean_rules,continuous,id_test,all,37,gold_input_executor_answer_accuracy,1.0,1000,results/evidence/state_interface/locked_results.json,/id_test/continuous_37/factual/all/gold_input_executor_answer/value,locked_test,fraction
state_interface,Kev-0.8B parser + state interface,synthetic_boolean_rules,continuous,id_test,all,37,parser_exact_accuracy,0.985,1000,results/evidence/state_interface/locked_results.json,/id_test/continuous_37/factual/all/parser_exact/value,locked_test,fraction
state_interface,Kev-0.8B parser + state interface,synthetic_boolean_rules,continuous,ood_test,10,11,answer_accuracy,0.95,200,results/evidence/state_interface/locked_results.json,/ood_test/continuous_11/factual/depth_10/answer/value,locked_test,fraction
state_interface,Kev-0.8B parser + state interface,synthetic_boolean_rules,continuous,ood_test,10,11,effectful_copy_conditioned_consistency,1.0,102,results/evidence/state_interface/locked_results.json,/ood_test/continuous_11/counterfactual/depth_10~1effectful_copy_conditioned/consistency,locked_test,fraction
state_interface,Kev-0.8B parser + state interface,synthetic_boolean_rules,continuous,ood_test,10,11,effectful_copy_conditioned_correct_direction_flip,1.0,102,results/evidence/state_interface/locked_results.json,/ood_test/continuous_11/counterfactual/depth_10~1effectful_copy_conditioned/correct_direction_flip,locked_test,fraction
state_interface,Kev-0.8B parser + state interface,synthetic_boolean_rules,continuous,ood_test,10,11,effectful_copy_consistency,0.8759124087591241,137,results/evidence/state_interface/locked_results.json,/ood_test/continuous_11/counterfactual/depth_10~1effectful_copy/consistency,locked_test,fraction
state_interface,Kev-0.8B parser + state interface,synthetic_boolean_rules,continuous,ood_test,10,11,effectful_copy_correct_direction_flip,0.8540145985401459,137,results/evidence/state_interface/locked_results.json,/ood_test/continuous_11/counterfactual/depth_10~1effectful_copy/correct_direction_flip,locked_test,fraction
state_interface,Kev-0.8B parser + state interface,synthetic_boolean_rules,continuous,ood_test,10,11,effectful_noncopy_conditioned_consistency,1.0,115,results/evidence/state_interface/locked_results.json,/ood_test/continuous_11/counterfactual/depth_10~1effectful_noncopy_conditioned/consistency,locked_test,fraction
state_interface,Kev-0.8B parser + state interface,synthetic_boolean_rules,continuous,ood_test,10,11,effectful_noncopy_conditioned_correct_direction_flip,1.0,115,results/evidence/state_interface/locked_results.json,/ood_test/continuous_11/counterfactual/depth_10~1effectful_noncopy_conditioned/correct_direction_flip,locked_test,fraction
state_interface,Kev-0.8B parser + state interface,synthetic_boolean_rules,continuous,ood_test,10,11,effectful_noncopy_consistency,0.8974358974358975,156,results/evidence/state_interface/locked_results.json,/ood_test/continuous_11/counterfactual/depth_10~1effectful_noncopy/consistency,locked_test,fraction
state_interface,Kev-0.8B parser + state interface,synthetic_boolean_rules,continuous,ood_test,10,11,effectful_noncopy_correct_direction_flip,0.8333333333333334,156,results/evidence/state_interface/locked_results.json,/ood_test/continuous_11/counterfactual/depth_10~1effectful_noncopy/correct_direction_flip,locked_test,fraction
state_interface,Kev-0.8B parser + state interface,synthetic_boolean_rules,continuous,ood_test,10,11,exact_trajectory_accuracy,0.87,200,results/evidence/state_interface/locked_results.json,/ood_test/continuous_11/factual/depth_10/exact_trajectory/value,locked_test,fraction
state_interface,Kev-0.8B parser + state interface,synthetic_boolean_rules,continuous,ood_test,10,11,executor_answer_accuracy,0.95,200,results/evidence/state_interface/locked_results.json,/ood_test/continuous_11/factual/depth_10/exact_executor_answer/value,locked_test,fraction
state_interface,Kev-0.8B parser + state interface,synthetic_boolean_rules,continuous,ood_test,10,11,gold_input_executor_answer_accuracy,1.0,200,results/evidence/state_interface/locked_results.json,/ood_test/continuous_11/factual/depth_10/gold_input_executor_answer/value,locked_test,fraction
state_interface,Kev-0.8B parser + state interface,synthetic_boolean_rules,continuous,ood_test,10,11,parser_exact_accuracy,0.755,200,results/evidence/state_interface/locked_results.json,/ood_test/continuous_11/factual/depth_10/parser_exact/value,locked_test,fraction
state_interface,Kev-0.8B parser + state interface,synthetic_boolean_rules,continuous,ood_test,10,23,answer_accuracy,0.94,200,results/evidence/state_interface/locked_results.json,/ood_test/continuous_23/factual/depth_10/answer/value,locked_test,fraction
state_interface,Kev-0.8B parser + state interface,synthetic_boolean_rules,continuous,ood_test,10,23,effectful_copy_conditioned_consistency,0.9901960784313726,102,results/evidence/state_interface/locked_results.json,/ood_test/continuous_23/counterfactual/depth_10~1effectful_copy_conditioned/consistency,locked_test,fraction
state_interface,Kev-0.8B parser + state interface,synthetic_boolean_rules,continuous,ood_test,10,23,effectful_copy_conditioned_correct_direction_flip,0.9313725490196079,102,results/evidence/state_interface/locked_results.json,/ood_test/continuous_23/counterfactual/depth_10~1effectful_copy_conditioned/correct_direction_flip,locked_test,fraction
state_interface,Kev-0.8B parser + state interface,synthetic_boolean_rules,continuous,ood_test,10,23,effectful_copy_consistency,0.8686131386861314,137,results/evidence/state_interface/locked_results.json,/ood_test/continuous_23/counterfactual/depth_10~1effectful_copy/consistency,locked_test,fraction
state_interface,Kev-0.8B parser + state interface,synthetic_boolean_rules,continuous,ood_test,10,23,effectful_copy_correct_direction_flip,0.8029197080291971,137,results/evidence/state_interface/locked_results.json,/ood_test/continuous_23/counterfactual/depth_10~1effectful_copy/correct_direction_flip,locked_test,fraction
state_interface,Kev-0.8B parser + state interface,synthetic_boolean_rules,continuous,ood_test,10,23,effectful_noncopy_conditioned_consistency,0.9739130434782609,115,results/evidence/state_interface/locked_results.json,/ood_test/continuous_23/counterfactual/depth_10~1effectful_noncopy_conditioned/consistency,locked_test,fraction
state_interface,Kev-0.8B parser + state interface,synthetic_boolean_rules,continuous,ood_test,10,23,effectful_noncopy_conditioned_correct_direction_flip,0.9478260869565217,115,results/evidence/state_interface/locked_results.json,/ood_test/continuous_23/counterfactual/depth_10~1effectful_noncopy_conditioned/correct_direction_flip,locked_test,fraction
state_interface,Kev-0.8B parser + state interface,synthetic_boolean_rules,continuous,ood_test,10,23,effectful_noncopy_consistency,0.8782051282051282,156,results/evidence/state_interface/locked_results.json,/ood_test/continuous_23/counterfactual/depth_10~1effectful_noncopy/consistency,locked_test,fraction
state_interface,Kev-0.8B parser + state interface,synthetic_boolean_rules,continuous,ood_test,10,23,effectful_noncopy_correct_direction_flip,0.7948717948717948,156,results/evidence/state_interface/locked_results.json,/ood_test/continuous_23/counterfactual/depth_10~1effectful_noncopy/correct_direction_flip,locked_test,fraction
state_interface,Kev-0.8B parser + state interface,synthetic_boolean_rules,continuous,ood_test,10,23,exact_trajectory_accuracy,0.855,200,results/evidence/state_interface/locked_results.json,/ood_test/continuous_23/factual/depth_10/exact_trajectory/value,locked_test,fraction
state_interface,Kev-0.8B parser + state interface,synthetic_boolean_rules,continuous,ood_test,10,23,executor_answer_accuracy,0.95,200,results/evidence/state_interface/locked_results.json,/ood_test/continuous_23/factual/depth_10/exact_executor_answer/value,locked_test,fraction
state_interface,Kev-0.8B parser + state interface,synthetic_boolean_rules,continuous,ood_test,10,23,gold_input_executor_answer_accuracy,0.99,200,results/evidence/state_interface/locked_results.json,/ood_test/continuous_23/factual/depth_10/gold_input_executor_answer/value,locked_test,fraction
state_interface,Kev-0.8B parser + state interface,synthetic_boolean_rules,continuous,ood_test,10,23,parser_exact_accuracy,0.755,200,results/evidence/state_interface/locked_results.json,/ood_test/continuous_23/factual/depth_10/parser_exact/value,locked_test,fraction
state_interface,Kev-0.8B parser + state interface,synthetic_boolean_rules,continuous,ood_test,10,37,answer_accuracy,0.95,200,results/evidence/state_interface/locked_results.json,/ood_test/continuous_37/factual/depth_10/answer/value,locked_test,fraction
state_interface,Kev-0.8B parser + state interface,synthetic_boolean_rules,continuous,ood_test,10,37,effectful_copy_conditioned_consistency,1.0,102,results/evidence/state_interface/locked_results.json,/ood_test/continuous_37/counterfactual/depth_10~1effectful_copy_conditioned/consistency,locked_test,fraction
state_interface,Kev-0.8B parser + state interface,synthetic_boolean_rules,continuous,ood_test,10,37,effectful_copy_conditioned_correct_direction_flip,1.0,102,results/evidence/state_interface/locked_results.json,/ood_test/continuous_37/counterfactual/depth_10~1effectful_copy_conditioned/correct_direction_flip,locked_test,fraction
state_interface,Kev-0.8B parser + state interface,synthetic_boolean_rules,continuous,ood_test,10,37,effectful_copy_consistency,0.8759124087591241,137,results/evidence/state_interface/locked_results.json,/ood_test/continuous_37/counterfactual/depth_10~1effectful_copy/consistency,locked_test,fraction
state_interface,Kev-0.8B parser + state interface,synthetic_boolean_rules,continuous,ood_test,10,37,effectful_copy_correct_direction_flip,0.8540145985401459,137,results/evidence/state_interface/locked_results.json,/ood_test/continuous_37/counterfactual/depth_10~1effectful_copy/correct_direction_flip,locked_test,fraction
state_interface,Kev-0.8B parser + state interface,synthetic_boolean_rules,continuous,ood_test,10,37,effectful_noncopy_conditioned_consistency,1.0,115,results/evidence/state_interface/locked_results.json,/ood_test/continuous_37/counterfactual/depth_10~1effectful_noncopy_conditioned/consistency,locked_test,fraction
state_interface,Kev-0.8B parser + state interface,synthetic_boolean_rules,continuous,ood_test,10,37,effectful_noncopy_conditioned_correct_direction_flip,1.0,115,results/evidence/state_interface/locked_results.json,/ood_test/continuous_37/counterfactual/depth_10~1effectful_noncopy_conditioned/correct_direction_flip,locked_test,fraction
state_interface,Kev-0.8B parser + state interface,synthetic_boolean_rules,continuous,ood_test,10,37,effectful_noncopy_consistency,0.8974358974358975,156,results/evidence/state_interface/locked_results.json,/ood_test/continuous_37/counterfactual/depth_10~1effectful_noncopy/consistency,locked_test,fraction
state_interface,Kev-0.8B parser + state interface,synthetic_boolean_rules,continuous,ood_test,10,37,effectful_noncopy_correct_direction_flip,0.8333333333333334,156,results/evidence/state_interface/locked_results.json,/ood_test/continuous_37/counterfactual/depth_10~1effectful_noncopy/correct_direction_flip,locked_test,fraction
state_interface,Kev-0.8B parser + state interface,synthetic_boolean_rules,continuous,ood_test,10,37,exact_trajectory_accuracy,0.87,200,results/evidence/state_interface/locked_results.json,/ood_test/continuous_37/factual/depth_10/exact_trajectory/value,locked_test,fraction
state_interface,Kev-0.8B parser + state interface,synthetic_boolean_rules,continuous,ood_test,10,37,executor_answer_accuracy,0.95,200,results/evidence/state_interface/locked_results.json,/ood_test/continuous_37/factual/depth_10/exact_executor_answer/value,locked_test,fraction
state_interface,Kev-0.8B parser + state interface,synthetic_boolean_rules,continuous,ood_test,10,37,gold_input_executor_answer_accuracy,1.0,200,results/evidence/state_interface/locked_results.json,/ood_test/continuous_37/factual/depth_10/gold_input_executor_answer/value,locked_test,fraction
state_interface,Kev-0.8B parser + state interface,synthetic_boolean_rules,continuous,ood_test,10,37,parser_exact_accuracy,0.755,200,results/evidence/state_interface/locked_results.json,/ood_test/continuous_37/factual/depth_10/parser_exact/value,locked_test,fraction
state_interface,Kev-0.8B parser + state interface,synthetic_boolean_rules,continuous,ood_test,4,11,answer_accuracy,0.99,200,results/evidence/state_interface/locked_results.json,/ood_test/continuous_11/factual/depth_4/answer/value,locked_test,fraction
state_interface,Kev-0.8B parser + state interface,synthetic_boolean_rules,continuous,ood_test,4,11,effectful_copy_conditioned_consistency,1.0,92,results/evidence/state_interface/locked_results.json,/ood_test/continuous_11/counterfactual/depth_4~1effectful_copy_conditioned/consistency,locked_test,fraction
state_interface,Kev-0.8B parser + state interface,synthetic_boolean_rules,continuous,ood_test,4,11,effectful_copy_conditioned_correct_direction_flip,1.0,92,results/evidence/state_interface/locked_results.json,/ood_test/continuous_11/counterfactual/depth_4~1effectful_copy_conditioned/correct_direction_flip,locked_test,fraction
state_interface,Kev-0.8B parser + state interface,synthetic_boolean_rules,continuous,ood_test,4,11,effectful_copy_consistency,0.9619047619047619,105,results/evidence/state_interface/locked_results.json,/ood_test/continuous_11/counterfactual/depth_4~1effectful_copy/consistency,locked_test,fraction
state_interface,Kev-0.8B parser + state interface,synthetic_boolean_rules,continuous,ood_test,4,11,effectful_copy_correct_direction_flip,0.9047619047619048,105,results/evidence/state_interface/locked_results.json,/ood_test/continuous_11/counterfactual/depth_4~1effectful_copy/correct_direction_flip,locked_test,fraction
state_interface,Kev-0.8B parser + state interface,synthetic_boolean_rules,continuous,ood_test,4,11,effectful_noncopy_conditioned_consistency,1.0,94,results/evidence/state_interface/locked_results.json,/ood_test/continuous_11/counterfactual/depth_4~1effectful_noncopy_conditioned/consistency,locked_test,fraction
state_interface,Kev-0.8B parser + state interface,synthetic_boolean_rules,continuous,ood_test,4,11,effectful_noncopy_conditioned_correct_direction_flip,1.0,94,results/evidence/state_interface/locked_results.json,/ood_test/continuous_11/counterfactual/depth_4~1effectful_noncopy_conditioned/correct_direction_flip,locked_test,fraction
state_interface,Kev-0.8B parser + state interface,synthetic_boolean_rules,continuous,ood_test,4,11,effectful_noncopy_consistency,0.970873786407767,103,results/evidence/state_interface/locked_results.json,/ood_test/continuous_11/counterfactual/depth_4~1effectful_noncopy/consistency,locked_test,fraction
state_interface,Kev-0.8B parser + state interface,synthetic_boolean_rules,continuous,ood_test,4,11,effectful_noncopy_correct_direction_flip,0.970873786407767,103,results/evidence/state_interface/locked_results.json,/ood_test/continuous_11/counterfactual/depth_4~1effectful_noncopy/correct_direction_flip,locked_test,fraction
state_interface,Kev-0.8B parser + state interface,synthetic_boolean_rules,continuous,ood_test,4,11,exact_trajectory_accuracy,0.98,200,results/evidence/state_interface/locked_results.json,/ood_test/continuous_11/factual/depth_4/exact_trajectory/value,locked_test,fraction
state_interface,Kev-0.8B parser + state interface,synthetic_boolean_rules,continuous,ood_test,4,11,executor_answer_accuracy,0.99,200,results/evidence/state_interface/locked_results.json,/ood_test/continuous_11/factual/depth_4/exact_executor_answer/value,locked_test,fraction
state_interface,Kev-0.8B parser + state interface,synthetic_boolean_rules,continuous,ood_test,4,11,gold_input_executor_answer_accuracy,1.0,200,results/evidence/state_interface/locked_results.json,/ood_test/continuous_11/factual/depth_4/gold_input_executor_answer/value,locked_test,fraction
state_interface,Kev-0.8B parser + state interface,synthetic_boolean_rules,continuous,ood_test,4,11,parser_exact_accuracy,0.935,200,results/evidence/state_interface/locked_results.json,/ood_test/continuous_11/factual/depth_4/parser_exact/value,locked_test,fraction
state_interface,Kev-0.8B parser + state interface,synthetic_boolean_rules,continuous,ood_test,4,23,answer_accuracy,0.99,200,results/evidence/state_interface/locked_results.json,/ood_test/continuous_23/factual/depth_4/answer/value,locked_test,fraction
state_interface,Kev-0.8B parser + state interface,synthetic_boolean_rules,continuous,ood_test,4,23,effectful_copy_conditioned_consistency,1.0,92,results/evidence/state_interface/locked_results.json,/ood_test/continuous_23/counterfactual/depth_4~1effectful_copy_conditioned/consistency,locked_test,fraction
state_interface,Kev-0.8B parser + state interface,synthetic_boolean_rules,continuous,ood_test,4,23,effectful_copy_conditioned_correct_direction_flip,1.0,92,results/evidence/state_interface/locked_results.json,/ood_test/continuous_23/counterfactual/depth_4~1effectful_copy_conditioned/correct_direction_flip,locked_test,fraction
state_interface,Kev-0.8B parser + state interface,synthetic_boolean_rules,continuous,ood_test,4,23,effectful_copy_consistency,0.9619047619047619,105,results/evidence/state_interface/locked_results.json,/ood_test/continuous_23/counterfactual/depth_4~1effectful_copy/consistency,locked_test,fraction
state_interface,Kev-0.8B parser + state interface,synthetic_boolean_rules,continuous,ood_test,4,23,effectful_copy_correct_direction_flip,0.9047619047619048,105,results/evidence/state_interface/locked_results.json,/ood_test/continuous_23/counterfactual/depth_4~1effectful_copy/correct_direction_flip,locked_test,fraction
state_interface,Kev-0.8B parser + state interface,synthetic_boolean_rules,continuous,ood_test,4,23,effectful_noncopy_conditioned_consistency,1.0,94,results/evidence/state_interface/locked_results.json,/ood_test/continuous_23/counterfactual/depth_4~1effectful_noncopy_conditioned/consistency,locked_test,fraction
state_interface,Kev-0.8B parser + state interface,synthetic_boolean_rules,continuous,ood_test,4,23,effectful_noncopy_conditioned_correct_direction_flip,1.0,94,results/evidence/state_interface/locked_results.json,/ood_test/continuous_23/counterfactual/depth_4~1effectful_noncopy_conditioned/correct_direction_flip,locked_test,fraction
state_interface,Kev-0.8B parser + state interface,synthetic_boolean_rules,continuous,ood_test,4,23,effectful_noncopy_consistency,0.970873786407767,103,results/evidence/state_interface/locked_results.json,/ood_test/continuous_23/counterfactual/depth_4~1effectful_noncopy/consistency,locked_test,fraction
state_interface,Kev-0.8B parser + state interface,synthetic_boolean_rules,continuous,ood_test,4,23,effectful_noncopy_correct_direction_flip,0.970873786407767,103,results/evidence/state_interface/locked_results.json,/ood_test/continuous_23/counterfactual/depth_4~1effectful_noncopy/correct_direction_flip,locked_test,fraction
state_interface,Kev-0.8B parser + state interface,synthetic_boolean_rules,continuous,ood_test,4,23,exact_trajectory_accuracy,0.98,200,results/evidence/state_interface/locked_results.json,/ood_test/continuous_23/factual/depth_4/exact_trajectory/value,locked_test,fraction
state_interface,Kev-0.8B parser + state interface,synthetic_boolean_rules,continuous,ood_test,4,23,executor_answer_accuracy,0.99,200,results/evidence/state_interface/locked_results.json,/ood_test/continuous_23/factual/depth_4/exact_executor_answer/value,locked_test,fraction
state_interface,Kev-0.8B parser + state interface,synthetic_boolean_rules,continuous,ood_test,4,23,gold_input_executor_answer_accuracy,1.0,200,results/evidence/state_interface/locked_results.json,/ood_test/continuous_23/factual/depth_4/gold_input_executor_answer/value,locked_test,fraction
state_interface,Kev-0.8B parser + state interface,synthetic_boolean_rules,continuous,ood_test,4,23,parser_exact_accuracy,0.935,200,results/evidence/state_interface/locked_results.json,/ood_test/continuous_23/factual/depth_4/parser_exact/value,locked_test,fraction
state_interface,Kev-0.8B parser + state interface,synthetic_boolean_rules,continuous,ood_test,4,37,answer_accuracy,0.99,200,results/evidence/state_interface/locked_results.json,/ood_test/continuous_37/factual/depth_4/answer/value,locked_test,fraction
state_interface,Kev-0.8B parser + state interface,synthetic_boolean_rules,continuous,ood_test,4,37,effectful_copy_conditioned_consistency,1.0,92,results/evidence/state_interface/locked_results.json,/ood_test/continuous_37/counterfactual/depth_4~1effectful_copy_conditioned/consistency,locked_test,fraction
state_interface,Kev-0.8B parser + state interface,synthetic_boolean_rules,continuous,ood_test,4,37,effectful_copy_conditioned_correct_direction_flip,1.0,92,results/evidence/state_interface/locked_results.json,/ood_test/continuous_37/counterfactual/depth_4~1effectful_copy_conditioned/correct_direction_flip,locked_test,fraction
state_interface,Kev-0.8B parser + state interface,synthetic_boolean_rules,continuous,ood_test,4,37,effectful_copy_consistency,0.9619047619047619,105,results/evidence/state_interface/locked_results.json,/ood_test/continuous_37/counterfactual/depth_4~1effectful_copy/consistency,locked_test,fraction
state_interface,Kev-0.8B parser + state interface,synthetic_boolean_rules,continuous,ood_test,4,37,effectful_copy_correct_direction_flip,0.9047619047619048,105,results/evidence/state_interface/locked_results.json,/ood_test/continuous_37/counterfactual/depth_4~1effectful_copy/correct_direction_flip,locked_test,fraction
state_interface,Kev-0.8B parser + state interface,synthetic_boolean_rules,continuous,ood_test,4,37,effectful_noncopy_conditioned_consistency,1.0,94,results/evidence/state_interface/locked_results.json,/ood_test/continuous_37/counterfactual/depth_4~1effectful_noncopy_conditioned/consistency,locked_test,fraction
state_interface,Kev-0.8B parser + state interface,synthetic_boolean_rules,continuous,ood_test,4,37,effectful_noncopy_conditioned_correct_direction_flip,1.0,94,results/evidence/state_interface/locked_results.json,/ood_test/continuous_37/counterfactual/depth_4~1effectful_noncopy_conditioned/correct_direction_flip,locked_test,fraction
state_interface,Kev-0.8B parser + state interface,synthetic_boolean_rules,continuous,ood_test,4,37,effectful_noncopy_consistency,0.970873786407767,103,results/evidence/state_interface/locked_results.json,/ood_test/continuous_37/counterfactual/depth_4~1effectful_noncopy/consistency,locked_test,fraction
state_interface,Kev-0.8B parser + state interface,synthetic_boolean_rules,continuous,ood_test,4,37,effectful_noncopy_correct_direction_flip,0.970873786407767,103,results/evidence/state_interface/locked_results.json,/ood_test/continuous_37/counterfactual/depth_4~1effectful_noncopy/correct_direction_flip,locked_test,fraction
state_interface,Kev-0.8B parser + state interface,synthetic_boolean_rules,continuous,ood_test,4,37,exact_trajectory_accuracy,0.98,200,results/evidence/state_interface/locked_results.json,/ood_test/continuous_37/factual/depth_4/exact_trajectory/value,locked_test,fraction
state_interface,Kev-0.8B parser + state interface,synthetic_boolean_rules,continuous,ood_test,4,37,executor_answer_accuracy,0.99,200,results/evidence/state_interface/locked_results.json,/ood_test/continuous_37/factual/depth_4/exact_executor_answer/value,locked_test,fraction
state_interface,Kev-0.8B parser + state interface,synthetic_boolean_rules,continuous,ood_test,4,37,gold_input_executor_answer_accuracy,1.0,200,results/evidence/state_interface/locked_results.json,/ood_test/continuous_37/factual/depth_4/gold_input_executor_answer/value,locked_test,fraction
state_interface,Kev-0.8B parser + state interface,synthetic_boolean_rules,continuous,ood_test,4,37,parser_exact_accuracy,0.935,200,results/evidence/state_interface/locked_results.json,/ood_test/continuous_37/factual/depth_4/parser_exact/value,locked_test,fraction
state_interface,Kev-0.8B parser + state interface,synthetic_boolean_rules,continuous,ood_test,5,11,answer_accuracy,1.0,200,results/evidence/state_interface/locked_results.json,/ood_test/continuous_11/factual/depth_5/answer/value,locked_test,fraction
state_interface,Kev-0.8B parser + state interface,synthetic_boolean_rules,continuous,ood_test,5,11,effectful_copy_conditioned_consistency,1.0,99,results/evidence/state_interface/locked_results.json,/ood_test/continuous_11/counterfactual/depth_5~1effectful_copy_conditioned/consistency,locked_test,fraction
state_interface,Kev-0.8B parser + state interface,synthetic_boolean_rules,continuous,ood_test,5,11,effectful_copy_conditioned_correct_direction_flip,1.0,99,results/evidence/state_interface/locked_results.json,/ood_test/continuous_11/counterfactual/depth_5~1effectful_copy_conditioned/correct_direction_flip,locked_test,fraction
state_interface,Kev-0.8B parser + state interface,synthetic_boolean_rules,continuous,ood_test,5,11,effectful_copy_consistency,0.9900990099009901,101,results/evidence/state_interface/locked_results.json,/ood_test/continuous_11/counterfactual/depth_5~1effectful_copy/consistency,locked_test,fraction
state_interface,Kev-0.8B parser + state interface,synthetic_boolean_rules,continuous,ood_test,5,11,effectful_copy_correct_direction_flip,0.9900990099009901,101,results/evidence/state_interface/locked_results.json,/ood_test/continuous_11/counterfactual/depth_5~1effectful_copy/correct_direction_flip,locked_test,fraction
state_interface,Kev-0.8B parser + state interface,synthetic_boolean_rules,continuous,ood_test,5,11,effectful_noncopy_conditioned_consistency,1.0,105,results/evidence/state_interface/locked_results.json,/ood_test/continuous_11/counterfactual/depth_5~1effectful_noncopy_conditioned/consistency,locked_test,fraction
state_interface,Kev-0.8B parser + state interface,synthetic_boolean_rules,continuous,ood_test,5,11,effectful_noncopy_conditioned_correct_direction_flip,1.0,105,results/evidence/state_interface/locked_results.json,/ood_test/continuous_11/counterfactual/depth_5~1effectful_noncopy_conditioned/correct_direction_flip,locked_test,fraction
state_interface,Kev-0.8B parser + state interface,synthetic_boolean_rules,continuous,ood_test,5,11,effectful_noncopy_consistency,0.9090909090909091,121,results/evidence/state_interface/locked_results.json,/ood_test/continuous_11/counterfactual/depth_5~1effectful_noncopy/consistency,locked_test,fraction
state_interface,Kev-0.8B parser + state interface,synthetic_boolean_rules,continuous,ood_test,5,11,effectful_noncopy_correct_direction_flip,0.9090909090909091,121,results/evidence/state_interface/locked_results.json,/ood_test/continuous_11/counterfactual/depth_5~1effectful_noncopy/correct_direction_flip,locked_test,fraction
state_interface,Kev-0.8B parser + state interface,synthetic_boolean_rules,continuous,ood_test,5,11,exact_trajectory_accuracy,0.975,200,results/evidence/state_interface/locked_results.json,/ood_test/continuous_11/factual/depth_5/exact_trajectory/value,locked_test,fraction
state_interface,Kev-0.8B parser + state interface,synthetic_boolean_rules,continuous,ood_test,5,11,executor_answer_accuracy,1.0,200,results/evidence/state_interface/locked_results.json,/ood_test/continuous_11/factual/depth_5/exact_executor_answer/value,locked_test,fraction
state_interface,Kev-0.8B parser + state interface,synthetic_boolean_rules,continuous,ood_test,5,11,gold_input_executor_answer_accuracy,1.0,200,results/evidence/state_interface/locked_results.json,/ood_test/continuous_11/factual/depth_5/gold_input_executor_answer/value,locked_test,fraction
state_interface,Kev-0.8B parser + state interface,synthetic_boolean_rules,continuous,ood_test,5,11,parser_exact_accuracy,0.93,200,results/evidence/state_interface/locked_results.json,/ood_test/continuous_11/factual/depth_5/parser_exact/value,locked_test,fraction
state_interface,Kev-0.8B parser + state interface,synthetic_boolean_rules,continuous,ood_test,5,23,answer_accuracy,1.0,200,results/evidence/state_interface/locked_results.json,/ood_test/continuous_23/factual/depth_5/answer/value,locked_test,fraction
state_interface,Kev-0.8B parser + state interface,synthetic_boolean_rules,continuous,ood_test,5,23,effectful_copy_conditioned_consistency,1.0,99,results/evidence/state_interface/locked_results.json,/ood_test/continuous_23/counterfactual/depth_5~1effectful_copy_conditioned/consistency,locked_test,fraction
state_interface,Kev-0.8B parser + state interface,synthetic_boolean_rules,continuous,ood_test,5,23,effectful_copy_conditioned_correct_direction_flip,1.0,99,results/evidence/state_interface/locked_results.json,/ood_test/continuous_23/counterfactual/depth_5~1effectful_copy_conditioned/correct_direction_flip,locked_test,fraction
state_interface,Kev-0.8B parser + state interface,synthetic_boolean_rules,continuous,ood_test,5,23,effectful_copy_consistency,0.9900990099009901,101,results/evidence/state_interface/locked_results.json,/ood_test/continuous_23/counterfactual/depth_5~1effectful_copy/consistency,locked_test,fraction
state_interface,Kev-0.8B parser + state interface,synthetic_boolean_rules,continuous,ood_test,5,23,effectful_copy_correct_direction_flip,0.9900990099009901,101,results/evidence/state_interface/locked_results.json,/ood_test/continuous_23/counterfactual/depth_5~1effectful_copy/correct_direction_flip,locked_test,fraction
state_interface,Kev-0.8B parser + state interface,synthetic_boolean_rules,continuous,ood_test,5,23,effectful_noncopy_conditioned_consistency,1.0,105,results/evidence/state_interface/locked_results.json,/ood_test/continuous_23/counterfactual/depth_5~1effectful_noncopy_conditioned/consistency,locked_test,fraction
state_interface,Kev-0.8B parser + state interface,synthetic_boolean_rules,continuous,ood_test,5,23,effectful_noncopy_conditioned_correct_direction_flip,1.0,105,results/evidence/state_interface/locked_results.json,/ood_test/continuous_23/counterfactual/depth_5~1effectful_noncopy_conditioned/correct_direction_flip,locked_test,fraction
state_interface,Kev-0.8B parser + state interface,synthetic_boolean_rules,continuous,ood_test,5,23,effectful_noncopy_consistency,0.9090909090909091,121,results/evidence/state_interface/locked_results.json,/ood_test/continuous_23/counterfactual/depth_5~1effectful_noncopy/consistency,locked_test,fraction
state_interface,Kev-0.8B parser + state interface,synthetic_boolean_rules,continuous,ood_test,5,23,effectful_noncopy_correct_direction_flip,0.9090909090909091,121,results/evidence/state_interface/locked_results.json,/ood_test/continuous_23/counterfactual/depth_5~1effectful_noncopy/correct_direction_flip,locked_test,fraction
state_interface,Kev-0.8B parser + state interface,synthetic_boolean_rules,continuous,ood_test,5,23,exact_trajectory_accuracy,0.975,200,results/evidence/state_interface/locked_results.json,/ood_test/continuous_23/factual/depth_5/exact_trajectory/value,locked_test,fraction
state_interface,Kev-0.8B parser + state interface,synthetic_boolean_rules,continuous,ood_test,5,23,executor_answer_accuracy,1.0,200,results/evidence/state_interface/locked_results.json,/ood_test/continuous_23/factual/depth_5/exact_executor_answer/value,locked_test,fraction
state_interface,Kev-0.8B parser + state interface,synthetic_boolean_rules,continuous,ood_test,5,23,gold_input_executor_answer_accuracy,1.0,200,results/evidence/state_interface/locked_results.json,/ood_test/continuous_23/factual/depth_5/gold_input_executor_answer/value,locked_test,fraction
state_interface,Kev-0.8B parser + state interface,synthetic_boolean_rules,continuous,ood_test,5,23,parser_exact_accuracy,0.93,200,results/evidence/state_interface/locked_results.json,/ood_test/continuous_23/factual/depth_5/parser_exact/value,locked_test,fraction
state_interface,Kev-0.8B parser + state interface,synthetic_boolean_rules,continuous,ood_test,5,37,answer_accuracy,1.0,200,results/evidence/state_interface/locked_results.json,/ood_test/continuous_37/factual/depth_5/answer/value,locked_test,fraction
state_interface,Kev-0.8B parser + state interface,synthetic_boolean_rules,continuous,ood_test,5,37,effectful_copy_conditioned_consistency,1.0,99,results/evidence/state_interface/locked_results.json,/ood_test/continuous_37/counterfactual/depth_5~1effectful_copy_conditioned/consistency,locked_test,fraction
state_interface,Kev-0.8B parser + state interface,synthetic_boolean_rules,continuous,ood_test,5,37,effectful_copy_conditioned_correct_direction_flip,1.0,99,results/evidence/state_interface/locked_results.json,/ood_test/continuous_37/counterfactual/depth_5~1effectful_copy_conditioned/correct_direction_flip,locked_test,fraction
state_interface,Kev-0.8B parser + state interface,synthetic_boolean_rules,continuous,ood_test,5,37,effectful_copy_consistency,0.9900990099009901,101,results/evidence/state_interface/locked_results.json,/ood_test/continuous_37/counterfactual/depth_5~1effectful_copy/consistency,locked_test,fraction
state_interface,Kev-0.8B parser + state interface,synthetic_boolean_rules,continuous,ood_test,5,37,effectful_copy_correct_direction_flip,0.9900990099009901,101,results/evidence/state_interface/locked_results.json,/ood_test/continuous_37/counterfactual/depth_5~1effectful_copy/correct_direction_flip,locked_test,fraction
state_interface,Kev-0.8B parser + state interface,synthetic_boolean_rules,continuous,ood_test,5,37,effectful_noncopy_conditioned_consistency,1.0,105,results/evidence/state_interface/locked_results.json,/ood_test/continuous_37/counterfactual/depth_5~1effectful_noncopy_conditioned/consistency,locked_test,fraction
state_interface,Kev-0.8B parser + state interface,synthetic_boolean_rules,continuous,ood_test,5,37,effectful_noncopy_conditioned_correct_direction_flip,1.0,105,results/evidence/state_interface/locked_results.json,/ood_test/continuous_37/counterfactual/depth_5~1effectful_noncopy_conditioned/correct_direction_flip,locked_test,fraction
state_interface,Kev-0.8B parser + state interface,synthetic_boolean_rules,continuous,ood_test,5,37,effectful_noncopy_consistency,0.9090909090909091,121,results/evidence/state_interface/locked_results.json,/ood_test/continuous_37/counterfactual/depth_5~1effectful_noncopy/consistency,locked_test,fraction
state_interface,Kev-0.8B parser + state interface,synthetic_boolean_rules,continuous,ood_test,5,37,effectful_noncopy_correct_direction_flip,0.9090909090909091,121,results/evidence/state_interface/locked_results.json,/ood_test/continuous_37/counterfactual/depth_5~1effectful_noncopy/correct_direction_flip,locked_test,fraction
state_interface,Kev-0.8B parser + state interface,synthetic_boolean_rules,continuous,ood_test,5,37,exact_trajectory_accuracy,0.975,200,results/evidence/state_interface/locked_results.json,/ood_test/continuous_37/factual/depth_5/exact_trajectory/value,locked_test,fraction
state_interface,Kev-0.8B parser + state interface,synthetic_boolean_rules,continuous,ood_test,5,37,executor_answer_accuracy,1.0,200,results/evidence/state_interface/locked_results.json,/ood_test/continuous_37/factual/depth_5/exact_executor_answer/value,locked_test,fraction
state_interface,Kev-0.8B parser + state interface,synthetic_boolean_rules,continuous,ood_test,5,37,gold_input_executor_answer_accuracy,1.0,200,results/evidence/state_interface/locked_results.json,/ood_test/continuous_37/factual/depth_5/gold_input_executor_answer/value,locked_test,fraction
state_interface,Kev-0.8B parser + state interface,synthetic_boolean_rules,continuous,ood_test,5,37,parser_exact_accuracy,0.93,200,results/evidence/state_interface/locked_results.json,/ood_test/continuous_37/factual/depth_5/parser_exact/value,locked_test,fraction
state_interface,Kev-0.8B parser + state interface,synthetic_boolean_rules,continuous,ood_test,6,11,answer_accuracy,0.985,200,results/evidence/state_interface/locked_results.json,/ood_test/continuous_11/factual/depth_6/answer/value,locked_test,fraction
state_interface,Kev-0.8B parser + state interface,synthetic_boolean_rules,continuous,ood_test,6,11,effectful_copy_conditioned_consistency,1.0,111,results/evidence/state_interface/locked_results.json,/ood_test/continuous_11/counterfactual/depth_6~1effectful_copy_conditioned/consistency,locked_test,fraction
state_interface,Kev-0.8B parser + state interface,synthetic_boolean_rules,continuous,ood_test,6,11,effectful_copy_conditioned_correct_direction_flip,1.0,111,results/evidence/state_interface/locked_results.json,/ood_test/continuous_11/counterfactual/depth_6~1effectful_copy_conditioned/correct_direction_flip,locked_test,fraction
state_interface,Kev-0.8B parser + state interface,synthetic_boolean_rules,continuous,ood_test,6,11,effectful_copy_consistency,0.9477611940298507,134,results/evidence/state_interface/locked_results.json,/ood_test/continuous_11/counterfactual/depth_6~1effectful_copy/consistency,locked_test,fraction
state_interface,Kev-0.8B parser + state interface,synthetic_boolean_rules,continuous,ood_test,6,11,effectful_copy_correct_direction_flip,0.8955223880597015,134,results/evidence/state_interface/locked_results.json,/ood_test/continuous_11/counterfactual/depth_6~1effectful_copy/correct_direction_flip,locked_test,fraction
state_interface,Kev-0.8B parser + state interface,synthetic_boolean_rules,continuous,ood_test,6,11,effectful_noncopy_conditioned_consistency,1.0,119,results/evidence/state_interface/locked_results.json,/ood_test/continuous_11/counterfactual/depth_6~1effectful_noncopy_conditioned/consistency,locked_test,fraction
state_interface,Kev-0.8B parser + state interface,synthetic_boolean_rules,continuous,ood_test,6,11,effectful_noncopy_conditioned_correct_direction_flip,1.0,119,results/evidence/state_interface/locked_results.json,/ood_test/continuous_11/counterfactual/depth_6~1effectful_noncopy_conditioned/correct_direction_flip,locked_test,fraction
state_interface,Kev-0.8B parser + state interface,synthetic_boolean_rules,continuous,ood_test,6,11,effectful_noncopy_consistency,1.0,121,results/evidence/state_interface/locked_results.json,/ood_test/continuous_11/counterfactual/depth_6~1effectful_noncopy/consistency,locked_test,fraction
state_interface,Kev-0.8B parser + state interface,synthetic_boolean_rules,continuous,ood_test,6,11,effectful_noncopy_correct_direction_flip,1.0,121,results/evidence/state_interface/locked_results.json,/ood_test/continuous_11/counterfactual/depth_6~1effectful_noncopy/correct_direction_flip,locked_test,fraction
state_interface,Kev-0.8B parser + state interface,synthetic_boolean_rules,continuous,ood_test,6,11,exact_trajectory_accuracy,0.975,200,results/evidence/state_interface/locked_results.json,/ood_test/continuous_11/factual/depth_6/exact_trajectory/value,locked_test,fraction
state_interface,Kev-0.8B parser + state interface,synthetic_boolean_rules,continuous,ood_test,6,11,executor_answer_accuracy,0.985,200,results/evidence/state_interface/locked_results.json,/ood_test/continuous_11/factual/depth_6/exact_executor_answer/value,locked_test,fraction
state_interface,Kev-0.8B parser + state interface,synthetic_boolean_rules,continuous,ood_test,6,11,gold_input_executor_answer_accuracy,1.0,200,results/evidence/state_interface/locked_results.json,/ood_test/continuous_11/factual/depth_6/gold_input_executor_answer/value,locked_test,fraction
state_interface,Kev-0.8B parser + state interface,synthetic_boolean_rules,continuous,ood_test,6,11,parser_exact_accuracy,0.935,200,results/evidence/state_interface/locked_results.json,/ood_test/continuous_11/factual/depth_6/parser_exact/value,locked_test,fraction
state_interface,Kev-0.8B parser + state interface,synthetic_boolean_rules,continuous,ood_test,6,23,answer_accuracy,0.98,200,results/evidence/state_interface/locked_results.json,/ood_test/continuous_23/factual/depth_6/answer/value,locked_test,fraction
state_interface,Kev-0.8B parser + state interface,synthetic_boolean_rules,continuous,ood_test,6,23,effectful_copy_conditioned_consistency,0.954954954954955,111,results/evidence/state_interface/locked_results.json,/ood_test/continuous_23/counterfactual/depth_6~1effectful_copy_conditioned/consistency,locked_test,fraction
state_interface,Kev-0.8B parser + state interface,synthetic_boolean_rules,continuous,ood_test,6,23,effectful_copy_conditioned_correct_direction_flip,0.9369369369369369,111,results/evidence/state_interface/locked_results.json,/ood_test/continuous_23/counterfactual/depth_6~1effectful_copy_conditioned/correct_direction_flip,locked_test,fraction
state_interface,Kev-0.8B parser + state interface,synthetic_boolean_rules,continuous,ood_test,6,23,effectful_copy_consistency,0.9104477611940298,134,results/evidence/state_interface/locked_results.json,/ood_test/continuous_23/counterfactual/depth_6~1effectful_copy/consistency,locked_test,fraction
state_interface,Kev-0.8B parser + state interface,synthetic_boolean_rules,continuous,ood_test,6,23,effectful_copy_correct_direction_flip,0.8432835820895522,134,results/evidence/state_interface/locked_results.json,/ood_test/continuous_23/counterfactual/depth_6~1effectful_copy/correct_direction_flip,locked_test,fraction
state_interface,Kev-0.8B parser + state interface,synthetic_boolean_rules,continuous,ood_test,6,23,effectful_noncopy_conditioned_consistency,0.9915966386554622,119,results/evidence/state_interface/locked_results.json,/ood_test/continuous_23/counterfactual/depth_6~1effectful_noncopy_conditioned/consistency,locked_test,fraction
state_interface,Kev-0.8B parser + state interface,synthetic_boolean_rules,continuous,ood_test,6,23,effectful_noncopy_conditioned_correct_direction_flip,0.9915966386554622,119,results/evidence/state_interface/locked_results.json,/ood_test/continuous_23/counterfactual/depth_6~1effectful_noncopy_conditioned/correct_direction_flip,locked_test,fraction
state_interface,Kev-0.8B parser + state interface,synthetic_boolean_rules,continuous,ood_test,6,23,effectful_noncopy_consistency,0.9917355371900827,121,results/evidence/state_interface/locked_results.json,/ood_test/continuous_23/counterfactual/depth_6~1effectful_noncopy/consistency,locked_test,fraction
state_interface,Kev-0.8B parser + state interface,synthetic_boolean_rules,continuous,ood_test,6,23,effectful_noncopy_correct_direction_flip,0.9917355371900827,121,results/evidence/state_interface/locked_results.json,/ood_test/continuous_23/counterfactual/depth_6~1effectful_noncopy/correct_direction_flip,locked_test,fraction
state_interface,Kev-0.8B parser + state interface,synthetic_boolean_rules,continuous,ood_test,6,23,exact_trajectory_accuracy,0.96,200,results/evidence/state_interface/locked_results.json,/ood_test/continuous_23/factual/depth_6/exact_trajectory/value,locked_test,fraction
state_interface,Kev-0.8B parser + state interface,synthetic_boolean_rules,continuous,ood_test,6,23,executor_answer_accuracy,0.985,200,results/evidence/state_interface/locked_results.json,/ood_test/continuous_23/factual/depth_6/exact_executor_answer/value,locked_test,fraction
state_interface,Kev-0.8B parser + state interface,synthetic_boolean_rules,continuous,ood_test,6,23,gold_input_executor_answer_accuracy,0.995,200,results/evidence/state_interface/locked_results.json,/ood_test/continuous_23/factual/depth_6/gold_input_executor_answer/value,locked_test,fraction
state_interface,Kev-0.8B parser + state interface,synthetic_boolean_rules,continuous,ood_test,6,23,parser_exact_accuracy,0.935,200,results/evidence/state_interface/locked_results.json,/ood_test/continuous_23/factual/depth_6/parser_exact/value,locked_test,fraction
state_interface,Kev-0.8B parser + state interface,synthetic_boolean_rules,continuous,ood_test,6,37,answer_accuracy,0.985,200,results/evidence/state_interface/locked_results.json,/ood_test/continuous_37/factual/depth_6/answer/value,locked_test,fraction
state_interface,Kev-0.8B parser + state interface,synthetic_boolean_rules,continuous,ood_test,6,37,effectful_copy_conditioned_consistency,1.0,111,results/evidence/state_interface/locked_results.json,/ood_test/continuous_37/counterfactual/depth_6~1effectful_copy_conditioned/consistency,locked_test,fraction
state_interface,Kev-0.8B parser + state interface,synthetic_boolean_rules,continuous,ood_test,6,37,effectful_copy_conditioned_correct_direction_flip,1.0,111,results/evidence/state_interface/locked_results.json,/ood_test/continuous_37/counterfactual/depth_6~1effectful_copy_conditioned/correct_direction_flip,locked_test,fraction
state_interface,Kev-0.8B parser + state interface,synthetic_boolean_rules,continuous,ood_test,6,37,effectful_copy_consistency,0.9477611940298507,134,results/evidence/state_interface/locked_results.json,/ood_test/continuous_37/counterfactual/depth_6~1effectful_copy/consistency,locked_test,fraction
state_interface,Kev-0.8B parser + state interface,synthetic_boolean_rules,continuous,ood_test,6,37,effectful_copy_correct_direction_flip,0.8955223880597015,134,results/evidence/state_interface/locked_results.json,/ood_test/continuous_37/counterfactual/depth_6~1effectful_copy/correct_direction_flip,locked_test,fraction
state_interface,Kev-0.8B parser + state interface,synthetic_boolean_rules,continuous,ood_test,6,37,effectful_noncopy_conditioned_consistency,1.0,119,results/evidence/state_interface/locked_results.json,/ood_test/continuous_37/counterfactual/depth_6~1effectful_noncopy_conditioned/consistency,locked_test,fraction
state_interface,Kev-0.8B parser + state interface,synthetic_boolean_rules,continuous,ood_test,6,37,effectful_noncopy_conditioned_correct_direction_flip,1.0,119,results/evidence/state_interface/locked_results.json,/ood_test/continuous_37/counterfactual/depth_6~1effectful_noncopy_conditioned/correct_direction_flip,locked_test,fraction
state_interface,Kev-0.8B parser + state interface,synthetic_boolean_rules,continuous,ood_test,6,37,effectful_noncopy_consistency,1.0,121,results/evidence/state_interface/locked_results.json,/ood_test/continuous_37/counterfactual/depth_6~1effectful_noncopy/consistency,locked_test,fraction
state_interface,Kev-0.8B parser + state interface,synthetic_boolean_rules,continuous,ood_test,6,37,effectful_noncopy_correct_direction_flip,1.0,121,results/evidence/state_interface/locked_results.json,/ood_test/continuous_37/counterfactual/depth_6~1effectful_noncopy/correct_direction_flip,locked_test,fraction
state_interface,Kev-0.8B parser + state interface,synthetic_boolean_rules,continuous,ood_test,6,37,exact_trajectory_accuracy,0.975,200,results/evidence/state_interface/locked_results.json,/ood_test/continuous_37/factual/depth_6/exact_trajectory/value,locked_test,fraction
state_interface,Kev-0.8B parser + state interface,synthetic_boolean_rules,continuous,ood_test,6,37,executor_answer_accuracy,0.985,200,results/evidence/state_interface/locked_results.json,/ood_test/continuous_37/factual/depth_6/exact_executor_answer/value,locked_test,fraction
state_interface,Kev-0.8B parser + state interface,synthetic_boolean_rules,continuous,ood_test,6,37,gold_input_executor_answer_accuracy,1.0,200,results/evidence/state_interface/locked_results.json,/ood_test/continuous_37/factual/depth_6/gold_input_executor_answer/value,locked_test,fraction
state_interface,Kev-0.8B parser + state interface,synthetic_boolean_rules,continuous,ood_test,6,37,parser_exact_accuracy,0.935,200,results/evidence/state_interface/locked_results.json,/ood_test/continuous_37/factual/depth_6/parser_exact/value,locked_test,fraction
state_interface,Kev-0.8B parser + state interface,synthetic_boolean_rules,continuous,ood_test,8,11,answer_accuracy,0.985,200,results/evidence/state_interface/locked_results.json,/ood_test/continuous_11/factual/depth_8/answer/value,locked_test,fraction
state_interface,Kev-0.8B parser + state interface,synthetic_boolean_rules,continuous,ood_test,8,11,effectful_copy_conditioned_consistency,1.0,140,results/evidence/state_interface/locked_results.json,/ood_test/continuous_11/counterfactual/depth_8~1effectful_copy_conditioned/consistency,locked_test,fraction
state_interface,Kev-0.8B parser + state interface,synthetic_boolean_rules,continuous,ood_test,8,11,effectful_copy_conditioned_correct_direction_flip,1.0,140,results/evidence/state_interface/locked_results.json,/ood_test/continuous_11/counterfactual/depth_8~1effectful_copy_conditioned/correct_direction_flip,locked_test,fraction
state_interface,Kev-0.8B parser + state interface,synthetic_boolean_rules,continuous,ood_test,8,11,effectful_copy_consistency,0.9805194805194806,154,results/evidence/state_interface/locked_results.json,/ood_test/continuous_11/counterfactual/depth_8~1effectful_copy/consistency,locked_test,fraction
state_interface,Kev-0.8B parser + state interface,synthetic_boolean_rules,continuous,ood_test,8,11,effectful_copy_correct_direction_flip,0.9675324675324676,154,results/evidence/state_interface/locked_results.json,/ood_test/continuous_11/counterfactual/depth_8~1effectful_copy/correct_direction_flip,locked_test,fraction
state_interface,Kev-0.8B parser + state interface,synthetic_boolean_rules,continuous,ood_test,8,11,effectful_noncopy_conditioned_consistency,1.0,109,results/evidence/state_interface/locked_results.json,/ood_test/continuous_11/counterfactual/depth_8~1effectful_noncopy_conditioned/consistency,locked_test,fraction
state_interface,Kev-0.8B parser + state interface,synthetic_boolean_rules,continuous,ood_test,8,11,effectful_noncopy_conditioned_correct_direction_flip,1.0,109,results/evidence/state_interface/locked_results.json,/ood_test/continuous_11/counterfactual/depth_8~1effectful_noncopy_conditioned/correct_direction_flip,locked_test,fraction
state_interface,Kev-0.8B parser + state interface,synthetic_boolean_rules,continuous,ood_test,8,11,effectful_noncopy_consistency,0.976,125,results/evidence/state_interface/locked_results.json,/ood_test/continuous_11/counterfactual/depth_8~1effectful_noncopy/consistency,locked_test,fraction
state_interface,Kev-0.8B parser + state interface,synthetic_boolean_rules,continuous,ood_test,8,11,effectful_noncopy_correct_direction_flip,0.96,125,results/evidence/state_interface/locked_results.json,/ood_test/continuous_11/counterfactual/depth_8~1effectful_noncopy/correct_direction_flip,locked_test,fraction
state_interface,Kev-0.8B parser + state interface,synthetic_boolean_rules,continuous,ood_test,8,11,exact_trajectory_accuracy,0.945,200,results/evidence/state_interface/locked_results.json,/ood_test/continuous_11/factual/depth_8/exact_trajectory/value,locked_test,fraction
state_interface,Kev-0.8B parser + state interface,synthetic_boolean_rules,continuous,ood_test,8,11,executor_answer_accuracy,0.985,200,results/evidence/state_interface/locked_results.json,/ood_test/continuous_11/factual/depth_8/exact_executor_answer/value,locked_test,fraction
state_interface,Kev-0.8B parser + state interface,synthetic_boolean_rules,continuous,ood_test,8,11,gold_input_executor_answer_accuracy,1.0,200,results/evidence/state_interface/locked_results.json,/ood_test/continuous_11/factual/depth_8/gold_input_executor_answer/value,locked_test,fraction
state_interface,Kev-0.8B parser + state interface,synthetic_boolean_rules,continuous,ood_test,8,11,parser_exact_accuracy,0.895,200,results/evidence/state_interface/locked_results.json,/ood_test/continuous_11/factual/depth_8/parser_exact/value,locked_test,fraction
state_interface,Kev-0.8B parser + state interface,synthetic_boolean_rules,continuous,ood_test,8,23,answer_accuracy,0.985,200,results/evidence/state_interface/locked_results.json,/ood_test/continuous_23/factual/depth_8/answer/value,locked_test,fraction
state_interface,Kev-0.8B parser + state interface,synthetic_boolean_rules,continuous,ood_test,8,23,effectful_copy_conditioned_consistency,0.9857142857142858,140,results/evidence/state_interface/locked_results.json,/ood_test/continuous_23/counterfactual/depth_8~1effectful_copy_conditioned/consistency,locked_test,fraction
state_interface,Kev-0.8B parser + state interface,synthetic_boolean_rules,continuous,ood_test,8,23,effectful_copy_conditioned_correct_direction_flip,0.9857142857142858,140,results/evidence/state_interface/locked_results.json,/ood_test/continuous_23/counterfactual/depth_8~1effectful_copy_conditioned/correct_direction_flip,locked_test,fraction
state_interface,Kev-0.8B parser + state interface,synthetic_boolean_rules,continuous,ood_test,8,23,effectful_copy_consistency,0.974025974025974,154,results/evidence/state_interface/locked_results.json,/ood_test/continuous_23/counterfactual/depth_8~1effectful_copy/consistency,locked_test,fraction
state_interface,Kev-0.8B parser + state interface,synthetic_boolean_rules,continuous,ood_test,8,23,effectful_copy_correct_direction_flip,0.961038961038961,154,results/evidence/state_interface/locked_results.json,/ood_test/continuous_23/counterfactual/depth_8~1effectful_copy/correct_direction_flip,locked_test,fraction
state_interface,Kev-0.8B parser + state interface,synthetic_boolean_rules,continuous,ood_test,8,23,effectful_noncopy_conditioned_consistency,1.0,109,results/evidence/state_interface/locked_results.json,/ood_test/continuous_23/counterfactual/depth_8~1effectful_noncopy_conditioned/consistency,locked_test,fraction
state_interface,Kev-0.8B parser + state interface,synthetic_boolean_rules,continuous,ood_test,8,23,effectful_noncopy_conditioned_correct_direction_flip,1.0,109,results/evidence/state_interface/locked_results.json,/ood_test/continuous_23/counterfactual/depth_8~1effectful_noncopy_conditioned/correct_direction_flip,locked_test,fraction
state_interface,Kev-0.8B parser + state interface,synthetic_boolean_rules,continuous,ood_test,8,23,effectful_noncopy_consistency,0.976,125,results/evidence/state_interface/locked_results.json,/ood_test/continuous_23/counterfactual/depth_8~1effectful_noncopy/consistency,locked_test,fraction
state_interface,Kev-0.8B parser + state interface,synthetic_boolean_rules,continuous,ood_test,8,23,effectful_noncopy_correct_direction_flip,0.96,125,results/evidence/state_interface/locked_results.json,/ood_test/continuous_23/counterfactual/depth_8~1effectful_noncopy/correct_direction_flip,locked_test,fraction
state_interface,Kev-0.8B parser + state interface,synthetic_boolean_rules,continuous,ood_test,8,23,exact_trajectory_accuracy,0.945,200,results/evidence/state_interface/locked_results.json,/ood_test/continuous_23/factual/depth_8/exact_trajectory/value,locked_test,fraction
state_interface,Kev-0.8B parser + state interface,synthetic_boolean_rules,continuous,ood_test,8,23,executor_answer_accuracy,0.985,200,results/evidence/state_interface/locked_results.json,/ood_test/continuous_23/factual/depth_8/exact_executor_answer/value,locked_test,fraction
state_interface,Kev-0.8B parser + state interface,synthetic_boolean_rules,continuous,ood_test,8,23,gold_input_executor_answer_accuracy,1.0,200,results/evidence/state_interface/locked_results.json,/ood_test/continuous_23/factual/depth_8/gold_input_executor_answer/value,locked_test,fraction
state_interface,Kev-0.8B parser + state interface,synthetic_boolean_rules,continuous,ood_test,8,23,parser_exact_accuracy,0.895,200,results/evidence/state_interface/locked_results.json,/ood_test/continuous_23/factual/depth_8/parser_exact/value,locked_test,fraction
state_interface,Kev-0.8B parser + state interface,synthetic_boolean_rules,continuous,ood_test,8,37,answer_accuracy,0.985,200,results/evidence/state_interface/locked_results.json,/ood_test/continuous_37/factual/depth_8/answer/value,locked_test,fraction
state_interface,Kev-0.8B parser + state interface,synthetic_boolean_rules,continuous,ood_test,8,37,effectful_copy_conditioned_consistency,1.0,140,results/evidence/state_interface/locked_results.json,/ood_test/continuous_37/counterfactual/depth_8~1effectful_copy_conditioned/consistency,locked_test,fraction
state_interface,Kev-0.8B parser + state interface,synthetic_boolean_rules,continuous,ood_test,8,37,effectful_copy_conditioned_correct_direction_flip,1.0,140,results/evidence/state_interface/locked_results.json,/ood_test/continuous_37/counterfactual/depth_8~1effectful_copy_conditioned/correct_direction_flip,locked_test,fraction
state_interface,Kev-0.8B parser + state interface,synthetic_boolean_rules,continuous,ood_test,8,37,effectful_copy_consistency,0.987012987012987,154,results/evidence/state_interface/locked_results.json,/ood_test/continuous_37/counterfactual/depth_8~1effectful_copy/consistency,locked_test,fraction
state_interface,Kev-0.8B parser + state interface,synthetic_boolean_rules,continuous,ood_test,8,37,effectful_copy_correct_direction_flip,0.974025974025974,154,results/evidence/state_interface/locked_results.json,/ood_test/continuous_37/counterfactual/depth_8~1effectful_copy/correct_direction_flip,locked_test,fraction
state_interface,Kev-0.8B parser + state interface,synthetic_boolean_rules,continuous,ood_test,8,37,effectful_noncopy_conditioned_consistency,1.0,109,results/evidence/state_interface/locked_results.json,/ood_test/continuous_37/counterfactual/depth_8~1effectful_noncopy_conditioned/consistency,locked_test,fraction
state_interface,Kev-0.8B parser + state interface,synthetic_boolean_rules,continuous,ood_test,8,37,effectful_noncopy_conditioned_correct_direction_flip,1.0,109,results/evidence/state_interface/locked_results.json,/ood_test/continuous_37/counterfactual/depth_8~1effectful_noncopy_conditioned/correct_direction_flip,locked_test,fraction
state_interface,Kev-0.8B parser + state interface,synthetic_boolean_rules,continuous,ood_test,8,37,effectful_noncopy_consistency,0.976,125,results/evidence/state_interface/locked_results.json,/ood_test/continuous_37/counterfactual/depth_8~1effectful_noncopy/consistency,locked_test,fraction
state_interface,Kev-0.8B parser + state interface,synthetic_boolean_rules,continuous,ood_test,8,37,effectful_noncopy_correct_direction_flip,0.96,125,results/evidence/state_interface/locked_results.json,/ood_test/continuous_37/counterfactual/depth_8~1effectful_noncopy/correct_direction_flip,locked_test,fraction
state_interface,Kev-0.8B parser + state interface,synthetic_boolean_rules,continuous,ood_test,8,37,exact_trajectory_accuracy,0.945,200,results/evidence/state_interface/locked_results.json,/ood_test/continuous_37/factual/depth_8/exact_trajectory/value,locked_test,fraction
state_interface,Kev-0.8B parser + state interface,synthetic_boolean_rules,continuous,ood_test,8,37,executor_answer_accuracy,0.985,200,results/evidence/state_interface/locked_results.json,/ood_test/continuous_37/factual/depth_8/exact_executor_answer/value,locked_test,fraction
state_interface,Kev-0.8B parser + state interface,synthetic_boolean_rules,continuous,ood_test,8,37,gold_input_executor_answer_accuracy,1.0,200,results/evidence/state_interface/locked_results.json,/ood_test/continuous_37/factual/depth_8/gold_input_executor_answer/value,locked_test,fraction
state_interface,Kev-0.8B parser + state interface,synthetic_boolean_rules,continuous,ood_test,8,37,parser_exact_accuracy,0.895,200,results/evidence/state_interface/locked_results.json,/ood_test/continuous_37/factual/depth_8/parser_exact/value,locked_test,fraction
state_interface,Kev-0.8B parser + state interface,synthetic_boolean_rules,continuous,ood_test,all,11,answer_accuracy,0.982,1000,results/evidence/state_interface/locked_results.json,/ood_test/continuous_11/factual/all/answer/value,locked_test,fraction
state_interface,Kev-0.8B parser + state interface,synthetic_boolean_rules,continuous,ood_test,all,11,effectful_copy_conditioned_consistency,1.0,544,results/evidence/state_interface/locked_results.json,/ood_test/continuous_11/counterfactual/all~1effectful_copy_conditioned/consistency,locked_test,fraction
state_interface,Kev-0.8B parser + state interface,synthetic_boolean_rules,continuous,ood_test,all,11,effectful_copy_conditioned_correct_direction_flip,1.0,544,results/evidence/state_interface/locked_results.json,/ood_test/continuous_11/counterfactual/all~1effectful_copy_conditioned/correct_direction_flip,locked_test,fraction
state_interface,Kev-0.8B parser + state interface,synthetic_boolean_rules,continuous,ood_test,all,11,effectful_copy_consistency,0.9492868462757528,631,results/evidence/state_interface/locked_results.json,/ood_test/continuous_11/counterfactual/all~1effectful_copy/consistency,locked_test,fraction
state_interface,Kev-0.8B parser + state interface,synthetic_boolean_rules,continuous,ood_test,all,11,effectful_copy_correct_direction_flip,0.9207606973058637,631,results/evidence/state_interface/locked_results.json,/ood_test/continuous_11/counterfactual/all~1effectful_copy/correct_direction_flip,locked_test,fraction
state_interface,Kev-0.8B parser + state interface,synthetic_boolean_rules,continuous,ood_test,all,11,effectful_noncopy_conditioned_consistency,1.0,542,results/evidence/state_interface/locked_results.json,/ood_test/continuous_11/counterfactual/all~1effectful_noncopy_conditioned/consistency,locked_test,fraction
state_interface,Kev-0.8B parser + state interface,synthetic_boolean_rules,continuous,ood_test,all,11,effectful_noncopy_conditioned_correct_direction_flip,1.0,542,results/evidence/state_interface/locked_results.json,/ood_test/continuous_11/counterfactual/all~1effectful_noncopy_conditioned/correct_direction_flip,locked_test,fraction
state_interface,Kev-0.8B parser + state interface,synthetic_boolean_rules,continuous,ood_test,all,11,effectful_noncopy_consistency,0.9472843450479234,626,results/evidence/state_interface/locked_results.json,/ood_test/continuous_11/counterfactual/all~1effectful_noncopy/consistency,locked_test,fraction
state_interface,Kev-0.8B parser + state interface,synthetic_boolean_rules,continuous,ood_test,all,11,effectful_noncopy_correct_direction_flip,0.9281150159744409,626,results/evidence/state_interface/locked_results.json,/ood_test/continuous_11/counterfactual/all~1effectful_noncopy/correct_direction_flip,locked_test,fraction
state_interface,Kev-0.8B parser + state interface,synthetic_boolean_rules,continuous,ood_test,all,11,exact_trajectory_accuracy,0.949,1000,results/evidence/state_interface/locked_results.json,/ood_test/continuous_11/factual/all/exact_trajectory/value,locked_test,fraction
state_interface,Kev-0.8B parser + state interface,synthetic_boolean_rules,continuous,ood_test,all,11,executor_answer_accuracy,0.982,1000,results/evidence/state_interface/locked_results.json,/ood_test/continuous_11/factual/all/exact_executor_answer/value,locked_test,fraction
state_interface,Kev-0.8B parser + state interface,synthetic_boolean_rules,continuous,ood_test,all,11,gold_input_executor_answer_accuracy,1.0,1000,results/evidence/state_interface/locked_results.json,/ood_test/continuous_11/factual/all/gold_input_executor_answer/value,locked_test,fraction
state_interface,Kev-0.8B parser + state interface,synthetic_boolean_rules,continuous,ood_test,all,11,parser_exact_accuracy,0.89,1000,results/evidence/state_interface/locked_results.json,/ood_test/continuous_11/factual/all/parser_exact/value,locked_test,fraction
state_interface,Kev-0.8B parser + state interface,synthetic_boolean_rules,continuous,ood_test,all,23,answer_accuracy,0.979,1000,results/evidence/state_interface/locked_results.json,/ood_test/continuous_23/factual/all/answer/value,locked_test,fraction
state_interface,Kev-0.8B parser + state interface,synthetic_boolean_rules,continuous,ood_test,all,23,effectful_copy_conditioned_consistency,0.9852941176470589,544,results/evidence/state_interface/locked_results.json,/ood_test/continuous_23/counterfactual/all~1effectful_copy_conditioned/consistency,locked_test,fraction
state_interface,Kev-0.8B parser + state interface,synthetic_boolean_rules,continuous,ood_test,all,23,effectful_copy_conditioned_correct_direction_flip,0.9705882352941176,544,results/evidence/state_interface/locked_results.json,/ood_test/continuous_23/counterfactual/all~1effectful_copy_conditioned/correct_direction_flip,locked_test,fraction
state_interface,Kev-0.8B parser + state interface,synthetic_boolean_rules,continuous,ood_test,all,23,effectful_copy_consistency,0.9381933438985737,631,results/evidence/state_interface/locked_results.json,/ood_test/continuous_23/counterfactual/all~1effectful_copy/consistency,locked_test,fraction
state_interface,Kev-0.8B parser + state interface,synthetic_boolean_rules,continuous,ood_test,all,23,effectful_copy_correct_direction_flip,0.8969889064976229,631,results/evidence/state_interface/locked_results.json,/ood_test/continuous_23/counterfactual/all~1effectful_copy/correct_direction_flip,locked_test,fraction
state_interface,Kev-0.8B parser + state interface,synthetic_boolean_rules,continuous,ood_test,all,23,effectful_noncopy_conditioned_consistency,0.992619926199262,542,results/evidence/state_interface/locked_results.json,/ood_test/continuous_23/counterfactual/all~1effectful_noncopy_conditioned/consistency,locked_test,fraction
state_interface,Kev-0.8B parser + state interface,synthetic_boolean_rules,continuous,ood_test,all,23,effectful_noncopy_conditioned_correct_direction_flip,0.9870848708487084,542,results/evidence/state_interface/locked_results.json,/ood_test/continuous_23/counterfactual/all~1effectful_noncopy_conditioned/correct_direction_flip,locked_test,fraction
state_interface,Kev-0.8B parser + state interface,synthetic_boolean_rules,continuous,ood_test,all,23,effectful_noncopy_consistency,0.9408945686900958,626,results/evidence/state_interface/locked_results.json,/ood_test/continuous_23/counterfactual/all~1effectful_noncopy/consistency,locked_test,fraction
state_interface,Kev-0.8B parser + state interface,synthetic_boolean_rules,continuous,ood_test,all,23,effectful_noncopy_correct_direction_flip,0.9169329073482428,626,results/evidence/state_interface/locked_results.json,/ood_test/continuous_23/counterfactual/all~1effectful_noncopy/correct_direction_flip,locked_test,fraction
state_interface,Kev-0.8B parser + state interface,synthetic_boolean_rules,continuous,ood_test,all,23,exact_trajectory_accuracy,0.943,1000,results/evidence/state_interface/locked_results.json,/ood_test/continuous_23/factual/all/exact_trajectory/value,locked_test,fraction
state_interface,Kev-0.8B parser + state interface,synthetic_boolean_rules,continuous,ood_test,all,23,executor_answer_accuracy,0.982,1000,results/evidence/state_interface/locked_results.json,/ood_test/continuous_23/factual/all/exact_executor_answer/value,locked_test,fraction
state_interface,Kev-0.8B parser + state interface,synthetic_boolean_rules,continuous,ood_test,all,23,gold_input_executor_answer_accuracy,0.997,1000,results/evidence/state_interface/locked_results.json,/ood_test/continuous_23/factual/all/gold_input_executor_answer/value,locked_test,fraction
state_interface,Kev-0.8B parser + state interface,synthetic_boolean_rules,continuous,ood_test,all,23,parser_exact_accuracy,0.89,1000,results/evidence/state_interface/locked_results.json,/ood_test/continuous_23/factual/all/parser_exact/value,locked_test,fraction
state_interface,Kev-0.8B parser + state interface,synthetic_boolean_rules,continuous,ood_test,all,37,answer_accuracy,0.982,1000,results/evidence/state_interface/locked_results.json,/ood_test/continuous_37/factual/all/answer/value,locked_test,fraction
state_interface,Kev-0.8B parser + state interface,synthetic_boolean_rules,continuous,ood_test,all,37,effectful_copy_conditioned_consistency,1.0,544,results/evidence/state_interface/locked_results.json,/ood_test/continuous_37/counterfactual/all~1effectful_copy_conditioned/consistency,locked_test,fraction
state_interface,Kev-0.8B parser + state interface,synthetic_boolean_rules,continuous,ood_test,all,37,effectful_copy_conditioned_correct_direction_flip,1.0,544,results/evidence/state_interface/locked_results.json,/ood_test/continuous_37/counterfactual/all~1effectful_copy_conditioned/correct_direction_flip,locked_test,fraction
state_interface,Kev-0.8B parser + state interface,synthetic_boolean_rules,continuous,ood_test,all,37,effectful_copy_consistency,0.9508716323296355,631,results/evidence/state_interface/locked_results.json,/ood_test/continuous_37/counterfactual/all~1effectful_copy/consistency,locked_test,fraction
state_interface,Kev-0.8B parser + state interface,synthetic_boolean_rules,continuous,ood_test,all,37,effectful_copy_correct_direction_flip,0.9223454833597464,631,results/evidence/state_interface/locked_results.json,/ood_test/continuous_37/counterfactual/all~1effectful_copy/correct_direction_flip,locked_test,fraction
state_interface,Kev-0.8B parser + state interface,synthetic_boolean_rules,continuous,ood_test,all,37,effectful_noncopy_conditioned_consistency,1.0,542,results/evidence/state_interface/locked_results.json,/ood_test/continuous_37/counterfactual/all~1effectful_noncopy_conditioned/consistency,locked_test,fraction
state_interface,Kev-0.8B parser + state interface,synthetic_boolean_rules,continuous,ood_test,all,37,effectful_noncopy_conditioned_correct_direction_flip,1.0,542,results/evidence/state_interface/locked_results.json,/ood_test/continuous_37/counterfactual/all~1effectful_noncopy_conditioned/correct_direction_flip,locked_test,fraction
state_interface,Kev-0.8B parser + state interface,synthetic_boolean_rules,continuous,ood_test,all,37,effectful_noncopy_consistency,0.9472843450479234,626,results/evidence/state_interface/locked_results.json,/ood_test/continuous_37/counterfactual/all~1effectful_noncopy/consistency,locked_test,fraction
state_interface,Kev-0.8B parser + state interface,synthetic_boolean_rules,continuous,ood_test,all,37,effectful_noncopy_correct_direction_flip,0.9281150159744409,626,results/evidence/state_interface/locked_results.json,/ood_test/continuous_37/counterfactual/all~1effectful_noncopy/correct_direction_flip,locked_test,fraction
state_interface,Kev-0.8B parser + state interface,synthetic_boolean_rules,continuous,ood_test,all,37,exact_trajectory_accuracy,0.949,1000,results/evidence/state_interface/locked_results.json,/ood_test/continuous_37/factual/all/exact_trajectory/value,locked_test,fraction
state_interface,Kev-0.8B parser + state interface,synthetic_boolean_rules,continuous,ood_test,all,37,executor_answer_accuracy,0.982,1000,results/evidence/state_interface/locked_results.json,/ood_test/continuous_37/factual/all/exact_executor_answer/value,locked_test,fraction
state_interface,Kev-0.8B parser + state interface,synthetic_boolean_rules,continuous,ood_test,all,37,gold_input_executor_answer_accuracy,1.0,1000,results/evidence/state_interface/locked_results.json,/ood_test/continuous_37/factual/all/gold_input_executor_answer/value,locked_test,fraction
state_interface,Kev-0.8B parser + state interface,synthetic_boolean_rules,continuous,ood_test,all,37,parser_exact_accuracy,0.89,1000,results/evidence/state_interface/locked_results.json,/ood_test/continuous_37/factual/all/parser_exact/value,locked_test,fraction
state_interface,Kev-0.8B parser + state interface,synthetic_boolean_rules,continuous,stress_val,10,11,answer_accuracy,0.9,20,results/evidence/state_interface/selection_continuous_11.json,/stress/by_depth/depth_10/accuracy,development_selection,fraction
state_interface,Kev-0.8B parser + state interface,synthetic_boolean_rules,continuous,stress_val,10,23,answer_accuracy,0.9,20,results/evidence/state_interface/selection_continuous_23.json,/stress/by_depth/depth_10/accuracy,development_selection,fraction
state_interface,Kev-0.8B parser + state interface,synthetic_boolean_rules,continuous,stress_val,10,37,answer_accuracy,0.9,20,results/evidence/state_interface/selection_continuous_37.json,/stress/by_depth/depth_10/accuracy,development_selection,fraction
state_interface,Kev-0.8B parser + state interface,synthetic_boolean_rules,continuous,stress_val,4,11,answer_accuracy,1.0,20,results/evidence/state_interface/selection_continuous_11.json,/stress/by_depth/depth_4/accuracy,development_selection,fraction
state_interface,Kev-0.8B parser + state interface,synthetic_boolean_rules,continuous,stress_val,4,23,answer_accuracy,1.0,20,results/evidence/state_interface/selection_continuous_23.json,/stress/by_depth/depth_4/accuracy,development_selection,fraction
state_interface,Kev-0.8B parser + state interface,synthetic_boolean_rules,continuous,stress_val,4,37,answer_accuracy,1.0,20,results/evidence/state_interface/selection_continuous_37.json,/stress/by_depth/depth_4/accuracy,development_selection,fraction
state_interface,Kev-0.8B parser + state interface,synthetic_boolean_rules,continuous,stress_val,5,11,answer_accuracy,0.95,20,results/evidence/state_interface/selection_continuous_11.json,/stress/by_depth/depth_5/accuracy,development_selection,fraction
state_interface,Kev-0.8B parser + state interface,synthetic_boolean_rules,continuous,stress_val,5,23,answer_accuracy,0.95,20,results/evidence/state_interface/selection_continuous_23.json,/stress/by_depth/depth_5/accuracy,development_selection,fraction
state_interface,Kev-0.8B parser + state interface,synthetic_boolean_rules,continuous,stress_val,5,37,answer_accuracy,0.95,20,results/evidence/state_interface/selection_continuous_37.json,/stress/by_depth/depth_5/accuracy,development_selection,fraction
state_interface,Kev-0.8B parser + state interface,synthetic_boolean_rules,continuous,stress_val,6,11,answer_accuracy,0.95,20,results/evidence/state_interface/selection_continuous_11.json,/stress/by_depth/depth_6/accuracy,development_selection,fraction
state_interface,Kev-0.8B parser + state interface,synthetic_boolean_rules,continuous,stress_val,6,23,answer_accuracy,0.95,20,results/evidence/state_interface/selection_continuous_23.json,/stress/by_depth/depth_6/accuracy,development_selection,fraction
state_interface,Kev-0.8B parser + state interface,synthetic_boolean_rules,continuous,stress_val,6,37,answer_accuracy,0.95,20,results/evidence/state_interface/selection_continuous_37.json,/stress/by_depth/depth_6/accuracy,development_selection,fraction
state_interface,Kev-0.8B parser + state interface,synthetic_boolean_rules,continuous,stress_val,8,11,answer_accuracy,1.0,20,results/evidence/state_interface/selection_continuous_11.json,/stress/by_depth/depth_8/accuracy,development_selection,fraction
state_interface,Kev-0.8B parser + state interface,synthetic_boolean_rules,continuous,stress_val,8,23,answer_accuracy,1.0,20,results/evidence/state_interface/selection_continuous_23.json,/stress/by_depth/depth_8/accuracy,development_selection,fraction
state_interface,Kev-0.8B parser + state interface,synthetic_boolean_rules,continuous,stress_val,8,37,answer_accuracy,1.0,20,results/evidence/state_interface/selection_continuous_37.json,/stress/by_depth/depth_8/accuracy,development_selection,fraction
state_interface,Kev-0.8B parser + state interface,synthetic_boolean_rules,continuous,stress_val,all,11,answer_accuracy,0.96,100,results/evidence/state_interface/selection_continuous_11.json,/stress/accuracy,development_selection,fraction
state_interface,Kev-0.8B parser + state interface,synthetic_boolean_rules,continuous,stress_val,all,23,answer_accuracy,0.96,100,results/evidence/state_interface/selection_continuous_23.json,/stress/accuracy,development_selection,fraction
state_interface,Kev-0.8B parser + state interface,synthetic_boolean_rules,continuous,stress_val,all,37,answer_accuracy,0.96,100,results/evidence/state_interface/selection_continuous_37.json,/stress/accuracy,development_selection,fraction
state_interface,Kev-0.8B parser + state interface,synthetic_boolean_rules,continuous,val,1,11,answer_accuracy,0.9940119760479041,334,results/evidence/state_interface/selection_continuous_11.json,/val/by_depth/depth_1/accuracy,development_selection,fraction
state_interface,Kev-0.8B parser + state interface,synthetic_boolean_rules,continuous,val,1,23,answer_accuracy,0.9940119760479041,334,results/evidence/state_interface/selection_continuous_23.json,/val/by_depth/depth_1/accuracy,development_selection,fraction
state_interface,Kev-0.8B parser + state interface,synthetic_boolean_rules,continuous,val,1,37,answer_accuracy,0.9940119760479041,334,results/evidence/state_interface/selection_continuous_37.json,/val/by_depth/depth_1/accuracy,development_selection,fraction
state_interface,Kev-0.8B parser + state interface,synthetic_boolean_rules,continuous,val,2,11,answer_accuracy,0.9940119760479041,334,results/evidence/state_interface/selection_continuous_11.json,/val/by_depth/depth_2/accuracy,development_selection,fraction
state_interface,Kev-0.8B parser + state interface,synthetic_boolean_rules,continuous,val,2,23,answer_accuracy,0.9940119760479041,334,results/evidence/state_interface/selection_continuous_23.json,/val/by_depth/depth_2/accuracy,development_selection,fraction
state_interface,Kev-0.8B parser + state interface,synthetic_boolean_rules,continuous,val,2,37,answer_accuracy,0.9940119760479041,334,results/evidence/state_interface/selection_continuous_37.json,/val/by_depth/depth_2/accuracy,development_selection,fraction
state_interface,Kev-0.8B parser + state interface,synthetic_boolean_rules,continuous,val,3,11,answer_accuracy,0.9969879518072289,332,results/evidence/state_interface/selection_continuous_11.json,/val/by_depth/depth_3/accuracy,development_selection,fraction
state_interface,Kev-0.8B parser + state interface,synthetic_boolean_rules,continuous,val,3,23,answer_accuracy,0.9969879518072289,332,results/evidence/state_interface/selection_continuous_23.json,/val/by_depth/depth_3/accuracy,development_selection,fraction
state_interface,Kev-0.8B parser + state interface,synthetic_boolean_rules,continuous,val,3,37,answer_accuracy,0.9969879518072289,332,results/evidence/state_interface/selection_continuous_37.json,/val/by_depth/depth_3/accuracy,development_selection,fraction
state_interface,Kev-0.8B parser + state interface,synthetic_boolean_rules,continuous,val,all,11,answer_accuracy,0.995,1000,results/evidence/state_interface/selection_continuous_11.json,/val/accuracy,development_selection,fraction
state_interface,Kev-0.8B parser + state interface,synthetic_boolean_rules,continuous,val,all,23,answer_accuracy,0.995,1000,results/evidence/state_interface/selection_continuous_23.json,/val/accuracy,development_selection,fraction
state_interface,Kev-0.8B parser + state interface,synthetic_boolean_rules,continuous,val,all,37,answer_accuracy,0.995,1000,results/evidence/state_interface/selection_continuous_37.json,/val/accuracy,development_selection,fraction
state_interface,Kev-0.8B parser + state interface,synthetic_boolean_rules,hard,id_test,1,11,answer_accuracy,1.0,334,results/evidence/state_interface/locked_results.json,/id_test/hard_11/factual/depth_1/answer/value,locked_test,fraction
state_interface,Kev-0.8B parser + state interface,synthetic_boolean_rules,hard,id_test,1,11,exact_trajectory_accuracy,1.0,334,results/evidence/state_interface/locked_results.json,/id_test/hard_11/factual/depth_1/exact_trajectory/value,locked_test,fraction
state_interface,Kev-0.8B parser + state interface,synthetic_boolean_rules,hard,id_test,1,11,executor_answer_accuracy,1.0,334,results/evidence/state_interface/locked_results.json,/id_test/hard_11/factual/depth_1/exact_executor_answer/value,locked_test,fraction
state_interface,Kev-0.8B parser + state interface,synthetic_boolean_rules,hard,id_test,1,11,gold_input_executor_answer_accuracy,1.0,334,results/evidence/state_interface/locked_results.json,/id_test/hard_11/factual/depth_1/gold_input_executor_answer/value,locked_test,fraction
state_interface,Kev-0.8B parser + state interface,synthetic_boolean_rules,hard,id_test,1,11,parser_exact_accuracy,1.0,334,results/evidence/state_interface/locked_results.json,/id_test/hard_11/factual/depth_1/parser_exact/value,locked_test,fraction
state_interface,Kev-0.8B parser + state interface,synthetic_boolean_rules,hard,id_test,1,23,answer_accuracy,1.0,334,results/evidence/state_interface/locked_results.json,/id_test/hard_23/factual/depth_1/answer/value,locked_test,fraction
state_interface,Kev-0.8B parser + state interface,synthetic_boolean_rules,hard,id_test,1,23,exact_trajectory_accuracy,1.0,334,results/evidence/state_interface/locked_results.json,/id_test/hard_23/factual/depth_1/exact_trajectory/value,locked_test,fraction
state_interface,Kev-0.8B parser + state interface,synthetic_boolean_rules,hard,id_test,1,23,executor_answer_accuracy,1.0,334,results/evidence/state_interface/locked_results.json,/id_test/hard_23/factual/depth_1/exact_executor_answer/value,locked_test,fraction
state_interface,Kev-0.8B parser + state interface,synthetic_boolean_rules,hard,id_test,1,23,gold_input_executor_answer_accuracy,1.0,334,results/evidence/state_interface/locked_results.json,/id_test/hard_23/factual/depth_1/gold_input_executor_answer/value,locked_test,fraction
state_interface,Kev-0.8B parser + state interface,synthetic_boolean_rules,hard,id_test,1,23,parser_exact_accuracy,1.0,334,results/evidence/state_interface/locked_results.json,/id_test/hard_23/factual/depth_1/parser_exact/value,locked_test,fraction
state_interface,Kev-0.8B parser + state interface,synthetic_boolean_rules,hard,id_test,1,37,answer_accuracy,1.0,334,results/evidence/state_interface/locked_results.json,/id_test/hard_37/factual/depth_1/answer/value,locked_test,fraction
state_interface,Kev-0.8B parser + state interface,synthetic_boolean_rules,hard,id_test,1,37,exact_trajectory_accuracy,1.0,334,results/evidence/state_interface/locked_results.json,/id_test/hard_37/factual/depth_1/exact_trajectory/value,locked_test,fraction
state_interface,Kev-0.8B parser + state interface,synthetic_boolean_rules,hard,id_test,1,37,executor_answer_accuracy,1.0,334,results/evidence/state_interface/locked_results.json,/id_test/hard_37/factual/depth_1/exact_executor_answer/value,locked_test,fraction
state_interface,Kev-0.8B parser + state interface,synthetic_boolean_rules,hard,id_test,1,37,gold_input_executor_answer_accuracy,1.0,334,results/evidence/state_interface/locked_results.json,/id_test/hard_37/factual/depth_1/gold_input_executor_answer/value,locked_test,fraction
state_interface,Kev-0.8B parser + state interface,synthetic_boolean_rules,hard,id_test,1,37,parser_exact_accuracy,1.0,334,results/evidence/state_interface/locked_results.json,/id_test/hard_37/factual/depth_1/parser_exact/value,locked_test,fraction
state_interface,Kev-0.8B parser + state interface,synthetic_boolean_rules,hard,id_test,2,11,answer_accuracy,0.9940119760479041,334,results/evidence/state_interface/locked_results.json,/id_test/hard_11/factual/depth_2/answer/value,locked_test,fraction
state_interface,Kev-0.8B parser + state interface,synthetic_boolean_rules,hard,id_test,2,11,exact_trajectory_accuracy,0.9910179640718563,334,results/evidence/state_interface/locked_results.json,/id_test/hard_11/factual/depth_2/exact_trajectory/value,locked_test,fraction
state_interface,Kev-0.8B parser + state interface,synthetic_boolean_rules,hard,id_test,2,11,executor_answer_accuracy,0.9940119760479041,334,results/evidence/state_interface/locked_results.json,/id_test/hard_11/factual/depth_2/exact_executor_answer/value,locked_test,fraction
state_interface,Kev-0.8B parser + state interface,synthetic_boolean_rules,hard,id_test,2,11,gold_input_executor_answer_accuracy,1.0,334,results/evidence/state_interface/locked_results.json,/id_test/hard_11/factual/depth_2/gold_input_executor_answer/value,locked_test,fraction
state_interface,Kev-0.8B parser + state interface,synthetic_boolean_rules,hard,id_test,2,11,parser_exact_accuracy,0.9910179640718563,334,results/evidence/state_interface/locked_results.json,/id_test/hard_11/factual/depth_2/parser_exact/value,locked_test,fraction
state_interface,Kev-0.8B parser + state interface,synthetic_boolean_rules,hard,id_test,2,23,answer_accuracy,0.9940119760479041,334,results/evidence/state_interface/locked_results.json,/id_test/hard_23/factual/depth_2/answer/value,locked_test,fraction
state_interface,Kev-0.8B parser + state interface,synthetic_boolean_rules,hard,id_test,2,23,exact_trajectory_accuracy,0.9910179640718563,334,results/evidence/state_interface/locked_results.json,/id_test/hard_23/factual/depth_2/exact_trajectory/value,locked_test,fraction
state_interface,Kev-0.8B parser + state interface,synthetic_boolean_rules,hard,id_test,2,23,executor_answer_accuracy,0.9940119760479041,334,results/evidence/state_interface/locked_results.json,/id_test/hard_23/factual/depth_2/exact_executor_answer/value,locked_test,fraction
state_interface,Kev-0.8B parser + state interface,synthetic_boolean_rules,hard,id_test,2,23,gold_input_executor_answer_accuracy,1.0,334,results/evidence/state_interface/locked_results.json,/id_test/hard_23/factual/depth_2/gold_input_executor_answer/value,locked_test,fraction
state_interface,Kev-0.8B parser + state interface,synthetic_boolean_rules,hard,id_test,2,23,parser_exact_accuracy,0.9910179640718563,334,results/evidence/state_interface/locked_results.json,/id_test/hard_23/factual/depth_2/parser_exact/value,locked_test,fraction
state_interface,Kev-0.8B parser + state interface,synthetic_boolean_rules,hard,id_test,2,37,answer_accuracy,0.9940119760479041,334,results/evidence/state_interface/locked_results.json,/id_test/hard_37/factual/depth_2/answer/value,locked_test,fraction
state_interface,Kev-0.8B parser + state interface,synthetic_boolean_rules,hard,id_test,2,37,exact_trajectory_accuracy,0.9910179640718563,334,results/evidence/state_interface/locked_results.json,/id_test/hard_37/factual/depth_2/exact_trajectory/value,locked_test,fraction
state_interface,Kev-0.8B parser + state interface,synthetic_boolean_rules,hard,id_test,2,37,executor_answer_accuracy,0.9940119760479041,334,results/evidence/state_interface/locked_results.json,/id_test/hard_37/factual/depth_2/exact_executor_answer/value,locked_test,fraction
state_interface,Kev-0.8B parser + state interface,synthetic_boolean_rules,hard,id_test,2,37,gold_input_executor_answer_accuracy,1.0,334,results/evidence/state_interface/locked_results.json,/id_test/hard_37/factual/depth_2/gold_input_executor_answer/value,locked_test,fraction
state_interface,Kev-0.8B parser + state interface,synthetic_boolean_rules,hard,id_test,2,37,parser_exact_accuracy,0.9910179640718563,334,results/evidence/state_interface/locked_results.json,/id_test/hard_37/factual/depth_2/parser_exact/value,locked_test,fraction
state_interface,Kev-0.8B parser + state interface,synthetic_boolean_rules,hard,id_test,3,11,answer_accuracy,0.9879518072289156,332,results/evidence/state_interface/locked_results.json,/id_test/hard_11/factual/depth_3/answer/value,locked_test,fraction
state_interface,Kev-0.8B parser + state interface,synthetic_boolean_rules,hard,id_test,3,11,exact_trajectory_accuracy,0.9849397590361446,332,results/evidence/state_interface/locked_results.json,/id_test/hard_11/factual/depth_3/exact_trajectory/value,locked_test,fraction
state_interface,Kev-0.8B parser + state interface,synthetic_boolean_rules,hard,id_test,3,11,executor_answer_accuracy,0.9879518072289156,332,results/evidence/state_interface/locked_results.json,/id_test/hard_11/factual/depth_3/exact_executor_answer/value,locked_test,fraction
state_interface,Kev-0.8B parser + state interface,synthetic_boolean_rules,hard,id_test,3,11,gold_input_executor_answer_accuracy,1.0,332,results/evidence/state_interface/locked_results.json,/id_test/hard_11/factual/depth_3/gold_input_executor_answer/value,locked_test,fraction
state_interface,Kev-0.8B parser + state interface,synthetic_boolean_rules,hard,id_test,3,11,parser_exact_accuracy,0.963855421686747,332,results/evidence/state_interface/locked_results.json,/id_test/hard_11/factual/depth_3/parser_exact/value,locked_test,fraction
state_interface,Kev-0.8B parser + state interface,synthetic_boolean_rules,hard,id_test,3,23,answer_accuracy,0.9879518072289156,332,results/evidence/state_interface/locked_results.json,/id_test/hard_23/factual/depth_3/answer/value,locked_test,fraction
state_interface,Kev-0.8B parser + state interface,synthetic_boolean_rules,hard,id_test,3,23,exact_trajectory_accuracy,0.9849397590361446,332,results/evidence/state_interface/locked_results.json,/id_test/hard_23/factual/depth_3/exact_trajectory/value,locked_test,fraction
state_interface,Kev-0.8B parser + state interface,synthetic_boolean_rules,hard,id_test,3,23,executor_answer_accuracy,0.9879518072289156,332,results/evidence/state_interface/locked_results.json,/id_test/hard_23/factual/depth_3/exact_executor_answer/value,locked_test,fraction
state_interface,Kev-0.8B parser + state interface,synthetic_boolean_rules,hard,id_test,3,23,gold_input_executor_answer_accuracy,1.0,332,results/evidence/state_interface/locked_results.json,/id_test/hard_23/factual/depth_3/gold_input_executor_answer/value,locked_test,fraction
state_interface,Kev-0.8B parser + state interface,synthetic_boolean_rules,hard,id_test,3,23,parser_exact_accuracy,0.963855421686747,332,results/evidence/state_interface/locked_results.json,/id_test/hard_23/factual/depth_3/parser_exact/value,locked_test,fraction
state_interface,Kev-0.8B parser + state interface,synthetic_boolean_rules,hard,id_test,3,37,answer_accuracy,0.9879518072289156,332,results/evidence/state_interface/locked_results.json,/id_test/hard_37/factual/depth_3/answer/value,locked_test,fraction
state_interface,Kev-0.8B parser + state interface,synthetic_boolean_rules,hard,id_test,3,37,exact_trajectory_accuracy,0.9849397590361446,332,results/evidence/state_interface/locked_results.json,/id_test/hard_37/factual/depth_3/exact_trajectory/value,locked_test,fraction
state_interface,Kev-0.8B parser + state interface,synthetic_boolean_rules,hard,id_test,3,37,executor_answer_accuracy,0.9879518072289156,332,results/evidence/state_interface/locked_results.json,/id_test/hard_37/factual/depth_3/exact_executor_answer/value,locked_test,fraction
state_interface,Kev-0.8B parser + state interface,synthetic_boolean_rules,hard,id_test,3,37,gold_input_executor_answer_accuracy,1.0,332,results/evidence/state_interface/locked_results.json,/id_test/hard_37/factual/depth_3/gold_input_executor_answer/value,locked_test,fraction
state_interface,Kev-0.8B parser + state interface,synthetic_boolean_rules,hard,id_test,3,37,parser_exact_accuracy,0.963855421686747,332,results/evidence/state_interface/locked_results.json,/id_test/hard_37/factual/depth_3/parser_exact/value,locked_test,fraction
state_interface,Kev-0.8B parser + state interface,synthetic_boolean_rules,hard,id_test,all,11,answer_accuracy,0.994,1000,results/evidence/state_interface/locked_results.json,/id_test/hard_11/factual/all/answer/value,locked_test,fraction
state_interface,Kev-0.8B parser + state interface,synthetic_boolean_rules,hard,id_test,all,11,exact_trajectory_accuracy,0.992,1000,results/evidence/state_interface/locked_results.json,/id_test/hard_11/factual/all/exact_trajectory/value,locked_test,fraction
state_interface,Kev-0.8B parser + state interface,synthetic_boolean_rules,hard,id_test,all,11,executor_answer_accuracy,0.994,1000,results/evidence/state_interface/locked_results.json,/id_test/hard_11/factual/all/exact_executor_answer/value,locked_test,fraction
state_interface,Kev-0.8B parser + state interface,synthetic_boolean_rules,hard,id_test,all,11,gold_input_executor_answer_accuracy,1.0,1000,results/evidence/state_interface/locked_results.json,/id_test/hard_11/factual/all/gold_input_executor_answer/value,locked_test,fraction
state_interface,Kev-0.8B parser + state interface,synthetic_boolean_rules,hard,id_test,all,11,parser_exact_accuracy,0.985,1000,results/evidence/state_interface/locked_results.json,/id_test/hard_11/factual/all/parser_exact/value,locked_test,fraction
state_interface,Kev-0.8B parser + state interface,synthetic_boolean_rules,hard,id_test,all,23,answer_accuracy,0.994,1000,results/evidence/state_interface/locked_results.json,/id_test/hard_23/factual/all/answer/value,locked_test,fraction
state_interface,Kev-0.8B parser + state interface,synthetic_boolean_rules,hard,id_test,all,23,exact_trajectory_accuracy,0.992,1000,results/evidence/state_interface/locked_results.json,/id_test/hard_23/factual/all/exact_trajectory/value,locked_test,fraction
state_interface,Kev-0.8B parser + state interface,synthetic_boolean_rules,hard,id_test,all,23,executor_answer_accuracy,0.994,1000,results/evidence/state_interface/locked_results.json,/id_test/hard_23/factual/all/exact_executor_answer/value,locked_test,fraction
state_interface,Kev-0.8B parser + state interface,synthetic_boolean_rules,hard,id_test,all,23,gold_input_executor_answer_accuracy,1.0,1000,results/evidence/state_interface/locked_results.json,/id_test/hard_23/factual/all/gold_input_executor_answer/value,locked_test,fraction
state_interface,Kev-0.8B parser + state interface,synthetic_boolean_rules,hard,id_test,all,23,parser_exact_accuracy,0.985,1000,results/evidence/state_interface/locked_results.json,/id_test/hard_23/factual/all/parser_exact/value,locked_test,fraction
state_interface,Kev-0.8B parser + state interface,synthetic_boolean_rules,hard,id_test,all,37,answer_accuracy,0.994,1000,results/evidence/state_interface/locked_results.json,/id_test/hard_37/factual/all/answer/value,locked_test,fraction
state_interface,Kev-0.8B parser + state interface,synthetic_boolean_rules,hard,id_test,all,37,exact_trajectory_accuracy,0.992,1000,results/evidence/state_interface/locked_results.json,/id_test/hard_37/factual/all/exact_trajectory/value,locked_test,fraction
state_interface,Kev-0.8B parser + state interface,synthetic_boolean_rules,hard,id_test,all,37,executor_answer_accuracy,0.994,1000,results/evidence/state_interface/locked_results.json,/id_test/hard_37/factual/all/exact_executor_answer/value,locked_test,fraction
state_interface,Kev-0.8B parser + state interface,synthetic_boolean_rules,hard,id_test,all,37,gold_input_executor_answer_accuracy,1.0,1000,results/evidence/state_interface/locked_results.json,/id_test/hard_37/factual/all/gold_input_executor_answer/value,locked_test,fraction
state_interface,Kev-0.8B parser + state interface,synthetic_boolean_rules,hard,id_test,all,37,parser_exact_accuracy,0.985,1000,results/evidence/state_interface/locked_results.json,/id_test/hard_37/factual/all/parser_exact/value,locked_test,fraction
state_interface,Kev-0.8B parser + state interface,synthetic_boolean_rules,hard,ood_test,10,11,answer_accuracy,0.95,200,results/evidence/state_interface/locked_results.json,/ood_test/hard_11/factual/depth_10/answer/value,locked_test,fraction
state_interface,Kev-0.8B parser + state interface,synthetic_boolean_rules,hard,ood_test,10,11,effectful_copy_conditioned_consistency,1.0,102,results/evidence/state_interface/locked_results.json,/ood_test/hard_11/counterfactual/depth_10~1effectful_copy_conditioned/consistency,locked_test,fraction
state_interface,Kev-0.8B parser + state interface,synthetic_boolean_rules,hard,ood_test,10,11,effectful_copy_conditioned_correct_direction_flip,1.0,102,results/evidence/state_interface/locked_results.json,/ood_test/hard_11/counterfactual/depth_10~1effectful_copy_conditioned/correct_direction_flip,locked_test,fraction
state_interface,Kev-0.8B parser + state interface,synthetic_boolean_rules,hard,ood_test,10,11,effectful_copy_consistency,0.8759124087591241,137,results/evidence/state_interface/locked_results.json,/ood_test/hard_11/counterfactual/depth_10~1effectful_copy/consistency,locked_test,fraction
state_interface,Kev-0.8B parser + state interface,synthetic_boolean_rules,hard,ood_test,10,11,effectful_copy_correct_direction_flip,0.8540145985401459,137,results/evidence/state_interface/locked_results.json,/ood_test/hard_11/counterfactual/depth_10~1effectful_copy/correct_direction_flip,locked_test,fraction
state_interface,Kev-0.8B parser + state interface,synthetic_boolean_rules,hard,ood_test,10,11,effectful_noncopy_conditioned_consistency,1.0,115,results/evidence/state_interface/locked_results.json,/ood_test/hard_11/counterfactual/depth_10~1effectful_noncopy_conditioned/consistency,locked_test,fraction
state_interface,Kev-0.8B parser + state interface,synthetic_boolean_rules,hard,ood_test,10,11,effectful_noncopy_conditioned_correct_direction_flip,1.0,115,results/evidence/state_interface/locked_results.json,/ood_test/hard_11/counterfactual/depth_10~1effectful_noncopy_conditioned/correct_direction_flip,locked_test,fraction
state_interface,Kev-0.8B parser + state interface,synthetic_boolean_rules,hard,ood_test,10,11,effectful_noncopy_consistency,0.8974358974358975,156,results/evidence/state_interface/locked_results.json,/ood_test/hard_11/counterfactual/depth_10~1effectful_noncopy/consistency,locked_test,fraction
state_interface,Kev-0.8B parser + state interface,synthetic_boolean_rules,hard,ood_test,10,11,effectful_noncopy_correct_direction_flip,0.8333333333333334,156,results/evidence/state_interface/locked_results.json,/ood_test/hard_11/counterfactual/depth_10~1effectful_noncopy/correct_direction_flip,locked_test,fraction
state_interface,Kev-0.8B parser + state interface,synthetic_boolean_rules,hard,ood_test,10,11,exact_trajectory_accuracy,0.87,200,results/evidence/state_interface/locked_results.json,/ood_test/hard_11/factual/depth_10/exact_trajectory/value,locked_test,fraction
state_interface,Kev-0.8B parser + state interface,synthetic_boolean_rules,hard,ood_test,10,11,executor_answer_accuracy,0.95,200,results/evidence/state_interface/locked_results.json,/ood_test/hard_11/factual/depth_10/exact_executor_answer/value,locked_test,fraction
state_interface,Kev-0.8B parser + state interface,synthetic_boolean_rules,hard,ood_test,10,11,gold_input_executor_answer_accuracy,1.0,200,results/evidence/state_interface/locked_results.json,/ood_test/hard_11/factual/depth_10/gold_input_executor_answer/value,locked_test,fraction
state_interface,Kev-0.8B parser + state interface,synthetic_boolean_rules,hard,ood_test,10,11,parser_exact_accuracy,0.755,200,results/evidence/state_interface/locked_results.json,/ood_test/hard_11/factual/depth_10/parser_exact/value,locked_test,fraction
state_interface,Kev-0.8B parser + state interface,synthetic_boolean_rules,hard,ood_test,10,23,answer_accuracy,0.95,200,results/evidence/state_interface/locked_results.json,/ood_test/hard_23/factual/depth_10/answer/value,locked_test,fraction
state_interface,Kev-0.8B parser + state interface,synthetic_boolean_rules,hard,ood_test,10,23,effectful_copy_conditioned_consistency,1.0,102,results/evidence/state_interface/locked_results.json,/ood_test/hard_23/counterfactual/depth_10~1effectful_copy_conditioned/consistency,locked_test,fraction
state_interface,Kev-0.8B parser + state interface,synthetic_boolean_rules,hard,ood_test,10,23,effectful_copy_conditioned_correct_direction_flip,1.0,102,results/evidence/state_interface/locked_results.json,/ood_test/hard_23/counterfactual/depth_10~1effectful_copy_conditioned/correct_direction_flip,locked_test,fraction
state_interface,Kev-0.8B parser + state interface,synthetic_boolean_rules,hard,ood_test,10,23,effectful_copy_consistency,0.8759124087591241,137,results/evidence/state_interface/locked_results.json,/ood_test/hard_23/counterfactual/depth_10~1effectful_copy/consistency,locked_test,fraction
state_interface,Kev-0.8B parser + state interface,synthetic_boolean_rules,hard,ood_test,10,23,effectful_copy_correct_direction_flip,0.8540145985401459,137,results/evidence/state_interface/locked_results.json,/ood_test/hard_23/counterfactual/depth_10~1effectful_copy/correct_direction_flip,locked_test,fraction
state_interface,Kev-0.8B parser + state interface,synthetic_boolean_rules,hard,ood_test,10,23,effectful_noncopy_conditioned_consistency,1.0,115,results/evidence/state_interface/locked_results.json,/ood_test/hard_23/counterfactual/depth_10~1effectful_noncopy_conditioned/consistency,locked_test,fraction
state_interface,Kev-0.8B parser + state interface,synthetic_boolean_rules,hard,ood_test,10,23,effectful_noncopy_conditioned_correct_direction_flip,1.0,115,results/evidence/state_interface/locked_results.json,/ood_test/hard_23/counterfactual/depth_10~1effectful_noncopy_conditioned/correct_direction_flip,locked_test,fraction
state_interface,Kev-0.8B parser + state interface,synthetic_boolean_rules,hard,ood_test,10,23,effectful_noncopy_consistency,0.8974358974358975,156,results/evidence/state_interface/locked_results.json,/ood_test/hard_23/counterfactual/depth_10~1effectful_noncopy/consistency,locked_test,fraction
state_interface,Kev-0.8B parser + state interface,synthetic_boolean_rules,hard,ood_test,10,23,effectful_noncopy_correct_direction_flip,0.8333333333333334,156,results/evidence/state_interface/locked_results.json,/ood_test/hard_23/counterfactual/depth_10~1effectful_noncopy/correct_direction_flip,locked_test,fraction
state_interface,Kev-0.8B parser + state interface,synthetic_boolean_rules,hard,ood_test,10,23,exact_trajectory_accuracy,0.87,200,results/evidence/state_interface/locked_results.json,/ood_test/hard_23/factual/depth_10/exact_trajectory/value,locked_test,fraction
state_interface,Kev-0.8B parser + state interface,synthetic_boolean_rules,hard,ood_test,10,23,executor_answer_accuracy,0.95,200,results/evidence/state_interface/locked_results.json,/ood_test/hard_23/factual/depth_10/exact_executor_answer/value,locked_test,fraction
state_interface,Kev-0.8B parser + state interface,synthetic_boolean_rules,hard,ood_test,10,23,gold_input_executor_answer_accuracy,1.0,200,results/evidence/state_interface/locked_results.json,/ood_test/hard_23/factual/depth_10/gold_input_executor_answer/value,locked_test,fraction
state_interface,Kev-0.8B parser + state interface,synthetic_boolean_rules,hard,ood_test,10,23,parser_exact_accuracy,0.755,200,results/evidence/state_interface/locked_results.json,/ood_test/hard_23/factual/depth_10/parser_exact/value,locked_test,fraction
state_interface,Kev-0.8B parser + state interface,synthetic_boolean_rules,hard,ood_test,10,37,answer_accuracy,0.95,200,results/evidence/state_interface/locked_results.json,/ood_test/hard_37/factual/depth_10/answer/value,locked_test,fraction
state_interface,Kev-0.8B parser + state interface,synthetic_boolean_rules,hard,ood_test,10,37,effectful_copy_conditioned_consistency,1.0,102,results/evidence/state_interface/locked_results.json,/ood_test/hard_37/counterfactual/depth_10~1effectful_copy_conditioned/consistency,locked_test,fraction
state_interface,Kev-0.8B parser + state interface,synthetic_boolean_rules,hard,ood_test,10,37,effectful_copy_conditioned_correct_direction_flip,1.0,102,results/evidence/state_interface/locked_results.json,/ood_test/hard_37/counterfactual/depth_10~1effectful_copy_conditioned/correct_direction_flip,locked_test,fraction
state_interface,Kev-0.8B parser + state interface,synthetic_boolean_rules,hard,ood_test,10,37,effectful_copy_consistency,0.8759124087591241,137,results/evidence/state_interface/locked_results.json,/ood_test/hard_37/counterfactual/depth_10~1effectful_copy/consistency,locked_test,fraction
state_interface,Kev-0.8B parser + state interface,synthetic_boolean_rules,hard,ood_test,10,37,effectful_copy_correct_direction_flip,0.8540145985401459,137,results/evidence/state_interface/locked_results.json,/ood_test/hard_37/counterfactual/depth_10~1effectful_copy/correct_direction_flip,locked_test,fraction
state_interface,Kev-0.8B parser + state interface,synthetic_boolean_rules,hard,ood_test,10,37,effectful_noncopy_conditioned_consistency,1.0,115,results/evidence/state_interface/locked_results.json,/ood_test/hard_37/counterfactual/depth_10~1effectful_noncopy_conditioned/consistency,locked_test,fraction
state_interface,Kev-0.8B parser + state interface,synthetic_boolean_rules,hard,ood_test,10,37,effectful_noncopy_conditioned_correct_direction_flip,1.0,115,results/evidence/state_interface/locked_results.json,/ood_test/hard_37/counterfactual/depth_10~1effectful_noncopy_conditioned/correct_direction_flip,locked_test,fraction
state_interface,Kev-0.8B parser + state interface,synthetic_boolean_rules,hard,ood_test,10,37,effectful_noncopy_consistency,0.8974358974358975,156,results/evidence/state_interface/locked_results.json,/ood_test/hard_37/counterfactual/depth_10~1effectful_noncopy/consistency,locked_test,fraction
state_interface,Kev-0.8B parser + state interface,synthetic_boolean_rules,hard,ood_test,10,37,effectful_noncopy_correct_direction_flip,0.8333333333333334,156,results/evidence/state_interface/locked_results.json,/ood_test/hard_37/counterfactual/depth_10~1effectful_noncopy/correct_direction_flip,locked_test,fraction
state_interface,Kev-0.8B parser + state interface,synthetic_boolean_rules,hard,ood_test,10,37,exact_trajectory_accuracy,0.87,200,results/evidence/state_interface/locked_results.json,/ood_test/hard_37/factual/depth_10/exact_trajectory/value,locked_test,fraction
state_interface,Kev-0.8B parser + state interface,synthetic_boolean_rules,hard,ood_test,10,37,executor_answer_accuracy,0.95,200,results/evidence/state_interface/locked_results.json,/ood_test/hard_37/factual/depth_10/exact_executor_answer/value,locked_test,fraction
state_interface,Kev-0.8B parser + state interface,synthetic_boolean_rules,hard,ood_test,10,37,gold_input_executor_answer_accuracy,1.0,200,results/evidence/state_interface/locked_results.json,/ood_test/hard_37/factual/depth_10/gold_input_executor_answer/value,locked_test,fraction
state_interface,Kev-0.8B parser + state interface,synthetic_boolean_rules,hard,ood_test,10,37,parser_exact_accuracy,0.755,200,results/evidence/state_interface/locked_results.json,/ood_test/hard_37/factual/depth_10/parser_exact/value,locked_test,fraction
state_interface,Kev-0.8B parser + state interface,synthetic_boolean_rules,hard,ood_test,4,11,answer_accuracy,0.99,200,results/evidence/state_interface/locked_results.json,/ood_test/hard_11/factual/depth_4/answer/value,locked_test,fraction
state_interface,Kev-0.8B parser + state interface,synthetic_boolean_rules,hard,ood_test,4,11,effectful_copy_conditioned_consistency,1.0,92,results/evidence/state_interface/locked_results.json,/ood_test/hard_11/counterfactual/depth_4~1effectful_copy_conditioned/consistency,locked_test,fraction
state_interface,Kev-0.8B parser + state interface,synthetic_boolean_rules,hard,ood_test,4,11,effectful_copy_conditioned_correct_direction_flip,1.0,92,results/evidence/state_interface/locked_results.json,/ood_test/hard_11/counterfactual/depth_4~1effectful_copy_conditioned/correct_direction_flip,locked_test,fraction
state_interface,Kev-0.8B parser + state interface,synthetic_boolean_rules,hard,ood_test,4,11,effectful_copy_consistency,0.9619047619047619,105,results/evidence/state_interface/locked_results.json,/ood_test/hard_11/counterfactual/depth_4~1effectful_copy/consistency,locked_test,fraction
state_interface,Kev-0.8B parser + state interface,synthetic_boolean_rules,hard,ood_test,4,11,effectful_copy_correct_direction_flip,0.9047619047619048,105,results/evidence/state_interface/locked_results.json,/ood_test/hard_11/counterfactual/depth_4~1effectful_copy/correct_direction_flip,locked_test,fraction
state_interface,Kev-0.8B parser + state interface,synthetic_boolean_rules,hard,ood_test,4,11,effectful_noncopy_conditioned_consistency,1.0,94,results/evidence/state_interface/locked_results.json,/ood_test/hard_11/counterfactual/depth_4~1effectful_noncopy_conditioned/consistency,locked_test,fraction
state_interface,Kev-0.8B parser + state interface,synthetic_boolean_rules,hard,ood_test,4,11,effectful_noncopy_conditioned_correct_direction_flip,1.0,94,results/evidence/state_interface/locked_results.json,/ood_test/hard_11/counterfactual/depth_4~1effectful_noncopy_conditioned/correct_direction_flip,locked_test,fraction
state_interface,Kev-0.8B parser + state interface,synthetic_boolean_rules,hard,ood_test,4,11,effectful_noncopy_consistency,0.970873786407767,103,results/evidence/state_interface/locked_results.json,/ood_test/hard_11/counterfactual/depth_4~1effectful_noncopy/consistency,locked_test,fraction
state_interface,Kev-0.8B parser + state interface,synthetic_boolean_rules,hard,ood_test,4,11,effectful_noncopy_correct_direction_flip,0.970873786407767,103,results/evidence/state_interface/locked_results.json,/ood_test/hard_11/counterfactual/depth_4~1effectful_noncopy/correct_direction_flip,locked_test,fraction
state_interface,Kev-0.8B parser + state interface,synthetic_boolean_rules,hard,ood_test,4,11,exact_trajectory_accuracy,0.98,200,results/evidence/state_interface/locked_results.json,/ood_test/hard_11/factual/depth_4/exact_trajectory/value,locked_test,fraction
state_interface,Kev-0.8B parser + state interface,synthetic_boolean_rules,hard,ood_test,4,11,executor_answer_accuracy,0.99,200,results/evidence/state_interface/locked_results.json,/ood_test/hard_11/factual/depth_4/exact_executor_answer/value,locked_test,fraction
state_interface,Kev-0.8B parser + state interface,synthetic_boolean_rules,hard,ood_test,4,11,gold_input_executor_answer_accuracy,1.0,200,results/evidence/state_interface/locked_results.json,/ood_test/hard_11/factual/depth_4/gold_input_executor_answer/value,locked_test,fraction
state_interface,Kev-0.8B parser + state interface,synthetic_boolean_rules,hard,ood_test,4,11,parser_exact_accuracy,0.935,200,results/evidence/state_interface/locked_results.json,/ood_test/hard_11/factual/depth_4/parser_exact/value,locked_test,fraction
state_interface,Kev-0.8B parser + state interface,synthetic_boolean_rules,hard,ood_test,4,23,answer_accuracy,0.99,200,results/evidence/state_interface/locked_results.json,/ood_test/hard_23/factual/depth_4/answer/value,locked_test,fraction
state_interface,Kev-0.8B parser + state interface,synthetic_boolean_rules,hard,ood_test,4,23,effectful_copy_conditioned_consistency,1.0,92,results/evidence/state_interface/locked_results.json,/ood_test/hard_23/counterfactual/depth_4~1effectful_copy_conditioned/consistency,locked_test,fraction
state_interface,Kev-0.8B parser + state interface,synthetic_boolean_rules,hard,ood_test,4,23,effectful_copy_conditioned_correct_direction_flip,1.0,92,results/evidence/state_interface/locked_results.json,/ood_test/hard_23/counterfactual/depth_4~1effectful_copy_conditioned/correct_direction_flip,locked_test,fraction
state_interface,Kev-0.8B parser + state interface,synthetic_boolean_rules,hard,ood_test,4,23,effectful_copy_consistency,0.9619047619047619,105,results/evidence/state_interface/locked_results.json,/ood_test/hard_23/counterfactual/depth_4~1effectful_copy/consistency,locked_test,fraction
state_interface,Kev-0.8B parser + state interface,synthetic_boolean_rules,hard,ood_test,4,23,effectful_copy_correct_direction_flip,0.9047619047619048,105,results/evidence/state_interface/locked_results.json,/ood_test/hard_23/counterfactual/depth_4~1effectful_copy/correct_direction_flip,locked_test,fraction
state_interface,Kev-0.8B parser + state interface,synthetic_boolean_rules,hard,ood_test,4,23,effectful_noncopy_conditioned_consistency,1.0,94,results/evidence/state_interface/locked_results.json,/ood_test/hard_23/counterfactual/depth_4~1effectful_noncopy_conditioned/consistency,locked_test,fraction
state_interface,Kev-0.8B parser + state interface,synthetic_boolean_rules,hard,ood_test,4,23,effectful_noncopy_conditioned_correct_direction_flip,1.0,94,results/evidence/state_interface/locked_results.json,/ood_test/hard_23/counterfactual/depth_4~1effectful_noncopy_conditioned/correct_direction_flip,locked_test,fraction
state_interface,Kev-0.8B parser + state interface,synthetic_boolean_rules,hard,ood_test,4,23,effectful_noncopy_consistency,0.970873786407767,103,results/evidence/state_interface/locked_results.json,/ood_test/hard_23/counterfactual/depth_4~1effectful_noncopy/consistency,locked_test,fraction
state_interface,Kev-0.8B parser + state interface,synthetic_boolean_rules,hard,ood_test,4,23,effectful_noncopy_correct_direction_flip,0.970873786407767,103,results/evidence/state_interface/locked_results.json,/ood_test/hard_23/counterfactual/depth_4~1effectful_noncopy/correct_direction_flip,locked_test,fraction
state_interface,Kev-0.8B parser + state interface,synthetic_boolean_rules,hard,ood_test,4,23,exact_trajectory_accuracy,0.98,200,results/evidence/state_interface/locked_results.json,/ood_test/hard_23/factual/depth_4/exact_trajectory/value,locked_test,fraction
state_interface,Kev-0.8B parser + state interface,synthetic_boolean_rules,hard,ood_test,4,23,executor_answer_accuracy,0.99,200,results/evidence/state_interface/locked_results.json,/ood_test/hard_23/factual/depth_4/exact_executor_answer/value,locked_test,fraction
state_interface,Kev-0.8B parser + state interface,synthetic_boolean_rules,hard,ood_test,4,23,gold_input_executor_answer_accuracy,1.0,200,results/evidence/state_interface/locked_results.json,/ood_test/hard_23/factual/depth_4/gold_input_executor_answer/value,locked_test,fraction
state_interface,Kev-0.8B parser + state interface,synthetic_boolean_rules,hard,ood_test,4,23,parser_exact_accuracy,0.935,200,results/evidence/state_interface/locked_results.json,/ood_test/hard_23/factual/depth_4/parser_exact/value,locked_test,fraction
state_interface,Kev-0.8B parser + state interface,synthetic_boolean_rules,hard,ood_test,4,37,answer_accuracy,0.99,200,results/evidence/state_interface/locked_results.json,/ood_test/hard_37/factual/depth_4/answer/value,locked_test,fraction
state_interface,Kev-0.8B parser + state interface,synthetic_boolean_rules,hard,ood_test,4,37,effectful_copy_conditioned_consistency,1.0,92,results/evidence/state_interface/locked_results.json,/ood_test/hard_37/counterfactual/depth_4~1effectful_copy_conditioned/consistency,locked_test,fraction
state_interface,Kev-0.8B parser + state interface,synthetic_boolean_rules,hard,ood_test,4,37,effectful_copy_conditioned_correct_direction_flip,1.0,92,results/evidence/state_interface/locked_results.json,/ood_test/hard_37/counterfactual/depth_4~1effectful_copy_conditioned/correct_direction_flip,locked_test,fraction
state_interface,Kev-0.8B parser + state interface,synthetic_boolean_rules,hard,ood_test,4,37,effectful_copy_consistency,0.9619047619047619,105,results/evidence/state_interface/locked_results.json,/ood_test/hard_37/counterfactual/depth_4~1effectful_copy/consistency,locked_test,fraction
state_interface,Kev-0.8B parser + state interface,synthetic_boolean_rules,hard,ood_test,4,37,effectful_copy_correct_direction_flip,0.9047619047619048,105,results/evidence/state_interface/locked_results.json,/ood_test/hard_37/counterfactual/depth_4~1effectful_copy/correct_direction_flip,locked_test,fraction
state_interface,Kev-0.8B parser + state interface,synthetic_boolean_rules,hard,ood_test,4,37,effectful_noncopy_conditioned_consistency,1.0,94,results/evidence/state_interface/locked_results.json,/ood_test/hard_37/counterfactual/depth_4~1effectful_noncopy_conditioned/consistency,locked_test,fraction
state_interface,Kev-0.8B parser + state interface,synthetic_boolean_rules,hard,ood_test,4,37,effectful_noncopy_conditioned_correct_direction_flip,1.0,94,results/evidence/state_interface/locked_results.json,/ood_test/hard_37/counterfactual/depth_4~1effectful_noncopy_conditioned/correct_direction_flip,locked_test,fraction
state_interface,Kev-0.8B parser + state interface,synthetic_boolean_rules,hard,ood_test,4,37,effectful_noncopy_consistency,0.970873786407767,103,results/evidence/state_interface/locked_results.json,/ood_test/hard_37/counterfactual/depth_4~1effectful_noncopy/consistency,locked_test,fraction
state_interface,Kev-0.8B parser + state interface,synthetic_boolean_rules,hard,ood_test,4,37,effectful_noncopy_correct_direction_flip,0.970873786407767,103,results/evidence/state_interface/locked_results.json,/ood_test/hard_37/counterfactual/depth_4~1effectful_noncopy/correct_direction_flip,locked_test,fraction
state_interface,Kev-0.8B parser + state interface,synthetic_boolean_rules,hard,ood_test,4,37,exact_trajectory_accuracy,0.98,200,results/evidence/state_interface/locked_results.json,/ood_test/hard_37/factual/depth_4/exact_trajectory/value,locked_test,fraction
state_interface,Kev-0.8B parser + state interface,synthetic_boolean_rules,hard,ood_test,4,37,executor_answer_accuracy,0.99,200,results/evidence/state_interface/locked_results.json,/ood_test/hard_37/factual/depth_4/exact_executor_answer/value,locked_test,fraction
state_interface,Kev-0.8B parser + state interface,synthetic_boolean_rules,hard,ood_test,4,37,gold_input_executor_answer_accuracy,1.0,200,results/evidence/state_interface/locked_results.json,/ood_test/hard_37/factual/depth_4/gold_input_executor_answer/value,locked_test,fraction
state_interface,Kev-0.8B parser + state interface,synthetic_boolean_rules,hard,ood_test,4,37,parser_exact_accuracy,0.935,200,results/evidence/state_interface/locked_results.json,/ood_test/hard_37/factual/depth_4/parser_exact/value,locked_test,fraction
state_interface,Kev-0.8B parser + state interface,synthetic_boolean_rules,hard,ood_test,5,11,answer_accuracy,1.0,200,results/evidence/state_interface/locked_results.json,/ood_test/hard_11/factual/depth_5/answer/value,locked_test,fraction
state_interface,Kev-0.8B parser + state interface,synthetic_boolean_rules,hard,ood_test,5,11,effectful_copy_conditioned_consistency,1.0,99,results/evidence/state_interface/locked_results.json,/ood_test/hard_11/counterfactual/depth_5~1effectful_copy_conditioned/consistency,locked_test,fraction
state_interface,Kev-0.8B parser + state interface,synthetic_boolean_rules,hard,ood_test,5,11,effectful_copy_conditioned_correct_direction_flip,1.0,99,results/evidence/state_interface/locked_results.json,/ood_test/hard_11/counterfactual/depth_5~1effectful_copy_conditioned/correct_direction_flip,locked_test,fraction
state_interface,Kev-0.8B parser + state interface,synthetic_boolean_rules,hard,ood_test,5,11,effectful_copy_consistency,0.9900990099009901,101,results/evidence/state_interface/locked_results.json,/ood_test/hard_11/counterfactual/depth_5~1effectful_copy/consistency,locked_test,fraction
state_interface,Kev-0.8B parser + state interface,synthetic_boolean_rules,hard,ood_test,5,11,effectful_copy_correct_direction_flip,0.9900990099009901,101,results/evidence/state_interface/locked_results.json,/ood_test/hard_11/counterfactual/depth_5~1effectful_copy/correct_direction_flip,locked_test,fraction
state_interface,Kev-0.8B parser + state interface,synthetic_boolean_rules,hard,ood_test,5,11,effectful_noncopy_conditioned_consistency,1.0,105,results/evidence/state_interface/locked_results.json,/ood_test/hard_11/counterfactual/depth_5~1effectful_noncopy_conditioned/consistency,locked_test,fraction
state_interface,Kev-0.8B parser + state interface,synthetic_boolean_rules,hard,ood_test,5,11,effectful_noncopy_conditioned_correct_direction_flip,1.0,105,results/evidence/state_interface/locked_results.json,/ood_test/hard_11/counterfactual/depth_5~1effectful_noncopy_conditioned/correct_direction_flip,locked_test,fraction
state_interface,Kev-0.8B parser + state interface,synthetic_boolean_rules,hard,ood_test,5,11,effectful_noncopy_consistency,0.9090909090909091,121,results/evidence/state_interface/locked_results.json,/ood_test/hard_11/counterfactual/depth_5~1effectful_noncopy/consistency,locked_test,fraction
state_interface,Kev-0.8B parser + state interface,synthetic_boolean_rules,hard,ood_test,5,11,effectful_noncopy_correct_direction_flip,0.9090909090909091,121,results/evidence/state_interface/locked_results.json,/ood_test/hard_11/counterfactual/depth_5~1effectful_noncopy/correct_direction_flip,locked_test,fraction
state_interface,Kev-0.8B parser + state interface,synthetic_boolean_rules,hard,ood_test,5,11,exact_trajectory_accuracy,0.975,200,results/evidence/state_interface/locked_results.json,/ood_test/hard_11/factual/depth_5/exact_trajectory/value,locked_test,fraction
state_interface,Kev-0.8B parser + state interface,synthetic_boolean_rules,hard,ood_test,5,11,executor_answer_accuracy,1.0,200,results/evidence/state_interface/locked_results.json,/ood_test/hard_11/factual/depth_5/exact_executor_answer/value,locked_test,fraction
state_interface,Kev-0.8B parser + state interface,synthetic_boolean_rules,hard,ood_test,5,11,gold_input_executor_answer_accuracy,1.0,200,results/evidence/state_interface/locked_results.json,/ood_test/hard_11/factual/depth_5/gold_input_executor_answer/value,locked_test,fraction
state_interface,Kev-0.8B parser + state interface,synthetic_boolean_rules,hard,ood_test,5,11,parser_exact_accuracy,0.93,200,results/evidence/state_interface/locked_results.json,/ood_test/hard_11/factual/depth_5/parser_exact/value,locked_test,fraction
state_interface,Kev-0.8B parser + state interface,synthetic_boolean_rules,hard,ood_test,5,23,answer_accuracy,1.0,200,results/evidence/state_interface/locked_results.json,/ood_test/hard_23/factual/depth_5/answer/value,locked_test,fraction
state_interface,Kev-0.8B parser + state interface,synthetic_boolean_rules,hard,ood_test,5,23,effectful_copy_conditioned_consistency,1.0,99,results/evidence/state_interface/locked_results.json,/ood_test/hard_23/counterfactual/depth_5~1effectful_copy_conditioned/consistency,locked_test,fraction
state_interface,Kev-0.8B parser + state interface,synthetic_boolean_rules,hard,ood_test,5,23,effectful_copy_conditioned_correct_direction_flip,1.0,99,results/evidence/state_interface/locked_results.json,/ood_test/hard_23/counterfactual/depth_5~1effectful_copy_conditioned/correct_direction_flip,locked_test,fraction
state_interface,Kev-0.8B parser + state interface,synthetic_boolean_rules,hard,ood_test,5,23,effectful_copy_consistency,0.9900990099009901,101,results/evidence/state_interface/locked_results.json,/ood_test/hard_23/counterfactual/depth_5~1effectful_copy/consistency,locked_test,fraction
state_interface,Kev-0.8B parser + state interface,synthetic_boolean_rules,hard,ood_test,5,23,effectful_copy_correct_direction_flip,0.9900990099009901,101,results/evidence/state_interface/locked_results.json,/ood_test/hard_23/counterfactual/depth_5~1effectful_copy/correct_direction_flip,locked_test,fraction
state_interface,Kev-0.8B parser + state interface,synthetic_boolean_rules,hard,ood_test,5,23,effectful_noncopy_conditioned_consistency,1.0,105,results/evidence/state_interface/locked_results.json,/ood_test/hard_23/counterfactual/depth_5~1effectful_noncopy_conditioned/consistency,locked_test,fraction
state_interface,Kev-0.8B parser + state interface,synthetic_boolean_rules,hard,ood_test,5,23,effectful_noncopy_conditioned_correct_direction_flip,1.0,105,results/evidence/state_interface/locked_results.json,/ood_test/hard_23/counterfactual/depth_5~1effectful_noncopy_conditioned/correct_direction_flip,locked_test,fraction
state_interface,Kev-0.8B parser + state interface,synthetic_boolean_rules,hard,ood_test,5,23,effectful_noncopy_consistency,0.9090909090909091,121,results/evidence/state_interface/locked_results.json,/ood_test/hard_23/counterfactual/depth_5~1effectful_noncopy/consistency,locked_test,fraction
state_interface,Kev-0.8B parser + state interface,synthetic_boolean_rules,hard,ood_test,5,23,effectful_noncopy_correct_direction_flip,0.9090909090909091,121,results/evidence/state_interface/locked_results.json,/ood_test/hard_23/counterfactual/depth_5~1effectful_noncopy/correct_direction_flip,locked_test,fraction
state_interface,Kev-0.8B parser + state interface,synthetic_boolean_rules,hard,ood_test,5,23,exact_trajectory_accuracy,0.975,200,results/evidence/state_interface/locked_results.json,/ood_test/hard_23/factual/depth_5/exact_trajectory/value,locked_test,fraction
state_interface,Kev-0.8B parser + state interface,synthetic_boolean_rules,hard,ood_test,5,23,executor_answer_accuracy,1.0,200,results/evidence/state_interface/locked_results.json,/ood_test/hard_23/factual/depth_5/exact_executor_answer/value,locked_test,fraction
state_interface,Kev-0.8B parser + state interface,synthetic_boolean_rules,hard,ood_test,5,23,gold_input_executor_answer_accuracy,1.0,200,results/evidence/state_interface/locked_results.json,/ood_test/hard_23/factual/depth_5/gold_input_executor_answer/value,locked_test,fraction
state_interface,Kev-0.8B parser + state interface,synthetic_boolean_rules,hard,ood_test,5,23,parser_exact_accuracy,0.93,200,results/evidence/state_interface/locked_results.json,/ood_test/hard_23/factual/depth_5/parser_exact/value,locked_test,fraction
state_interface,Kev-0.8B parser + state interface,synthetic_boolean_rules,hard,ood_test,5,37,answer_accuracy,1.0,200,results/evidence/state_interface/locked_results.json,/ood_test/hard_37/factual/depth_5/answer/value,locked_test,fraction
state_interface,Kev-0.8B parser + state interface,synthetic_boolean_rules,hard,ood_test,5,37,effectful_copy_conditioned_consistency,1.0,99,results/evidence/state_interface/locked_results.json,/ood_test/hard_37/counterfactual/depth_5~1effectful_copy_conditioned/consistency,locked_test,fraction
state_interface,Kev-0.8B parser + state interface,synthetic_boolean_rules,hard,ood_test,5,37,effectful_copy_conditioned_correct_direction_flip,1.0,99,results/evidence/state_interface/locked_results.json,/ood_test/hard_37/counterfactual/depth_5~1effectful_copy_conditioned/correct_direction_flip,locked_test,fraction
state_interface,Kev-0.8B parser + state interface,synthetic_boolean_rules,hard,ood_test,5,37,effectful_copy_consistency,0.9900990099009901,101,results/evidence/state_interface/locked_results.json,/ood_test/hard_37/counterfactual/depth_5~1effectful_copy/consistency,locked_test,fraction
state_interface,Kev-0.8B parser + state interface,synthetic_boolean_rules,hard,ood_test,5,37,effectful_copy_correct_direction_flip,0.9900990099009901,101,results/evidence/state_interface/locked_results.json,/ood_test/hard_37/counterfactual/depth_5~1effectful_copy/correct_direction_flip,locked_test,fraction
state_interface,Kev-0.8B parser + state interface,synthetic_boolean_rules,hard,ood_test,5,37,effectful_noncopy_conditioned_consistency,1.0,105,results/evidence/state_interface/locked_results.json,/ood_test/hard_37/counterfactual/depth_5~1effectful_noncopy_conditioned/consistency,locked_test,fraction
state_interface,Kev-0.8B parser + state interface,synthetic_boolean_rules,hard,ood_test,5,37,effectful_noncopy_conditioned_correct_direction_flip,1.0,105,results/evidence/state_interface/locked_results.json,/ood_test/hard_37/counterfactual/depth_5~1effectful_noncopy_conditioned/correct_direction_flip,locked_test,fraction
state_interface,Kev-0.8B parser + state interface,synthetic_boolean_rules,hard,ood_test,5,37,effectful_noncopy_consistency,0.9090909090909091,121,results/evidence/state_interface/locked_results.json,/ood_test/hard_37/counterfactual/depth_5~1effectful_noncopy/consistency,locked_test,fraction
state_interface,Kev-0.8B parser + state interface,synthetic_boolean_rules,hard,ood_test,5,37,effectful_noncopy_correct_direction_flip,0.9090909090909091,121,results/evidence/state_interface/locked_results.json,/ood_test/hard_37/counterfactual/depth_5~1effectful_noncopy/correct_direction_flip,locked_test,fraction
state_interface,Kev-0.8B parser + state interface,synthetic_boolean_rules,hard,ood_test,5,37,exact_trajectory_accuracy,0.975,200,results/evidence/state_interface/locked_results.json,/ood_test/hard_37/factual/depth_5/exact_trajectory/value,locked_test,fraction
state_interface,Kev-0.8B parser + state interface,synthetic_boolean_rules,hard,ood_test,5,37,executor_answer_accuracy,1.0,200,results/evidence/state_interface/locked_results.json,/ood_test/hard_37/factual/depth_5/exact_executor_answer/value,locked_test,fraction
state_interface,Kev-0.8B parser + state interface,synthetic_boolean_rules,hard,ood_test,5,37,gold_input_executor_answer_accuracy,1.0,200,results/evidence/state_interface/locked_results.json,/ood_test/hard_37/factual/depth_5/gold_input_executor_answer/value,locked_test,fraction
state_interface,Kev-0.8B parser + state interface,synthetic_boolean_rules,hard,ood_test,5,37,parser_exact_accuracy,0.93,200,results/evidence/state_interface/locked_results.json,/ood_test/hard_37/factual/depth_5/parser_exact/value,locked_test,fraction
state_interface,Kev-0.8B parser + state interface,synthetic_boolean_rules,hard,ood_test,6,11,answer_accuracy,0.985,200,results/evidence/state_interface/locked_results.json,/ood_test/hard_11/factual/depth_6/answer/value,locked_test,fraction
state_interface,Kev-0.8B parser + state interface,synthetic_boolean_rules,hard,ood_test,6,11,effectful_copy_conditioned_consistency,1.0,111,results/evidence/state_interface/locked_results.json,/ood_test/hard_11/counterfactual/depth_6~1effectful_copy_conditioned/consistency,locked_test,fraction
state_interface,Kev-0.8B parser + state interface,synthetic_boolean_rules,hard,ood_test,6,11,effectful_copy_conditioned_correct_direction_flip,1.0,111,results/evidence/state_interface/locked_results.json,/ood_test/hard_11/counterfactual/depth_6~1effectful_copy_conditioned/correct_direction_flip,locked_test,fraction
state_interface,Kev-0.8B parser + state interface,synthetic_boolean_rules,hard,ood_test,6,11,effectful_copy_consistency,0.9477611940298507,134,results/evidence/state_interface/locked_results.json,/ood_test/hard_11/counterfactual/depth_6~1effectful_copy/consistency,locked_test,fraction
state_interface,Kev-0.8B parser + state interface,synthetic_boolean_rules,hard,ood_test,6,11,effectful_copy_correct_direction_flip,0.8955223880597015,134,results/evidence/state_interface/locked_results.json,/ood_test/hard_11/counterfactual/depth_6~1effectful_copy/correct_direction_flip,locked_test,fraction
state_interface,Kev-0.8B parser + state interface,synthetic_boolean_rules,hard,ood_test,6,11,effectful_noncopy_conditioned_consistency,1.0,119,results/evidence/state_interface/locked_results.json,/ood_test/hard_11/counterfactual/depth_6~1effectful_noncopy_conditioned/consistency,locked_test,fraction
state_interface,Kev-0.8B parser + state interface,synthetic_boolean_rules,hard,ood_test,6,11,effectful_noncopy_conditioned_correct_direction_flip,1.0,119,results/evidence/state_interface/locked_results.json,/ood_test/hard_11/counterfactual/depth_6~1effectful_noncopy_conditioned/correct_direction_flip,locked_test,fraction
state_interface,Kev-0.8B parser + state interface,synthetic_boolean_rules,hard,ood_test,6,11,effectful_noncopy_consistency,1.0,121,results/evidence/state_interface/locked_results.json,/ood_test/hard_11/counterfactual/depth_6~1effectful_noncopy/consistency,locked_test,fraction
state_interface,Kev-0.8B parser + state interface,synthetic_boolean_rules,hard,ood_test,6,11,effectful_noncopy_correct_direction_flip,1.0,121,results/evidence/state_interface/locked_results.json,/ood_test/hard_11/counterfactual/depth_6~1effectful_noncopy/correct_direction_flip,locked_test,fraction
state_interface,Kev-0.8B parser + state interface,synthetic_boolean_rules,hard,ood_test,6,11,exact_trajectory_accuracy,0.975,200,results/evidence/state_interface/locked_results.json,/ood_test/hard_11/factual/depth_6/exact_trajectory/value,locked_test,fraction
state_interface,Kev-0.8B parser + state interface,synthetic_boolean_rules,hard,ood_test,6,11,executor_answer_accuracy,0.985,200,results/evidence/state_interface/locked_results.json,/ood_test/hard_11/factual/depth_6/exact_executor_answer/value,locked_test,fraction
state_interface,Kev-0.8B parser + state interface,synthetic_boolean_rules,hard,ood_test,6,11,gold_input_executor_answer_accuracy,1.0,200,results/evidence/state_interface/locked_results.json,/ood_test/hard_11/factual/depth_6/gold_input_executor_answer/value,locked_test,fraction
state_interface,Kev-0.8B parser + state interface,synthetic_boolean_rules,hard,ood_test,6,11,parser_exact_accuracy,0.935,200,results/evidence/state_interface/locked_results.json,/ood_test/hard_11/factual/depth_6/parser_exact/value,locked_test,fraction
state_interface,Kev-0.8B parser + state interface,synthetic_boolean_rules,hard,ood_test,6,23,answer_accuracy,0.985,200,results/evidence/state_interface/locked_results.json,/ood_test/hard_23/factual/depth_6/answer/value,locked_test,fraction
state_interface,Kev-0.8B parser + state interface,synthetic_boolean_rules,hard,ood_test,6,23,effectful_copy_conditioned_consistency,1.0,111,results/evidence/state_interface/locked_results.json,/ood_test/hard_23/counterfactual/depth_6~1effectful_copy_conditioned/consistency,locked_test,fraction
state_interface,Kev-0.8B parser + state interface,synthetic_boolean_rules,hard,ood_test,6,23,effectful_copy_conditioned_correct_direction_flip,1.0,111,results/evidence/state_interface/locked_results.json,/ood_test/hard_23/counterfactual/depth_6~1effectful_copy_conditioned/correct_direction_flip,locked_test,fraction
state_interface,Kev-0.8B parser + state interface,synthetic_boolean_rules,hard,ood_test,6,23,effectful_copy_consistency,0.9477611940298507,134,results/evidence/state_interface/locked_results.json,/ood_test/hard_23/counterfactual/depth_6~1effectful_copy/consistency,locked_test,fraction
state_interface,Kev-0.8B parser + state interface,synthetic_boolean_rules,hard,ood_test,6,23,effectful_copy_correct_direction_flip,0.8955223880597015,134,results/evidence/state_interface/locked_results.json,/ood_test/hard_23/counterfactual/depth_6~1effectful_copy/correct_direction_flip,locked_test,fraction
state_interface,Kev-0.8B parser + state interface,synthetic_boolean_rules,hard,ood_test,6,23,effectful_noncopy_conditioned_consistency,1.0,119,results/evidence/state_interface/locked_results.json,/ood_test/hard_23/counterfactual/depth_6~1effectful_noncopy_conditioned/consistency,locked_test,fraction
state_interface,Kev-0.8B parser + state interface,synthetic_boolean_rules,hard,ood_test,6,23,effectful_noncopy_conditioned_correct_direction_flip,1.0,119,results/evidence/state_interface/locked_results.json,/ood_test/hard_23/counterfactual/depth_6~1effectful_noncopy_conditioned/correct_direction_flip,locked_test,fraction
state_interface,Kev-0.8B parser + state interface,synthetic_boolean_rules,hard,ood_test,6,23,effectful_noncopy_consistency,1.0,121,results/evidence/state_interface/locked_results.json,/ood_test/hard_23/counterfactual/depth_6~1effectful_noncopy/consistency,locked_test,fraction
state_interface,Kev-0.8B parser + state interface,synthetic_boolean_rules,hard,ood_test,6,23,effectful_noncopy_correct_direction_flip,1.0,121,results/evidence/state_interface/locked_results.json,/ood_test/hard_23/counterfactual/depth_6~1effectful_noncopy/correct_direction_flip,locked_test,fraction
state_interface,Kev-0.8B parser + state interface,synthetic_boolean_rules,hard,ood_test,6,23,exact_trajectory_accuracy,0.975,200,results/evidence/state_interface/locked_results.json,/ood_test/hard_23/factual/depth_6/exact_trajectory/value,locked_test,fraction
state_interface,Kev-0.8B parser + state interface,synthetic_boolean_rules,hard,ood_test,6,23,executor_answer_accuracy,0.985,200,results/evidence/state_interface/locked_results.json,/ood_test/hard_23/factual/depth_6/exact_executor_answer/value,locked_test,fraction
state_interface,Kev-0.8B parser + state interface,synthetic_boolean_rules,hard,ood_test,6,23,gold_input_executor_answer_accuracy,1.0,200,results/evidence/state_interface/locked_results.json,/ood_test/hard_23/factual/depth_6/gold_input_executor_answer/value,locked_test,fraction
state_interface,Kev-0.8B parser + state interface,synthetic_boolean_rules,hard,ood_test,6,23,parser_exact_accuracy,0.935,200,results/evidence/state_interface/locked_results.json,/ood_test/hard_23/factual/depth_6/parser_exact/value,locked_test,fraction
state_interface,Kev-0.8B parser + state interface,synthetic_boolean_rules,hard,ood_test,6,37,answer_accuracy,0.985,200,results/evidence/state_interface/locked_results.json,/ood_test/hard_37/factual/depth_6/answer/value,locked_test,fraction
state_interface,Kev-0.8B parser + state interface,synthetic_boolean_rules,hard,ood_test,6,37,effectful_copy_conditioned_consistency,1.0,111,results/evidence/state_interface/locked_results.json,/ood_test/hard_37/counterfactual/depth_6~1effectful_copy_conditioned/consistency,locked_test,fraction
state_interface,Kev-0.8B parser + state interface,synthetic_boolean_rules,hard,ood_test,6,37,effectful_copy_conditioned_correct_direction_flip,1.0,111,results/evidence/state_interface/locked_results.json,/ood_test/hard_37/counterfactual/depth_6~1effectful_copy_conditioned/correct_direction_flip,locked_test,fraction
state_interface,Kev-0.8B parser + state interface,synthetic_boolean_rules,hard,ood_test,6,37,effectful_copy_consistency,0.9477611940298507,134,results/evidence/state_interface/locked_results.json,/ood_test/hard_37/counterfactual/depth_6~1effectful_copy/consistency,locked_test,fraction
state_interface,Kev-0.8B parser + state interface,synthetic_boolean_rules,hard,ood_test,6,37,effectful_copy_correct_direction_flip,0.8955223880597015,134,results/evidence/state_interface/locked_results.json,/ood_test/hard_37/counterfactual/depth_6~1effectful_copy/correct_direction_flip,locked_test,fraction
state_interface,Kev-0.8B parser + state interface,synthetic_boolean_rules,hard,ood_test,6,37,effectful_noncopy_conditioned_consistency,1.0,119,results/evidence/state_interface/locked_results.json,/ood_test/hard_37/counterfactual/depth_6~1effectful_noncopy_conditioned/consistency,locked_test,fraction
state_interface,Kev-0.8B parser + state interface,synthetic_boolean_rules,hard,ood_test,6,37,effectful_noncopy_conditioned_correct_direction_flip,1.0,119,results/evidence/state_interface/locked_results.json,/ood_test/hard_37/counterfactual/depth_6~1effectful_noncopy_conditioned/correct_direction_flip,locked_test,fraction
state_interface,Kev-0.8B parser + state interface,synthetic_boolean_rules,hard,ood_test,6,37,effectful_noncopy_consistency,1.0,121,results/evidence/state_interface/locked_results.json,/ood_test/hard_37/counterfactual/depth_6~1effectful_noncopy/consistency,locked_test,fraction
state_interface,Kev-0.8B parser + state interface,synthetic_boolean_rules,hard,ood_test,6,37,effectful_noncopy_correct_direction_flip,1.0,121,results/evidence/state_interface/locked_results.json,/ood_test/hard_37/counterfactual/depth_6~1effectful_noncopy/correct_direction_flip,locked_test,fraction
state_interface,Kev-0.8B parser + state interface,synthetic_boolean_rules,hard,ood_test,6,37,exact_trajectory_accuracy,0.975,200,results/evidence/state_interface/locked_results.json,/ood_test/hard_37/factual/depth_6/exact_trajectory/value,locked_test,fraction
state_interface,Kev-0.8B parser + state interface,synthetic_boolean_rules,hard,ood_test,6,37,executor_answer_accuracy,0.985,200,results/evidence/state_interface/locked_results.json,/ood_test/hard_37/factual/depth_6/exact_executor_answer/value,locked_test,fraction
state_interface,Kev-0.8B parser + state interface,synthetic_boolean_rules,hard,ood_test,6,37,gold_input_executor_answer_accuracy,1.0,200,results/evidence/state_interface/locked_results.json,/ood_test/hard_37/factual/depth_6/gold_input_executor_answer/value,locked_test,fraction
state_interface,Kev-0.8B parser + state interface,synthetic_boolean_rules,hard,ood_test,6,37,parser_exact_accuracy,0.935,200,results/evidence/state_interface/locked_results.json,/ood_test/hard_37/factual/depth_6/parser_exact/value,locked_test,fraction
state_interface,Kev-0.8B parser + state interface,synthetic_boolean_rules,hard,ood_test,8,11,answer_accuracy,0.985,200,results/evidence/state_interface/locked_results.json,/ood_test/hard_11/factual/depth_8/answer/value,locked_test,fraction
state_interface,Kev-0.8B parser + state interface,synthetic_boolean_rules,hard,ood_test,8,11,effectful_copy_conditioned_consistency,1.0,140,results/evidence/state_interface/locked_results.json,/ood_test/hard_11/counterfactual/depth_8~1effectful_copy_conditioned/consistency,locked_test,fraction
state_interface,Kev-0.8B parser + state interface,synthetic_boolean_rules,hard,ood_test,8,11,effectful_copy_conditioned_correct_direction_flip,1.0,140,results/evidence/state_interface/locked_results.json,/ood_test/hard_11/counterfactual/depth_8~1effectful_copy_conditioned/correct_direction_flip,locked_test,fraction
state_interface,Kev-0.8B parser + state interface,synthetic_boolean_rules,hard,ood_test,8,11,effectful_copy_consistency,0.9805194805194806,154,results/evidence/state_interface/locked_results.json,/ood_test/hard_11/counterfactual/depth_8~1effectful_copy/consistency,locked_test,fraction
state_interface,Kev-0.8B parser + state interface,synthetic_boolean_rules,hard,ood_test,8,11,effectful_copy_correct_direction_flip,0.9675324675324676,154,results/evidence/state_interface/locked_results.json,/ood_test/hard_11/counterfactual/depth_8~1effectful_copy/correct_direction_flip,locked_test,fraction
state_interface,Kev-0.8B parser + state interface,synthetic_boolean_rules,hard,ood_test,8,11,effectful_noncopy_conditioned_consistency,1.0,109,results/evidence/state_interface/locked_results.json,/ood_test/hard_11/counterfactual/depth_8~1effectful_noncopy_conditioned/consistency,locked_test,fraction
state_interface,Kev-0.8B parser + state interface,synthetic_boolean_rules,hard,ood_test,8,11,effectful_noncopy_conditioned_correct_direction_flip,1.0,109,results/evidence/state_interface/locked_results.json,/ood_test/hard_11/counterfactual/depth_8~1effectful_noncopy_conditioned/correct_direction_flip,locked_test,fraction
state_interface,Kev-0.8B parser + state interface,synthetic_boolean_rules,hard,ood_test,8,11,effectful_noncopy_consistency,0.976,125,results/evidence/state_interface/locked_results.json,/ood_test/hard_11/counterfactual/depth_8~1effectful_noncopy/consistency,locked_test,fraction
state_interface,Kev-0.8B parser + state interface,synthetic_boolean_rules,hard,ood_test,8,11,effectful_noncopy_correct_direction_flip,0.96,125,results/evidence/state_interface/locked_results.json,/ood_test/hard_11/counterfactual/depth_8~1effectful_noncopy/correct_direction_flip,locked_test,fraction
state_interface,Kev-0.8B parser + state interface,synthetic_boolean_rules,hard,ood_test,8,11,exact_trajectory_accuracy,0.945,200,results/evidence/state_interface/locked_results.json,/ood_test/hard_11/factual/depth_8/exact_trajectory/value,locked_test,fraction
state_interface,Kev-0.8B parser + state interface,synthetic_boolean_rules,hard,ood_test,8,11,executor_answer_accuracy,0.985,200,results/evidence/state_interface/locked_results.json,/ood_test/hard_11/factual/depth_8/exact_executor_answer/value,locked_test,fraction
state_interface,Kev-0.8B parser + state interface,synthetic_boolean_rules,hard,ood_test,8,11,gold_input_executor_answer_accuracy,1.0,200,results/evidence/state_interface/locked_results.json,/ood_test/hard_11/factual/depth_8/gold_input_executor_answer/value,locked_test,fraction
state_interface,Kev-0.8B parser + state interface,synthetic_boolean_rules,hard,ood_test,8,11,parser_exact_accuracy,0.895,200,results/evidence/state_interface/locked_results.json,/ood_test/hard_11/factual/depth_8/parser_exact/value,locked_test,fraction
state_interface,Kev-0.8B parser + state interface,synthetic_boolean_rules,hard,ood_test,8,23,answer_accuracy,0.985,200,results/evidence/state_interface/locked_results.json,/ood_test/hard_23/factual/depth_8/answer/value,locked_test,fraction
state_interface,Kev-0.8B parser + state interface,synthetic_boolean_rules,hard,ood_test,8,23,effectful_copy_conditioned_consistency,1.0,140,results/evidence/state_interface/locked_results.json,/ood_test/hard_23/counterfactual/depth_8~1effectful_copy_conditioned/consistency,locked_test,fraction
state_interface,Kev-0.8B parser + state interface,synthetic_boolean_rules,hard,ood_test,8,23,effectful_copy_conditioned_correct_direction_flip,1.0,140,results/evidence/state_interface/locked_results.json,/ood_test/hard_23/counterfactual/depth_8~1effectful_copy_conditioned/correct_direction_flip,locked_test,fraction
state_interface,Kev-0.8B parser + state interface,synthetic_boolean_rules,hard,ood_test,8,23,effectful_copy_consistency,0.9805194805194806,154,results/evidence/state_interface/locked_results.json,/ood_test/hard_23/counterfactual/depth_8~1effectful_copy/consistency,locked_test,fraction
state_interface,Kev-0.8B parser + state interface,synthetic_boolean_rules,hard,ood_test,8,23,effectful_copy_correct_direction_flip,0.9675324675324676,154,results/evidence/state_interface/locked_results.json,/ood_test/hard_23/counterfactual/depth_8~1effectful_copy/correct_direction_flip,locked_test,fraction
state_interface,Kev-0.8B parser + state interface,synthetic_boolean_rules,hard,ood_test,8,23,effectful_noncopy_conditioned_consistency,1.0,109,results/evidence/state_interface/locked_results.json,/ood_test/hard_23/counterfactual/depth_8~1effectful_noncopy_conditioned/consistency,locked_test,fraction
state_interface,Kev-0.8B parser + state interface,synthetic_boolean_rules,hard,ood_test,8,23,effectful_noncopy_conditioned_correct_direction_flip,1.0,109,results/evidence/state_interface/locked_results.json,/ood_test/hard_23/counterfactual/depth_8~1effectful_noncopy_conditioned/correct_direction_flip,locked_test,fraction
state_interface,Kev-0.8B parser + state interface,synthetic_boolean_rules,hard,ood_test,8,23,effectful_noncopy_consistency,0.976,125,results/evidence/state_interface/locked_results.json,/ood_test/hard_23/counterfactual/depth_8~1effectful_noncopy/consistency,locked_test,fraction
state_interface,Kev-0.8B parser + state interface,synthetic_boolean_rules,hard,ood_test,8,23,effectful_noncopy_correct_direction_flip,0.96,125,results/evidence/state_interface/locked_results.json,/ood_test/hard_23/counterfactual/depth_8~1effectful_noncopy/correct_direction_flip,locked_test,fraction
state_interface,Kev-0.8B parser + state interface,synthetic_boolean_rules,hard,ood_test,8,23,exact_trajectory_accuracy,0.945,200,results/evidence/state_interface/locked_results.json,/ood_test/hard_23/factual/depth_8/exact_trajectory/value,locked_test,fraction
state_interface,Kev-0.8B parser + state interface,synthetic_boolean_rules,hard,ood_test,8,23,executor_answer_accuracy,0.985,200,results/evidence/state_interface/locked_results.json,/ood_test/hard_23/factual/depth_8/exact_executor_answer/value,locked_test,fraction
state_interface,Kev-0.8B parser + state interface,synthetic_boolean_rules,hard,ood_test,8,23,gold_input_executor_answer_accuracy,1.0,200,results/evidence/state_interface/locked_results.json,/ood_test/hard_23/factual/depth_8/gold_input_executor_answer/value,locked_test,fraction
state_interface,Kev-0.8B parser + state interface,synthetic_boolean_rules,hard,ood_test,8,23,parser_exact_accuracy,0.895,200,results/evidence/state_interface/locked_results.json,/ood_test/hard_23/factual/depth_8/parser_exact/value,locked_test,fraction
state_interface,Kev-0.8B parser + state interface,synthetic_boolean_rules,hard,ood_test,8,37,answer_accuracy,0.985,200,results/evidence/state_interface/locked_results.json,/ood_test/hard_37/factual/depth_8/answer/value,locked_test,fraction
state_interface,Kev-0.8B parser + state interface,synthetic_boolean_rules,hard,ood_test,8,37,effectful_copy_conditioned_consistency,1.0,140,results/evidence/state_interface/locked_results.json,/ood_test/hard_37/counterfactual/depth_8~1effectful_copy_conditioned/consistency,locked_test,fraction
state_interface,Kev-0.8B parser + state interface,synthetic_boolean_rules,hard,ood_test,8,37,effectful_copy_conditioned_correct_direction_flip,1.0,140,results/evidence/state_interface/locked_results.json,/ood_test/hard_37/counterfactual/depth_8~1effectful_copy_conditioned/correct_direction_flip,locked_test,fraction
state_interface,Kev-0.8B parser + state interface,synthetic_boolean_rules,hard,ood_test,8,37,effectful_copy_consistency,0.9805194805194806,154,results/evidence/state_interface/locked_results.json,/ood_test/hard_37/counterfactual/depth_8~1effectful_copy/consistency,locked_test,fraction
state_interface,Kev-0.8B parser + state interface,synthetic_boolean_rules,hard,ood_test,8,37,effectful_copy_correct_direction_flip,0.9675324675324676,154,results/evidence/state_interface/locked_results.json,/ood_test/hard_37/counterfactual/depth_8~1effectful_copy/correct_direction_flip,locked_test,fraction
state_interface,Kev-0.8B parser + state interface,synthetic_boolean_rules,hard,ood_test,8,37,effectful_noncopy_conditioned_consistency,1.0,109,results/evidence/state_interface/locked_results.json,/ood_test/hard_37/counterfactual/depth_8~1effectful_noncopy_conditioned/consistency,locked_test,fraction
state_interface,Kev-0.8B parser + state interface,synthetic_boolean_rules,hard,ood_test,8,37,effectful_noncopy_conditioned_correct_direction_flip,1.0,109,results/evidence/state_interface/locked_results.json,/ood_test/hard_37/counterfactual/depth_8~1effectful_noncopy_conditioned/correct_direction_flip,locked_test,fraction
state_interface,Kev-0.8B parser + state interface,synthetic_boolean_rules,hard,ood_test,8,37,effectful_noncopy_consistency,0.976,125,results/evidence/state_interface/locked_results.json,/ood_test/hard_37/counterfactual/depth_8~1effectful_noncopy/consistency,locked_test,fraction
state_interface,Kev-0.8B parser + state interface,synthetic_boolean_rules,hard,ood_test,8,37,effectful_noncopy_correct_direction_flip,0.96,125,results/evidence/state_interface/locked_results.json,/ood_test/hard_37/counterfactual/depth_8~1effectful_noncopy/correct_direction_flip,locked_test,fraction
state_interface,Kev-0.8B parser + state interface,synthetic_boolean_rules,hard,ood_test,8,37,exact_trajectory_accuracy,0.945,200,results/evidence/state_interface/locked_results.json,/ood_test/hard_37/factual/depth_8/exact_trajectory/value,locked_test,fraction
state_interface,Kev-0.8B parser + state interface,synthetic_boolean_rules,hard,ood_test,8,37,executor_answer_accuracy,0.985,200,results/evidence/state_interface/locked_results.json,/ood_test/hard_37/factual/depth_8/exact_executor_answer/value,locked_test,fraction
state_interface,Kev-0.8B parser + state interface,synthetic_boolean_rules,hard,ood_test,8,37,gold_input_executor_answer_accuracy,1.0,200,results/evidence/state_interface/locked_results.json,/ood_test/hard_37/factual/depth_8/gold_input_executor_answer/value,locked_test,fraction
state_interface,Kev-0.8B parser + state interface,synthetic_boolean_rules,hard,ood_test,8,37,parser_exact_accuracy,0.895,200,results/evidence/state_interface/locked_results.json,/ood_test/hard_37/factual/depth_8/parser_exact/value,locked_test,fraction
state_interface,Kev-0.8B parser + state interface,synthetic_boolean_rules,hard,ood_test,all,11,answer_accuracy,0.982,1000,results/evidence/state_interface/locked_results.json,/ood_test/hard_11/factual/all/answer/value,locked_test,fraction
state_interface,Kev-0.8B parser + state interface,synthetic_boolean_rules,hard,ood_test,all,11,effectful_copy_conditioned_consistency,1.0,544,results/evidence/state_interface/locked_results.json,/ood_test/hard_11/counterfactual/all~1effectful_copy_conditioned/consistency,locked_test,fraction
state_interface,Kev-0.8B parser + state interface,synthetic_boolean_rules,hard,ood_test,all,11,effectful_copy_conditioned_correct_direction_flip,1.0,544,results/evidence/state_interface/locked_results.json,/ood_test/hard_11/counterfactual/all~1effectful_copy_conditioned/correct_direction_flip,locked_test,fraction
state_interface,Kev-0.8B parser + state interface,synthetic_boolean_rules,hard,ood_test,all,11,effectful_copy_consistency,0.9492868462757528,631,results/evidence/state_interface/locked_results.json,/ood_test/hard_11/counterfactual/all~1effectful_copy/consistency,locked_test,fraction
state_interface,Kev-0.8B parser + state interface,synthetic_boolean_rules,hard,ood_test,all,11,effectful_copy_correct_direction_flip,0.9207606973058637,631,results/evidence/state_interface/locked_results.json,/ood_test/hard_11/counterfactual/all~1effectful_copy/correct_direction_flip,locked_test,fraction
state_interface,Kev-0.8B parser + state interface,synthetic_boolean_rules,hard,ood_test,all,11,effectful_noncopy_conditioned_consistency,1.0,542,results/evidence/state_interface/locked_results.json,/ood_test/hard_11/counterfactual/all~1effectful_noncopy_conditioned/consistency,locked_test,fraction
state_interface,Kev-0.8B parser + state interface,synthetic_boolean_rules,hard,ood_test,all,11,effectful_noncopy_conditioned_correct_direction_flip,1.0,542,results/evidence/state_interface/locked_results.json,/ood_test/hard_11/counterfactual/all~1effectful_noncopy_conditioned/correct_direction_flip,locked_test,fraction
state_interface,Kev-0.8B parser + state interface,synthetic_boolean_rules,hard,ood_test,all,11,effectful_noncopy_consistency,0.9472843450479234,626,results/evidence/state_interface/locked_results.json,/ood_test/hard_11/counterfactual/all~1effectful_noncopy/consistency,locked_test,fraction
state_interface,Kev-0.8B parser + state interface,synthetic_boolean_rules,hard,ood_test,all,11,effectful_noncopy_correct_direction_flip,0.9281150159744409,626,results/evidence/state_interface/locked_results.json,/ood_test/hard_11/counterfactual/all~1effectful_noncopy/correct_direction_flip,locked_test,fraction
state_interface,Kev-0.8B parser + state interface,synthetic_boolean_rules,hard,ood_test,all,11,exact_trajectory_accuracy,0.949,1000,results/evidence/state_interface/locked_results.json,/ood_test/hard_11/factual/all/exact_trajectory/value,locked_test,fraction
state_interface,Kev-0.8B parser + state interface,synthetic_boolean_rules,hard,ood_test,all,11,executor_answer_accuracy,0.982,1000,results/evidence/state_interface/locked_results.json,/ood_test/hard_11/factual/all/exact_executor_answer/value,locked_test,fraction
state_interface,Kev-0.8B parser + state interface,synthetic_boolean_rules,hard,ood_test,all,11,gold_input_executor_answer_accuracy,1.0,1000,results/evidence/state_interface/locked_results.json,/ood_test/hard_11/factual/all/gold_input_executor_answer/value,locked_test,fraction
state_interface,Kev-0.8B parser + state interface,synthetic_boolean_rules,hard,ood_test,all,11,parser_exact_accuracy,0.89,1000,results/evidence/state_interface/locked_results.json,/ood_test/hard_11/factual/all/parser_exact/value,locked_test,fraction
state_interface,Kev-0.8B parser + state interface,synthetic_boolean_rules,hard,ood_test,all,23,answer_accuracy,0.982,1000,results/evidence/state_interface/locked_results.json,/ood_test/hard_23/factual/all/answer/value,locked_test,fraction
state_interface,Kev-0.8B parser + state interface,synthetic_boolean_rules,hard,ood_test,all,23,effectful_copy_conditioned_consistency,1.0,544,results/evidence/state_interface/locked_results.json,/ood_test/hard_23/counterfactual/all~1effectful_copy_conditioned/consistency,locked_test,fraction
state_interface,Kev-0.8B parser + state interface,synthetic_boolean_rules,hard,ood_test,all,23,effectful_copy_conditioned_correct_direction_flip,1.0,544,results/evidence/state_interface/locked_results.json,/ood_test/hard_23/counterfactual/all~1effectful_copy_conditioned/correct_direction_flip,locked_test,fraction
state_interface,Kev-0.8B parser + state interface,synthetic_boolean_rules,hard,ood_test,all,23,effectful_copy_consistency,0.9492868462757528,631,results/evidence/state_interface/locked_results.json,/ood_test/hard_23/counterfactual/all~1effectful_copy/consistency,locked_test,fraction
state_interface,Kev-0.8B parser + state interface,synthetic_boolean_rules,hard,ood_test,all,23,effectful_copy_correct_direction_flip,0.9207606973058637,631,results/evidence/state_interface/locked_results.json,/ood_test/hard_23/counterfactual/all~1effectful_copy/correct_direction_flip,locked_test,fraction
state_interface,Kev-0.8B parser + state interface,synthetic_boolean_rules,hard,ood_test,all,23,effectful_noncopy_conditioned_consistency,1.0,542,results/evidence/state_interface/locked_results.json,/ood_test/hard_23/counterfactual/all~1effectful_noncopy_conditioned/consistency,locked_test,fraction
state_interface,Kev-0.8B parser + state interface,synthetic_boolean_rules,hard,ood_test,all,23,effectful_noncopy_conditioned_correct_direction_flip,1.0,542,results/evidence/state_interface/locked_results.json,/ood_test/hard_23/counterfactual/all~1effectful_noncopy_conditioned/correct_direction_flip,locked_test,fraction
state_interface,Kev-0.8B parser + state interface,synthetic_boolean_rules,hard,ood_test,all,23,effectful_noncopy_consistency,0.9472843450479234,626,results/evidence/state_interface/locked_results.json,/ood_test/hard_23/counterfactual/all~1effectful_noncopy/consistency,locked_test,fraction
state_interface,Kev-0.8B parser + state interface,synthetic_boolean_rules,hard,ood_test,all,23,effectful_noncopy_correct_direction_flip,0.9281150159744409,626,results/evidence/state_interface/locked_results.json,/ood_test/hard_23/counterfactual/all~1effectful_noncopy/correct_direction_flip,locked_test,fraction
state_interface,Kev-0.8B parser + state interface,synthetic_boolean_rules,hard,ood_test,all,23,exact_trajectory_accuracy,0.949,1000,results/evidence/state_interface/locked_results.json,/ood_test/hard_23/factual/all/exact_trajectory/value,locked_test,fraction
state_interface,Kev-0.8B parser + state interface,synthetic_boolean_rules,hard,ood_test,all,23,executor_answer_accuracy,0.982,1000,results/evidence/state_interface/locked_results.json,/ood_test/hard_23/factual/all/exact_executor_answer/value,locked_test,fraction
state_interface,Kev-0.8B parser + state interface,synthetic_boolean_rules,hard,ood_test,all,23,gold_input_executor_answer_accuracy,1.0,1000,results/evidence/state_interface/locked_results.json,/ood_test/hard_23/factual/all/gold_input_executor_answer/value,locked_test,fraction
state_interface,Kev-0.8B parser + state interface,synthetic_boolean_rules,hard,ood_test,all,23,parser_exact_accuracy,0.89,1000,results/evidence/state_interface/locked_results.json,/ood_test/hard_23/factual/all/parser_exact/value,locked_test,fraction
state_interface,Kev-0.8B parser + state interface,synthetic_boolean_rules,hard,ood_test,all,37,answer_accuracy,0.982,1000,results/evidence/state_interface/locked_results.json,/ood_test/hard_37/factual/all/answer/value,locked_test,fraction
state_interface,Kev-0.8B parser + state interface,synthetic_boolean_rules,hard,ood_test,all,37,effectful_copy_conditioned_consistency,1.0,544,results/evidence/state_interface/locked_results.json,/ood_test/hard_37/counterfactual/all~1effectful_copy_conditioned/consistency,locked_test,fraction
state_interface,Kev-0.8B parser + state interface,synthetic_boolean_rules,hard,ood_test,all,37,effectful_copy_conditioned_correct_direction_flip,1.0,544,results/evidence/state_interface/locked_results.json,/ood_test/hard_37/counterfactual/all~1effectful_copy_conditioned/correct_direction_flip,locked_test,fraction
state_interface,Kev-0.8B parser + state interface,synthetic_boolean_rules,hard,ood_test,all,37,effectful_copy_consistency,0.9492868462757528,631,results/evidence/state_interface/locked_results.json,/ood_test/hard_37/counterfactual/all~1effectful_copy/consistency,locked_test,fraction
state_interface,Kev-0.8B parser + state interface,synthetic_boolean_rules,hard,ood_test,all,37,effectful_copy_correct_direction_flip,0.9207606973058637,631,results/evidence/state_interface/locked_results.json,/ood_test/hard_37/counterfactual/all~1effectful_copy/correct_direction_flip,locked_test,fraction
state_interface,Kev-0.8B parser + state interface,synthetic_boolean_rules,hard,ood_test,all,37,effectful_noncopy_conditioned_consistency,1.0,542,results/evidence/state_interface/locked_results.json,/ood_test/hard_37/counterfactual/all~1effectful_noncopy_conditioned/consistency,locked_test,fraction
state_interface,Kev-0.8B parser + state interface,synthetic_boolean_rules,hard,ood_test,all,37,effectful_noncopy_conditioned_correct_direction_flip,1.0,542,results/evidence/state_interface/locked_results.json,/ood_test/hard_37/counterfactual/all~1effectful_noncopy_conditioned/correct_direction_flip,locked_test,fraction
state_interface,Kev-0.8B parser + state interface,synthetic_boolean_rules,hard,ood_test,all,37,effectful_noncopy_consistency,0.9472843450479234,626,results/evidence/state_interface/locked_results.json,/ood_test/hard_37/counterfactual/all~1effectful_noncopy/consistency,locked_test,fraction
state_interface,Kev-0.8B parser + state interface,synthetic_boolean_rules,hard,ood_test,all,37,effectful_noncopy_correct_direction_flip,0.9281150159744409,626,results/evidence/state_interface/locked_results.json,/ood_test/hard_37/counterfactual/all~1effectful_noncopy/correct_direction_flip,locked_test,fraction
state_interface,Kev-0.8B parser + state interface,synthetic_boolean_rules,hard,ood_test,all,37,exact_trajectory_accuracy,0.949,1000,results/evidence/state_interface/locked_results.json,/ood_test/hard_37/factual/all/exact_trajectory/value,locked_test,fraction
state_interface,Kev-0.8B parser + state interface,synthetic_boolean_rules,hard,ood_test,all,37,executor_answer_accuracy,0.982,1000,results/evidence/state_interface/locked_results.json,/ood_test/hard_37/factual/all/exact_executor_answer/value,locked_test,fraction
state_interface,Kev-0.8B parser + state interface,synthetic_boolean_rules,hard,ood_test,all,37,gold_input_executor_answer_accuracy,1.0,1000,results/evidence/state_interface/locked_results.json,/ood_test/hard_37/factual/all/gold_input_executor_answer/value,locked_test,fraction
state_interface,Kev-0.8B parser + state interface,synthetic_boolean_rules,hard,ood_test,all,37,parser_exact_accuracy,0.89,1000,results/evidence/state_interface/locked_results.json,/ood_test/hard_37/factual/all/parser_exact/value,locked_test,fraction
state_interface,Kev-0.8B parser + state interface,synthetic_boolean_rules,hard,stress_val,10,11,answer_accuracy,0.9,20,results/evidence/state_interface/selection_hard_11.json,/stress/by_depth/depth_10/accuracy,development_selection,fraction
state_interface,Kev-0.8B parser + state interface,synthetic_boolean_rules,hard,stress_val,10,23,answer_accuracy,0.9,20,results/evidence/state_interface/selection_hard_23.json,/stress/by_depth/depth_10/accuracy,development_selection,fraction
state_interface,Kev-0.8B parser + state interface,synthetic_boolean_rules,hard,stress_val,10,37,answer_accuracy,0.9,20,results/evidence/state_interface/selection_hard_37.json,/stress/by_depth/depth_10/accuracy,development_selection,fraction
state_interface,Kev-0.8B parser + state interface,synthetic_boolean_rules,hard,stress_val,4,11,answer_accuracy,1.0,20,results/evidence/state_interface/selection_hard_11.json,/stress/by_depth/depth_4/accuracy,development_selection,fraction
state_interface,Kev-0.8B parser + state interface,synthetic_boolean_rules,hard,stress_val,4,23,answer_accuracy,1.0,20,results/evidence/state_interface/selection_hard_23.json,/stress/by_depth/depth_4/accuracy,development_selection,fraction
state_interface,Kev-0.8B parser + state interface,synthetic_boolean_rules,hard,stress_val,4,37,answer_accuracy,1.0,20,results/evidence/state_interface/selection_hard_37.json,/stress/by_depth/depth_4/accuracy,development_selection,fraction
state_interface,Kev-0.8B parser + state interface,synthetic_boolean_rules,hard,stress_val,5,11,answer_accuracy,0.95,20,results/evidence/state_interface/selection_hard_11.json,/stress/by_depth/depth_5/accuracy,development_selection,fraction
state_interface,Kev-0.8B parser + state interface,synthetic_boolean_rules,hard,stress_val,5,23,answer_accuracy,0.95,20,results/evidence/state_interface/selection_hard_23.json,/stress/by_depth/depth_5/accuracy,development_selection,fraction
state_interface,Kev-0.8B parser + state interface,synthetic_boolean_rules,hard,stress_val,5,37,answer_accuracy,0.95,20,results/evidence/state_interface/selection_hard_37.json,/stress/by_depth/depth_5/accuracy,development_selection,fraction
state_interface,Kev-0.8B parser + state interface,synthetic_boolean_rules,hard,stress_val,6,11,answer_accuracy,0.95,20,results/evidence/state_interface/selection_hard_11.json,/stress/by_depth/depth_6/accuracy,development_selection,fraction
state_interface,Kev-0.8B parser + state interface,synthetic_boolean_rules,hard,stress_val,6,23,answer_accuracy,0.95,20,results/evidence/state_interface/selection_hard_23.json,/stress/by_depth/depth_6/accuracy,development_selection,fraction
state_interface,Kev-0.8B parser + state interface,synthetic_boolean_rules,hard,stress_val,6,37,answer_accuracy,0.95,20,results/evidence/state_interface/selection_hard_37.json,/stress/by_depth/depth_6/accuracy,development_selection,fraction
state_interface,Kev-0.8B parser + state interface,synthetic_boolean_rules,hard,stress_val,8,11,answer_accuracy,1.0,20,results/evidence/state_interface/selection_hard_11.json,/stress/by_depth/depth_8/accuracy,development_selection,fraction
state_interface,Kev-0.8B parser + state interface,synthetic_boolean_rules,hard,stress_val,8,23,answer_accuracy,1.0,20,results/evidence/state_interface/selection_hard_23.json,/stress/by_depth/depth_8/accuracy,development_selection,fraction
state_interface,Kev-0.8B parser + state interface,synthetic_boolean_rules,hard,stress_val,8,37,answer_accuracy,1.0,20,results/evidence/state_interface/selection_hard_37.json,/stress/by_depth/depth_8/accuracy,development_selection,fraction
state_interface,Kev-0.8B parser + state interface,synthetic_boolean_rules,hard,stress_val,all,11,answer_accuracy,0.96,100,results/evidence/state_interface/selection_hard_11.json,/stress/accuracy,development_selection,fraction
state_interface,Kev-0.8B parser + state interface,synthetic_boolean_rules,hard,stress_val,all,23,answer_accuracy,0.96,100,results/evidence/state_interface/selection_hard_23.json,/stress/accuracy,development_selection,fraction
state_interface,Kev-0.8B parser + state interface,synthetic_boolean_rules,hard,stress_val,all,37,answer_accuracy,0.96,100,results/evidence/state_interface/selection_hard_37.json,/stress/accuracy,development_selection,fraction
state_interface,Kev-0.8B parser + state interface,synthetic_boolean_rules,hard,val,1,11,answer_accuracy,0.9940119760479041,334,results/evidence/state_interface/selection_hard_11.json,/val/by_depth/depth_1/accuracy,development_selection,fraction
state_interface,Kev-0.8B parser + state interface,synthetic_boolean_rules,hard,val,1,23,answer_accuracy,0.9940119760479041,334,results/evidence/state_interface/selection_hard_23.json,/val/by_depth/depth_1/accuracy,development_selection,fraction
state_interface,Kev-0.8B parser + state interface,synthetic_boolean_rules,hard,val,1,37,answer_accuracy,0.9940119760479041,334,results/evidence/state_interface/selection_hard_37.json,/val/by_depth/depth_1/accuracy,development_selection,fraction
state_interface,Kev-0.8B parser + state interface,synthetic_boolean_rules,hard,val,2,11,answer_accuracy,0.9940119760479041,334,results/evidence/state_interface/selection_hard_11.json,/val/by_depth/depth_2/accuracy,development_selection,fraction
state_interface,Kev-0.8B parser + state interface,synthetic_boolean_rules,hard,val,2,23,answer_accuracy,0.9940119760479041,334,results/evidence/state_interface/selection_hard_23.json,/val/by_depth/depth_2/accuracy,development_selection,fraction
state_interface,Kev-0.8B parser + state interface,synthetic_boolean_rules,hard,val,2,37,answer_accuracy,0.9940119760479041,334,results/evidence/state_interface/selection_hard_37.json,/val/by_depth/depth_2/accuracy,development_selection,fraction
state_interface,Kev-0.8B parser + state interface,synthetic_boolean_rules,hard,val,3,11,answer_accuracy,0.9969879518072289,332,results/evidence/state_interface/selection_hard_11.json,/val/by_depth/depth_3/accuracy,development_selection,fraction
state_interface,Kev-0.8B parser + state interface,synthetic_boolean_rules,hard,val,3,23,answer_accuracy,0.9969879518072289,332,results/evidence/state_interface/selection_hard_23.json,/val/by_depth/depth_3/accuracy,development_selection,fraction
state_interface,Kev-0.8B parser + state interface,synthetic_boolean_rules,hard,val,3,37,answer_accuracy,0.9969879518072289,332,results/evidence/state_interface/selection_hard_37.json,/val/by_depth/depth_3/accuracy,development_selection,fraction
state_interface,Kev-0.8B parser + state interface,synthetic_boolean_rules,hard,val,all,11,answer_accuracy,0.995,1000,results/evidence/state_interface/selection_hard_11.json,/val/accuracy,development_selection,fraction
state_interface,Kev-0.8B parser + state interface,synthetic_boolean_rules,hard,val,all,23,answer_accuracy,0.995,1000,results/evidence/state_interface/selection_hard_23.json,/val/accuracy,development_selection,fraction
state_interface,Kev-0.8B parser + state interface,synthetic_boolean_rules,hard,val,all,37,answer_accuracy,0.995,1000,results/evidence/state_interface/selection_hard_37.json,/val/accuracy,development_selection,fraction
state_interface,Kev-0.8B parser + state interface,synthetic_boolean_rules,hard_minus_continuous_all,ood_test,all,11,answer_accuracy_difference_seed,0.0,500,results/evidence/state_interface/locked_results.json,/paired_intervals/hard_minus_continuous_all/seed_differences/0,paired_world_bootstrap,fraction
state_interface,Kev-0.8B parser + state interface,synthetic_boolean_rules,hard_minus_continuous_all,ood_test,all,23,answer_accuracy_difference_seed,0.003,500,results/evidence/state_interface/locked_results.json,/paired_intervals/hard_minus_continuous_all/seed_differences/1,paired_world_bootstrap,fraction
state_interface,Kev-0.8B parser + state interface,synthetic_boolean_rules,hard_minus_continuous_all,ood_test,all,37,answer_accuracy_difference_seed,0.0,500,results/evidence/state_interface/locked_results.json,/paired_intervals/hard_minus_continuous_all/seed_differences/2,paired_world_bootstrap,fraction
state_interface,Kev-0.8B parser + state interface,synthetic_boolean_rules,hard_minus_continuous_all,ood_test,all,,answer_accuracy_difference,0.001,500,results/evidence/state_interface/locked_results.json,/paired_intervals/hard_minus_continuous_all/difference,paired_world_bootstrap,fraction
state_interface,Kev-0.8B parser + state interface,synthetic_boolean_rules,hard_minus_continuous_all,ood_test,all,,answer_accuracy_difference_ci95_high,0.002333333333333333,500,results/evidence/state_interface/locked_results.json,/paired_intervals/hard_minus_continuous_all/ci95/1,paired_world_bootstrap,fraction
state_interface,Kev-0.8B parser + state interface,synthetic_boolean_rules,hard_minus_continuous_all,ood_test,all,,answer_accuracy_difference_ci95_low,0.0,500,results/evidence/state_interface/locked_results.json,/paired_intervals/hard_minus_continuous_all/ci95/0,paired_world_bootstrap,fraction
state_interface,Kev-0.8B parser + state interface,synthetic_boolean_rules,hard_minus_continuous_all,ood_test,all,,answer_accuracy_difference_seed_sd,0.0017320508075688772,500,results/evidence/state_interface/locked_results.json,/paired_intervals/hard_minus_continuous_all/seed_sd,paired_world_bootstrap,fraction
state_interface,Kev-0.8B parser + state interface,synthetic_boolean_rules,hard_minus_continuous_late,ood_test,"6,8,10",11,answer_accuracy_difference_seed,0.0,300,results/evidence/state_interface/locked_results.json,/paired_intervals/hard_minus_continuous_late/seed_differences/0,paired_world_bootstrap,fraction
state_interface,Kev-0.8B parser + state interface,synthetic_boolean_rules,hard_minus_continuous_late,ood_test,"6,8,10",23,answer_accuracy_difference_seed,0.005,300,results/evidence/state_interface/locked_results.json,/paired_intervals/hard_minus_continuous_late/seed_differences/1,paired_world_bootstrap,fraction
state_interface,Kev-0.8B parser + state interface,synthetic_boolean_rules,hard_minus_continuous_late,ood_test,"6,8,10",37,answer_accuracy_difference_seed,0.0,300,results/evidence/state_interface/locked_results.json,/paired_intervals/hard_minus_continuous_late/seed_differences/2,paired_world_bootstrap,fraction
state_interface,Kev-0.8B parser + state interface,synthetic_boolean_rules,hard_minus_continuous_late,ood_test,"6,8,10",,answer_accuracy_difference,0.0016666666666666668,300,results/evidence/state_interface/locked_results.json,/paired_intervals/hard_minus_continuous_late/difference,paired_world_bootstrap,fraction
state_interface,Kev-0.8B parser + state interface,synthetic_boolean_rules,hard_minus_continuous_late,ood_test,"6,8,10",,answer_accuracy_difference_ci95_high,0.0038888888888888883,300,results/evidence/state_interface/locked_results.json,/paired_intervals/hard_minus_continuous_late/ci95/1,paired_world_bootstrap,fraction
state_interface,Kev-0.8B parser + state interface,synthetic_boolean_rules,hard_minus_continuous_late,ood_test,"6,8,10",,answer_accuracy_difference_ci95_low,0.0,300,results/evidence/state_interface/locked_results.json,/paired_intervals/hard_minus_continuous_late/ci95/0,paired_world_bootstrap,fraction
state_interface,Kev-0.8B parser + state interface,synthetic_boolean_rules,hard_minus_continuous_late,ood_test,"6,8,10",,answer_accuracy_difference_seed_sd,0.002886751345948129,300,results/evidence/state_interface/locked_results.json,/paired_intervals/hard_minus_continuous_late/seed_sd,paired_world_bootstrap,fraction
state_interface,Kev-0.8B parser + state interface,synthetic_boolean_rules,hard_minus_soft_all,ood_test,all,11,answer_accuracy_difference_seed,0.0,500,results/evidence/state_interface/locked_results.json,/paired_intervals/hard_minus_soft_all/seed_differences/0,paired_world_bootstrap,fraction
state_interface,Kev-0.8B parser + state interface,synthetic_boolean_rules,hard_minus_soft_all,ood_test,all,23,answer_accuracy_difference_seed,0.0,500,results/evidence/state_interface/locked_results.json,/paired_intervals/hard_minus_soft_all/seed_differences/1,paired_world_bootstrap,fraction
state_interface,Kev-0.8B parser + state interface,synthetic_boolean_rules,hard_minus_soft_all,ood_test,all,37,answer_accuracy_difference_seed,0.0,500,results/evidence/state_interface/locked_results.json,/paired_intervals/hard_minus_soft_all/seed_differences/2,paired_world_bootstrap,fraction
state_interface,Kev-0.8B parser + state interface,synthetic_boolean_rules,hard_minus_soft_all,ood_test,all,,answer_accuracy_difference,0.0,500,results/evidence/state_interface/locked_results.json,/paired_intervals/hard_minus_soft_all/difference,paired_world_bootstrap,fraction
state_interface,Kev-0.8B parser + state interface,synthetic_boolean_rules,hard_minus_soft_all,ood_test,all,,answer_accuracy_difference_ci95_high,0.0,500,results/evidence/state_interface/locked_results.json,/paired_intervals/hard_minus_soft_all/ci95/1,paired_world_bootstrap,fraction
state_interface,Kev-0.8B parser + state interface,synthetic_boolean_rules,hard_minus_soft_all,ood_test,all,,answer_accuracy_difference_ci95_low,0.0,500,results/evidence/state_interface/locked_results.json,/paired_intervals/hard_minus_soft_all/ci95/0,paired_world_bootstrap,fraction
state_interface,Kev-0.8B parser + state interface,synthetic_boolean_rules,hard_minus_soft_all,ood_test,all,,answer_accuracy_difference_seed_sd,0.0,500,results/evidence/state_interface/locked_results.json,/paired_intervals/hard_minus_soft_all/seed_sd,paired_world_bootstrap,fraction
state_interface,Kev-0.8B parser + state interface,synthetic_boolean_rules,hard_minus_soft_late,ood_test,"6,8,10",11,answer_accuracy_difference_seed,0.0,300,results/evidence/state_interface/locked_results.json,/paired_intervals/hard_minus_soft_late/seed_differences/0,paired_world_bootstrap,fraction
state_interface,Kev-0.8B parser + state interface,synthetic_boolean_rules,hard_minus_soft_late,ood_test,"6,8,10",23,answer_accuracy_difference_seed,0.0,300,results/evidence/state_interface/locked_results.json,/paired_intervals/hard_minus_soft_late/seed_differences/1,paired_world_bootstrap,fraction
state_interface,Kev-0.8B parser + state interface,synthetic_boolean_rules,hard_minus_soft_late,ood_test,"6,8,10",37,answer_accuracy_difference_seed,0.0,300,results/evidence/state_interface/locked_results.json,/paired_intervals/hard_minus_soft_late/seed_differences/2,paired_world_bootstrap,fraction
state_interface,Kev-0.8B parser + state interface,synthetic_boolean_rules,hard_minus_soft_late,ood_test,"6,8,10",,answer_accuracy_difference,0.0,300,results/evidence/state_interface/locked_results.json,/paired_intervals/hard_minus_soft_late/difference,paired_world_bootstrap,fraction
state_interface,Kev-0.8B parser + state interface,synthetic_boolean_rules,hard_minus_soft_late,ood_test,"6,8,10",,answer_accuracy_difference_ci95_high,0.0,300,results/evidence/state_interface/locked_results.json,/paired_intervals/hard_minus_soft_late/ci95/1,paired_world_bootstrap,fraction
state_interface,Kev-0.8B parser + state interface,synthetic_boolean_rules,hard_minus_soft_late,ood_test,"6,8,10",,answer_accuracy_difference_ci95_low,0.0,300,results/evidence/state_interface/locked_results.json,/paired_intervals/hard_minus_soft_late/ci95/0,paired_world_bootstrap,fraction
state_interface,Kev-0.8B parser + state interface,synthetic_boolean_rules,hard_minus_soft_late,ood_test,"6,8,10",,answer_accuracy_difference_seed_sd,0.0,300,results/evidence/state_interface/locked_results.json,/paired_intervals/hard_minus_soft_late/seed_sd,paired_world_bootstrap,fraction
state_interface,Kev-0.8B parser + state interface,synthetic_boolean_rules,soft,id_test,1,11,answer_accuracy,1.0,334,results/evidence/state_interface/locked_results.json,/id_test/soft_11/factual/depth_1/answer/value,locked_test,fraction
state_interface,Kev-0.8B parser + state interface,synthetic_boolean_rules,soft,id_test,1,11,exact_trajectory_accuracy,1.0,334,results/evidence/state_interface/locked_results.json,/id_test/soft_11/factual/depth_1/exact_trajectory/value,locked_test,fraction
state_interface,Kev-0.8B parser + state interface,synthetic_boolean_rules,soft,id_test,1,11,executor_answer_accuracy,1.0,334,results/evidence/state_interface/locked_results.json,/id_test/soft_11/factual/depth_1/exact_executor_answer/value,locked_test,fraction
state_interface,Kev-0.8B parser + state interface,synthetic_boolean_rules,soft,id_test,1,11,gold_input_executor_answer_accuracy,1.0,334,results/evidence/state_interface/locked_results.json,/id_test/soft_11/factual/depth_1/gold_input_executor_answer/value,locked_test,fraction
state_interface,Kev-0.8B parser + state interface,synthetic_boolean_rules,soft,id_test,1,11,parser_exact_accuracy,1.0,334,results/evidence/state_interface/locked_results.json,/id_test/soft_11/factual/depth_1/parser_exact/value,locked_test,fraction
state_interface,Kev-0.8B parser + state interface,synthetic_boolean_rules,soft,id_test,1,23,answer_accuracy,1.0,334,results/evidence/state_interface/locked_results.json,/id_test/soft_23/factual/depth_1/answer/value,locked_test,fraction
state_interface,Kev-0.8B parser + state interface,synthetic_boolean_rules,soft,id_test,1,23,exact_trajectory_accuracy,1.0,334,results/evidence/state_interface/locked_results.json,/id_test/soft_23/factual/depth_1/exact_trajectory/value,locked_test,fraction
state_interface,Kev-0.8B parser + state interface,synthetic_boolean_rules,soft,id_test,1,23,executor_answer_accuracy,1.0,334,results/evidence/state_interface/locked_results.json,/id_test/soft_23/factual/depth_1/exact_executor_answer/value,locked_test,fraction
state_interface,Kev-0.8B parser + state interface,synthetic_boolean_rules,soft,id_test,1,23,gold_input_executor_answer_accuracy,1.0,334,results/evidence/state_interface/locked_results.json,/id_test/soft_23/factual/depth_1/gold_input_executor_answer/value,locked_test,fraction
state_interface,Kev-0.8B parser + state interface,synthetic_boolean_rules,soft,id_test,1,23,parser_exact_accuracy,1.0,334,results/evidence/state_interface/locked_results.json,/id_test/soft_23/factual/depth_1/parser_exact/value,locked_test,fraction
state_interface,Kev-0.8B parser + state interface,synthetic_boolean_rules,soft,id_test,1,37,answer_accuracy,1.0,334,results/evidence/state_interface/locked_results.json,/id_test/soft_37/factual/depth_1/answer/value,locked_test,fraction
state_interface,Kev-0.8B parser + state interface,synthetic_boolean_rules,soft,id_test,1,37,exact_trajectory_accuracy,1.0,334,results/evidence/state_interface/locked_results.json,/id_test/soft_37/factual/depth_1/exact_trajectory/value,locked_test,fraction
state_interface,Kev-0.8B parser + state interface,synthetic_boolean_rules,soft,id_test,1,37,executor_answer_accuracy,1.0,334,results/evidence/state_interface/locked_results.json,/id_test/soft_37/factual/depth_1/exact_executor_answer/value,locked_test,fraction
state_interface,Kev-0.8B parser + state interface,synthetic_boolean_rules,soft,id_test,1,37,gold_input_executor_answer_accuracy,1.0,334,results/evidence/state_interface/locked_results.json,/id_test/soft_37/factual/depth_1/gold_input_executor_answer/value,locked_test,fraction
state_interface,Kev-0.8B parser + state interface,synthetic_boolean_rules,soft,id_test,1,37,parser_exact_accuracy,1.0,334,results/evidence/state_interface/locked_results.json,/id_test/soft_37/factual/depth_1/parser_exact/value,locked_test,fraction
state_interface,Kev-0.8B parser + state interface,synthetic_boolean_rules,soft,id_test,2,11,answer_accuracy,0.9940119760479041,334,results/evidence/state_interface/locked_results.json,/id_test/soft_11/factual/depth_2/answer/value,locked_test,fraction
state_interface,Kev-0.8B parser + state interface,synthetic_boolean_rules,soft,id_test,2,11,exact_trajectory_accuracy,0.9910179640718563,334,results/evidence/state_interface/locked_results.json,/id_test/soft_11/factual/depth_2/exact_trajectory/value,locked_test,fraction
state_interface,Kev-0.8B parser + state interface,synthetic_boolean_rules,soft,id_test,2,11,executor_answer_accuracy,0.9940119760479041,334,results/evidence/state_interface/locked_results.json,/id_test/soft_11/factual/depth_2/exact_executor_answer/value,locked_test,fraction
state_interface,Kev-0.8B parser + state interface,synthetic_boolean_rules,soft,id_test,2,11,gold_input_executor_answer_accuracy,1.0,334,results/evidence/state_interface/locked_results.json,/id_test/soft_11/factual/depth_2/gold_input_executor_answer/value,locked_test,fraction
state_interface,Kev-0.8B parser + state interface,synthetic_boolean_rules,soft,id_test,2,11,parser_exact_accuracy,0.9910179640718563,334,results/evidence/state_interface/locked_results.json,/id_test/soft_11/factual/depth_2/parser_exact/value,locked_test,fraction
state_interface,Kev-0.8B parser + state interface,synthetic_boolean_rules,soft,id_test,2,23,answer_accuracy,0.9940119760479041,334,results/evidence/state_interface/locked_results.json,/id_test/soft_23/factual/depth_2/answer/value,locked_test,fraction
state_interface,Kev-0.8B parser + state interface,synthetic_boolean_rules,soft,id_test,2,23,exact_trajectory_accuracy,0.9910179640718563,334,results/evidence/state_interface/locked_results.json,/id_test/soft_23/factual/depth_2/exact_trajectory/value,locked_test,fraction
state_interface,Kev-0.8B parser + state interface,synthetic_boolean_rules,soft,id_test,2,23,executor_answer_accuracy,0.9940119760479041,334,results/evidence/state_interface/locked_results.json,/id_test/soft_23/factual/depth_2/exact_executor_answer/value,locked_test,fraction
state_interface,Kev-0.8B parser + state interface,synthetic_boolean_rules,soft,id_test,2,23,gold_input_executor_answer_accuracy,1.0,334,results/evidence/state_interface/locked_results.json,/id_test/soft_23/factual/depth_2/gold_input_executor_answer/value,locked_test,fraction
state_interface,Kev-0.8B parser + state interface,synthetic_boolean_rules,soft,id_test,2,23,parser_exact_accuracy,0.9910179640718563,334,results/evidence/state_interface/locked_results.json,/id_test/soft_23/factual/depth_2/parser_exact/value,locked_test,fraction
state_interface,Kev-0.8B parser + state interface,synthetic_boolean_rules,soft,id_test,2,37,answer_accuracy,0.9940119760479041,334,results/evidence/state_interface/locked_results.json,/id_test/soft_37/factual/depth_2/answer/value,locked_test,fraction
state_interface,Kev-0.8B parser + state interface,synthetic_boolean_rules,soft,id_test,2,37,exact_trajectory_accuracy,0.9910179640718563,334,results/evidence/state_interface/locked_results.json,/id_test/soft_37/factual/depth_2/exact_trajectory/value,locked_test,fraction
state_interface,Kev-0.8B parser + state interface,synthetic_boolean_rules,soft,id_test,2,37,executor_answer_accuracy,0.9940119760479041,334,results/evidence/state_interface/locked_results.json,/id_test/soft_37/factual/depth_2/exact_executor_answer/value,locked_test,fraction
state_interface,Kev-0.8B parser + state interface,synthetic_boolean_rules,soft,id_test,2,37,gold_input_executor_answer_accuracy,1.0,334,results/evidence/state_interface/locked_results.json,/id_test/soft_37/factual/depth_2/gold_input_executor_answer/value,locked_test,fraction
state_interface,Kev-0.8B parser + state interface,synthetic_boolean_rules,soft,id_test,2,37,parser_exact_accuracy,0.9910179640718563,334,results/evidence/state_interface/locked_results.json,/id_test/soft_37/factual/depth_2/parser_exact/value,locked_test,fraction
state_interface,Kev-0.8B parser + state interface,synthetic_boolean_rules,soft,id_test,3,11,answer_accuracy,0.9879518072289156,332,results/evidence/state_interface/locked_results.json,/id_test/soft_11/factual/depth_3/answer/value,locked_test,fraction
state_interface,Kev-0.8B parser + state interface,synthetic_boolean_rules,soft,id_test,3,11,exact_trajectory_accuracy,0.9849397590361446,332,results/evidence/state_interface/locked_results.json,/id_test/soft_11/factual/depth_3/exact_trajectory/value,locked_test,fraction
state_interface,Kev-0.8B parser + state interface,synthetic_boolean_rules,soft,id_test,3,11,executor_answer_accuracy,0.9879518072289156,332,results/evidence/state_interface/locked_results.json,/id_test/soft_11/factual/depth_3/exact_executor_answer/value,locked_test,fraction
state_interface,Kev-0.8B parser + state interface,synthetic_boolean_rules,soft,id_test,3,11,gold_input_executor_answer_accuracy,1.0,332,results/evidence/state_interface/locked_results.json,/id_test/soft_11/factual/depth_3/gold_input_executor_answer/value,locked_test,fraction
state_interface,Kev-0.8B parser + state interface,synthetic_boolean_rules,soft,id_test,3,11,parser_exact_accuracy,0.963855421686747,332,results/evidence/state_interface/locked_results.json,/id_test/soft_11/factual/depth_3/parser_exact/value,locked_test,fraction
state_interface,Kev-0.8B parser + state interface,synthetic_boolean_rules,soft,id_test,3,23,answer_accuracy,0.9879518072289156,332,results/evidence/state_interface/locked_results.json,/id_test/soft_23/factual/depth_3/answer/value,locked_test,fraction
state_interface,Kev-0.8B parser + state interface,synthetic_boolean_rules,soft,id_test,3,23,exact_trajectory_accuracy,0.9849397590361446,332,results/evidence/state_interface/locked_results.json,/id_test/soft_23/factual/depth_3/exact_trajectory/value,locked_test,fraction
state_interface,Kev-0.8B parser + state interface,synthetic_boolean_rules,soft,id_test,3,23,executor_answer_accuracy,0.9879518072289156,332,results/evidence/state_interface/locked_results.json,/id_test/soft_23/factual/depth_3/exact_executor_answer/value,locked_test,fraction
state_interface,Kev-0.8B parser + state interface,synthetic_boolean_rules,soft,id_test,3,23,gold_input_executor_answer_accuracy,1.0,332,results/evidence/state_interface/locked_results.json,/id_test/soft_23/factual/depth_3/gold_input_executor_answer/value,locked_test,fraction
state_interface,Kev-0.8B parser + state interface,synthetic_boolean_rules,soft,id_test,3,23,parser_exact_accuracy,0.963855421686747,332,results/evidence/state_interface/locked_results.json,/id_test/soft_23/factual/depth_3/parser_exact/value,locked_test,fraction
state_interface,Kev-0.8B parser + state interface,synthetic_boolean_rules,soft,id_test,3,37,answer_accuracy,0.9879518072289156,332,results/evidence/state_interface/locked_results.json,/id_test/soft_37/factual/depth_3/answer/value,locked_test,fraction
state_interface,Kev-0.8B parser + state interface,synthetic_boolean_rules,soft,id_test,3,37,exact_trajectory_accuracy,0.9849397590361446,332,results/evidence/state_interface/locked_results.json,/id_test/soft_37/factual/depth_3/exact_trajectory/value,locked_test,fraction
state_interface,Kev-0.8B parser + state interface,synthetic_boolean_rules,soft,id_test,3,37,executor_answer_accuracy,0.9879518072289156,332,results/evidence/state_interface/locked_results.json,/id_test/soft_37/factual/depth_3/exact_executor_answer/value,locked_test,fraction
state_interface,Kev-0.8B parser + state interface,synthetic_boolean_rules,soft,id_test,3,37,gold_input_executor_answer_accuracy,1.0,332,results/evidence/state_interface/locked_results.json,/id_test/soft_37/factual/depth_3/gold_input_executor_answer/value,locked_test,fraction
state_interface,Kev-0.8B parser + state interface,synthetic_boolean_rules,soft,id_test,3,37,parser_exact_accuracy,0.963855421686747,332,results/evidence/state_interface/locked_results.json,/id_test/soft_37/factual/depth_3/parser_exact/value,locked_test,fraction
state_interface,Kev-0.8B parser + state interface,synthetic_boolean_rules,soft,id_test,all,11,answer_accuracy,0.994,1000,results/evidence/state_interface/locked_results.json,/id_test/soft_11/factual/all/answer/value,locked_test,fraction
state_interface,Kev-0.8B parser + state interface,synthetic_boolean_rules,soft,id_test,all,11,exact_trajectory_accuracy,0.992,1000,results/evidence/state_interface/locked_results.json,/id_test/soft_11/factual/all/exact_trajectory/value,locked_test,fraction
state_interface,Kev-0.8B parser + state interface,synthetic_boolean_rules,soft,id_test,all,11,executor_answer_accuracy,0.994,1000,results/evidence/state_interface/locked_results.json,/id_test/soft_11/factual/all/exact_executor_answer/value,locked_test,fraction
state_interface,Kev-0.8B parser + state interface,synthetic_boolean_rules,soft,id_test,all,11,gold_input_executor_answer_accuracy,1.0,1000,results/evidence/state_interface/locked_results.json,/id_test/soft_11/factual/all/gold_input_executor_answer/value,locked_test,fraction
state_interface,Kev-0.8B parser + state interface,synthetic_boolean_rules,soft,id_test,all,11,parser_exact_accuracy,0.985,1000,results/evidence/state_interface/locked_results.json,/id_test/soft_11/factual/all/parser_exact/value,locked_test,fraction
state_interface,Kev-0.8B parser + state interface,synthetic_boolean_rules,soft,id_test,all,23,answer_accuracy,0.994,1000,results/evidence/state_interface/locked_results.json,/id_test/soft_23/factual/all/answer/value,locked_test,fraction
state_interface,Kev-0.8B parser + state interface,synthetic_boolean_rules,soft,id_test,all,23,exact_trajectory_accuracy,0.992,1000,results/evidence/state_interface/locked_results.json,/id_test/soft_23/factual/all/exact_trajectory/value,locked_test,fraction
state_interface,Kev-0.8B parser + state interface,synthetic_boolean_rules,soft,id_test,all,23,executor_answer_accuracy,0.994,1000,results/evidence/state_interface/locked_results.json,/id_test/soft_23/factual/all/exact_executor_answer/value,locked_test,fraction
state_interface,Kev-0.8B parser + state interface,synthetic_boolean_rules,soft,id_test,all,23,gold_input_executor_answer_accuracy,1.0,1000,results/evidence/state_interface/locked_results.json,/id_test/soft_23/factual/all/gold_input_executor_answer/value,locked_test,fraction
state_interface,Kev-0.8B parser + state interface,synthetic_boolean_rules,soft,id_test,all,23,parser_exact_accuracy,0.985,1000,results/evidence/state_interface/locked_results.json,/id_test/soft_23/factual/all/parser_exact/value,locked_test,fraction
state_interface,Kev-0.8B parser + state interface,synthetic_boolean_rules,soft,id_test,all,37,answer_accuracy,0.994,1000,results/evidence/state_interface/locked_results.json,/id_test/soft_37/factual/all/answer/value,locked_test,fraction
state_interface,Kev-0.8B parser + state interface,synthetic_boolean_rules,soft,id_test,all,37,exact_trajectory_accuracy,0.992,1000,results/evidence/state_interface/locked_results.json,/id_test/soft_37/factual/all/exact_trajectory/value,locked_test,fraction
state_interface,Kev-0.8B parser + state interface,synthetic_boolean_rules,soft,id_test,all,37,executor_answer_accuracy,0.994,1000,results/evidence/state_interface/locked_results.json,/id_test/soft_37/factual/all/exact_executor_answer/value,locked_test,fraction
state_interface,Kev-0.8B parser + state interface,synthetic_boolean_rules,soft,id_test,all,37,gold_input_executor_answer_accuracy,1.0,1000,results/evidence/state_interface/locked_results.json,/id_test/soft_37/factual/all/gold_input_executor_answer/value,locked_test,fraction
state_interface,Kev-0.8B parser + state interface,synthetic_boolean_rules,soft,id_test,all,37,parser_exact_accuracy,0.985,1000,results/evidence/state_interface/locked_results.json,/id_test/soft_37/factual/all/parser_exact/value,locked_test,fraction
state_interface,Kev-0.8B parser + state interface,synthetic_boolean_rules,soft,ood_test,10,11,answer_accuracy,0.95,200,results/evidence/state_interface/locked_results.json,/ood_test/soft_11/factual/depth_10/answer/value,locked_test,fraction
state_interface,Kev-0.8B parser + state interface,synthetic_boolean_rules,soft,ood_test,10,11,effectful_copy_conditioned_consistency,1.0,102,results/evidence/state_interface/locked_results.json,/ood_test/soft_11/counterfactual/depth_10~1effectful_copy_conditioned/consistency,locked_test,fraction
state_interface,Kev-0.8B parser + state interface,synthetic_boolean_rules,soft,ood_test,10,11,effectful_copy_conditioned_correct_direction_flip,1.0,102,results/evidence/state_interface/locked_results.json,/ood_test/soft_11/counterfactual/depth_10~1effectful_copy_conditioned/correct_direction_flip,locked_test,fraction
state_interface,Kev-0.8B parser + state interface,synthetic_boolean_rules,soft,ood_test,10,11,effectful_copy_consistency,0.8759124087591241,137,results/evidence/state_interface/locked_results.json,/ood_test/soft_11/counterfactual/depth_10~1effectful_copy/consistency,locked_test,fraction
state_interface,Kev-0.8B parser + state interface,synthetic_boolean_rules,soft,ood_test,10,11,effectful_copy_correct_direction_flip,0.8540145985401459,137,results/evidence/state_interface/locked_results.json,/ood_test/soft_11/counterfactual/depth_10~1effectful_copy/correct_direction_flip,locked_test,fraction
state_interface,Kev-0.8B parser + state interface,synthetic_boolean_rules,soft,ood_test,10,11,effectful_noncopy_conditioned_consistency,1.0,115,results/evidence/state_interface/locked_results.json,/ood_test/soft_11/counterfactual/depth_10~1effectful_noncopy_conditioned/consistency,locked_test,fraction
state_interface,Kev-0.8B parser + state interface,synthetic_boolean_rules,soft,ood_test,10,11,effectful_noncopy_conditioned_correct_direction_flip,1.0,115,results/evidence/state_interface/locked_results.json,/ood_test/soft_11/counterfactual/depth_10~1effectful_noncopy_conditioned/correct_direction_flip,locked_test,fraction
state_interface,Kev-0.8B parser + state interface,synthetic_boolean_rules,soft,ood_test,10,11,effectful_noncopy_consistency,0.8974358974358975,156,results/evidence/state_interface/locked_results.json,/ood_test/soft_11/counterfactual/depth_10~1effectful_noncopy/consistency,locked_test,fraction
state_interface,Kev-0.8B parser + state interface,synthetic_boolean_rules,soft,ood_test,10,11,effectful_noncopy_correct_direction_flip,0.8333333333333334,156,results/evidence/state_interface/locked_results.json,/ood_test/soft_11/counterfactual/depth_10~1effectful_noncopy/correct_direction_flip,locked_test,fraction
state_interface,Kev-0.8B parser + state interface,synthetic_boolean_rules,soft,ood_test,10,11,exact_trajectory_accuracy,0.87,200,results/evidence/state_interface/locked_results.json,/ood_test/soft_11/factual/depth_10/exact_trajectory/value,locked_test,fraction
state_interface,Kev-0.8B parser + state interface,synthetic_boolean_rules,soft,ood_test,10,11,executor_answer_accuracy,0.95,200,results/evidence/state_interface/locked_results.json,/ood_test/soft_11/factual/depth_10/exact_executor_answer/value,locked_test,fraction
state_interface,Kev-0.8B parser + state interface,synthetic_boolean_rules,soft,ood_test,10,11,gold_input_executor_answer_accuracy,1.0,200,results/evidence/state_interface/locked_results.json,/ood_test/soft_11/factual/depth_10/gold_input_executor_answer/value,locked_test,fraction
state_interface,Kev-0.8B parser + state interface,synthetic_boolean_rules,soft,ood_test,10,11,parser_exact_accuracy,0.755,200,results/evidence/state_interface/locked_results.json,/ood_test/soft_11/factual/depth_10/parser_exact/value,locked_test,fraction
state_interface,Kev-0.8B parser + state interface,synthetic_boolean_rules,soft,ood_test,10,23,answer_accuracy,0.95,200,results/evidence/state_interface/locked_results.json,/ood_test/soft_23/factual/depth_10/answer/value,locked_test,fraction
state_interface,Kev-0.8B parser + state interface,synthetic_boolean_rules,soft,ood_test,10,23,effectful_copy_conditioned_consistency,1.0,102,results/evidence/state_interface/locked_results.json,/ood_test/soft_23/counterfactual/depth_10~1effectful_copy_conditioned/consistency,locked_test,fraction
state_interface,Kev-0.8B parser + state interface,synthetic_boolean_rules,soft,ood_test,10,23,effectful_copy_conditioned_correct_direction_flip,1.0,102,results/evidence/state_interface/locked_results.json,/ood_test/soft_23/counterfactual/depth_10~1effectful_copy_conditioned/correct_direction_flip,locked_test,fraction
state_interface,Kev-0.8B parser + state interface,synthetic_boolean_rules,soft,ood_test,10,23,effectful_copy_consistency,0.8759124087591241,137,results/evidence/state_interface/locked_results.json,/ood_test/soft_23/counterfactual/depth_10~1effectful_copy/consistency,locked_test,fraction
state_interface,Kev-0.8B parser + state interface,synthetic_boolean_rules,soft,ood_test,10,23,effectful_copy_correct_direction_flip,0.8540145985401459,137,results/evidence/state_interface/locked_results.json,/ood_test/soft_23/counterfactual/depth_10~1effectful_copy/correct_direction_flip,locked_test,fraction
state_interface,Kev-0.8B parser + state interface,synthetic_boolean_rules,soft,ood_test,10,23,effectful_noncopy_conditioned_consistency,1.0,115,results/evidence/state_interface/locked_results.json,/ood_test/soft_23/counterfactual/depth_10~1effectful_noncopy_conditioned/consistency,locked_test,fraction
state_interface,Kev-0.8B parser + state interface,synthetic_boolean_rules,soft,ood_test,10,23,effectful_noncopy_conditioned_correct_direction_flip,1.0,115,results/evidence/state_interface/locked_results.json,/ood_test/soft_23/counterfactual/depth_10~1effectful_noncopy_conditioned/correct_direction_flip,locked_test,fraction
state_interface,Kev-0.8B parser + state interface,synthetic_boolean_rules,soft,ood_test,10,23,effectful_noncopy_consistency,0.8974358974358975,156,results/evidence/state_interface/locked_results.json,/ood_test/soft_23/counterfactual/depth_10~1effectful_noncopy/consistency,locked_test,fraction
state_interface,Kev-0.8B parser + state interface,synthetic_boolean_rules,soft,ood_test,10,23,effectful_noncopy_correct_direction_flip,0.8333333333333334,156,results/evidence/state_interface/locked_results.json,/ood_test/soft_23/counterfactual/depth_10~1effectful_noncopy/correct_direction_flip,locked_test,fraction
state_interface,Kev-0.8B parser + state interface,synthetic_boolean_rules,soft,ood_test,10,23,exact_trajectory_accuracy,0.87,200,results/evidence/state_interface/locked_results.json,/ood_test/soft_23/factual/depth_10/exact_trajectory/value,locked_test,fraction
state_interface,Kev-0.8B parser + state interface,synthetic_boolean_rules,soft,ood_test,10,23,executor_answer_accuracy,0.95,200,results/evidence/state_interface/locked_results.json,/ood_test/soft_23/factual/depth_10/exact_executor_answer/value,locked_test,fraction
state_interface,Kev-0.8B parser + state interface,synthetic_boolean_rules,soft,ood_test,10,23,gold_input_executor_answer_accuracy,1.0,200,results/evidence/state_interface/locked_results.json,/ood_test/soft_23/factual/depth_10/gold_input_executor_answer/value,locked_test,fraction
state_interface,Kev-0.8B parser + state interface,synthetic_boolean_rules,soft,ood_test,10,23,parser_exact_accuracy,0.755,200,results/evidence/state_interface/locked_results.json,/ood_test/soft_23/factual/depth_10/parser_exact/value,locked_test,fraction
state_interface,Kev-0.8B parser + state interface,synthetic_boolean_rules,soft,ood_test,10,37,answer_accuracy,0.95,200,results/evidence/state_interface/locked_results.json,/ood_test/soft_37/factual/depth_10/answer/value,locked_test,fraction
state_interface,Kev-0.8B parser + state interface,synthetic_boolean_rules,soft,ood_test,10,37,effectful_copy_conditioned_consistency,1.0,102,results/evidence/state_interface/locked_results.json,/ood_test/soft_37/counterfactual/depth_10~1effectful_copy_conditioned/consistency,locked_test,fraction
state_interface,Kev-0.8B parser + state interface,synthetic_boolean_rules,soft,ood_test,10,37,effectful_copy_conditioned_correct_direction_flip,1.0,102,results/evidence/state_interface/locked_results.json,/ood_test/soft_37/counterfactual/depth_10~1effectful_copy_conditioned/correct_direction_flip,locked_test,fraction
state_interface,Kev-0.8B parser + state interface,synthetic_boolean_rules,soft,ood_test,10,37,effectful_copy_consistency,0.8759124087591241,137,results/evidence/state_interface/locked_results.json,/ood_test/soft_37/counterfactual/depth_10~1effectful_copy/consistency,locked_test,fraction
state_interface,Kev-0.8B parser + state interface,synthetic_boolean_rules,soft,ood_test,10,37,effectful_copy_correct_direction_flip,0.8540145985401459,137,results/evidence/state_interface/locked_results.json,/ood_test/soft_37/counterfactual/depth_10~1effectful_copy/correct_direction_flip,locked_test,fraction
state_interface,Kev-0.8B parser + state interface,synthetic_boolean_rules,soft,ood_test,10,37,effectful_noncopy_conditioned_consistency,1.0,115,results/evidence/state_interface/locked_results.json,/ood_test/soft_37/counterfactual/depth_10~1effectful_noncopy_conditioned/consistency,locked_test,fraction
state_interface,Kev-0.8B parser + state interface,synthetic_boolean_rules,soft,ood_test,10,37,effectful_noncopy_conditioned_correct_direction_flip,1.0,115,results/evidence/state_interface/locked_results.json,/ood_test/soft_37/counterfactual/depth_10~1effectful_noncopy_conditioned/correct_direction_flip,locked_test,fraction
state_interface,Kev-0.8B parser + state interface,synthetic_boolean_rules,soft,ood_test,10,37,effectful_noncopy_consistency,0.8974358974358975,156,results/evidence/state_interface/locked_results.json,/ood_test/soft_37/counterfactual/depth_10~1effectful_noncopy/consistency,locked_test,fraction
state_interface,Kev-0.8B parser + state interface,synthetic_boolean_rules,soft,ood_test,10,37,effectful_noncopy_correct_direction_flip,0.8333333333333334,156,results/evidence/state_interface/locked_results.json,/ood_test/soft_37/counterfactual/depth_10~1effectful_noncopy/correct_direction_flip,locked_test,fraction
state_interface,Kev-0.8B parser + state interface,synthetic_boolean_rules,soft,ood_test,10,37,exact_trajectory_accuracy,0.87,200,results/evidence/state_interface/locked_results.json,/ood_test/soft_37/factual/depth_10/exact_trajectory/value,locked_test,fraction
state_interface,Kev-0.8B parser + state interface,synthetic_boolean_rules,soft,ood_test,10,37,executor_answer_accuracy,0.95,200,results/evidence/state_interface/locked_results.json,/ood_test/soft_37/factual/depth_10/exact_executor_answer/value,locked_test,fraction
state_interface,Kev-0.8B parser + state interface,synthetic_boolean_rules,soft,ood_test,10,37,gold_input_executor_answer_accuracy,1.0,200,results/evidence/state_interface/locked_results.json,/ood_test/soft_37/factual/depth_10/gold_input_executor_answer/value,locked_test,fraction
state_interface,Kev-0.8B parser + state interface,synthetic_boolean_rules,soft,ood_test,10,37,parser_exact_accuracy,0.755,200,results/evidence/state_interface/locked_results.json,/ood_test/soft_37/factual/depth_10/parser_exact/value,locked_test,fraction
state_interface,Kev-0.8B parser + state interface,synthetic_boolean_rules,soft,ood_test,4,11,answer_accuracy,0.99,200,results/evidence/state_interface/locked_results.json,/ood_test/soft_11/factual/depth_4/answer/value,locked_test,fraction
state_interface,Kev-0.8B parser + state interface,synthetic_boolean_rules,soft,ood_test,4,11,effectful_copy_conditioned_consistency,1.0,92,results/evidence/state_interface/locked_results.json,/ood_test/soft_11/counterfactual/depth_4~1effectful_copy_conditioned/consistency,locked_test,fraction
state_interface,Kev-0.8B parser + state interface,synthetic_boolean_rules,soft,ood_test,4,11,effectful_copy_conditioned_correct_direction_flip,1.0,92,results/evidence/state_interface/locked_results.json,/ood_test/soft_11/counterfactual/depth_4~1effectful_copy_conditioned/correct_direction_flip,locked_test,fraction
state_interface,Kev-0.8B parser + state interface,synthetic_boolean_rules,soft,ood_test,4,11,effectful_copy_consistency,0.9619047619047619,105,results/evidence/state_interface/locked_results.json,/ood_test/soft_11/counterfactual/depth_4~1effectful_copy/consistency,locked_test,fraction
state_interface,Kev-0.8B parser + state interface,synthetic_boolean_rules,soft,ood_test,4,11,effectful_copy_correct_direction_flip,0.9047619047619048,105,results/evidence/state_interface/locked_results.json,/ood_test/soft_11/counterfactual/depth_4~1effectful_copy/correct_direction_flip,locked_test,fraction
state_interface,Kev-0.8B parser + state interface,synthetic_boolean_rules,soft,ood_test,4,11,effectful_noncopy_conditioned_consistency,1.0,94,results/evidence/state_interface/locked_results.json,/ood_test/soft_11/counterfactual/depth_4~1effectful_noncopy_conditioned/consistency,locked_test,fraction
state_interface,Kev-0.8B parser + state interface,synthetic_boolean_rules,soft,ood_test,4,11,effectful_noncopy_conditioned_correct_direction_flip,1.0,94,results/evidence/state_interface/locked_results.json,/ood_test/soft_11/counterfactual/depth_4~1effectful_noncopy_conditioned/correct_direction_flip,locked_test,fraction
state_interface,Kev-0.8B parser + state interface,synthetic_boolean_rules,soft,ood_test,4,11,effectful_noncopy_consistency,0.970873786407767,103,results/evidence/state_interface/locked_results.json,/ood_test/soft_11/counterfactual/depth_4~1effectful_noncopy/consistency,locked_test,fraction
state_interface,Kev-0.8B parser + state interface,synthetic_boolean_rules,soft,ood_test,4,11,effectful_noncopy_correct_direction_flip,0.970873786407767,103,results/evidence/state_interface/locked_results.json,/ood_test/soft_11/counterfactual/depth_4~1effectful_noncopy/correct_direction_flip,locked_test,fraction
state_interface,Kev-0.8B parser + state interface,synthetic_boolean_rules,soft,ood_test,4,11,exact_trajectory_accuracy,0.98,200,results/evidence/state_interface/locked_results.json,/ood_test/soft_11/factual/depth_4/exact_trajectory/value,locked_test,fraction
state_interface,Kev-0.8B parser + state interface,synthetic_boolean_rules,soft,ood_test,4,11,executor_answer_accuracy,0.99,200,results/evidence/state_interface/locked_results.json,/ood_test/soft_11/factual/depth_4/exact_executor_answer/value,locked_test,fraction
state_interface,Kev-0.8B parser + state interface,synthetic_boolean_rules,soft,ood_test,4,11,gold_input_executor_answer_accuracy,1.0,200,results/evidence/state_interface/locked_results.json,/ood_test/soft_11/factual/depth_4/gold_input_executor_answer/value,locked_test,fraction
state_interface,Kev-0.8B parser + state interface,synthetic_boolean_rules,soft,ood_test,4,11,parser_exact_accuracy,0.935,200,results/evidence/state_interface/locked_results.json,/ood_test/soft_11/factual/depth_4/parser_exact/value,locked_test,fraction
state_interface,Kev-0.8B parser + state interface,synthetic_boolean_rules,soft,ood_test,4,23,answer_accuracy,0.99,200,results/evidence/state_interface/locked_results.json,/ood_test/soft_23/factual/depth_4/answer/value,locked_test,fraction
state_interface,Kev-0.8B parser + state interface,synthetic_boolean_rules,soft,ood_test,4,23,effectful_copy_conditioned_consistency,1.0,92,results/evidence/state_interface/locked_results.json,/ood_test/soft_23/counterfactual/depth_4~1effectful_copy_conditioned/consistency,locked_test,fraction
state_interface,Kev-0.8B parser + state interface,synthetic_boolean_rules,soft,ood_test,4,23,effectful_copy_conditioned_correct_direction_flip,1.0,92,results/evidence/state_interface/locked_results.json,/ood_test/soft_23/counterfactual/depth_4~1effectful_copy_conditioned/correct_direction_flip,locked_test,fraction
state_interface,Kev-0.8B parser + state interface,synthetic_boolean_rules,soft,ood_test,4,23,effectful_copy_consistency,0.9619047619047619,105,results/evidence/state_interface/locked_results.json,/ood_test/soft_23/counterfactual/depth_4~1effectful_copy/consistency,locked_test,fraction
state_interface,Kev-0.8B parser + state interface,synthetic_boolean_rules,soft,ood_test,4,23,effectful_copy_correct_direction_flip,0.9047619047619048,105,results/evidence/state_interface/locked_results.json,/ood_test/soft_23/counterfactual/depth_4~1effectful_copy/correct_direction_flip,locked_test,fraction
state_interface,Kev-0.8B parser + state interface,synthetic_boolean_rules,soft,ood_test,4,23,effectful_noncopy_conditioned_consistency,1.0,94,results/evidence/state_interface/locked_results.json,/ood_test/soft_23/counterfactual/depth_4~1effectful_noncopy_conditioned/consistency,locked_test,fraction
state_interface,Kev-0.8B parser + state interface,synthetic_boolean_rules,soft,ood_test,4,23,effectful_noncopy_conditioned_correct_direction_flip,1.0,94,results/evidence/state_interface/locked_results.json,/ood_test/soft_23/counterfactual/depth_4~1effectful_noncopy_conditioned/correct_direction_flip,locked_test,fraction
state_interface,Kev-0.8B parser + state interface,synthetic_boolean_rules,soft,ood_test,4,23,effectful_noncopy_consistency,0.970873786407767,103,results/evidence/state_interface/locked_results.json,/ood_test/soft_23/counterfactual/depth_4~1effectful_noncopy/consistency,locked_test,fraction
state_interface,Kev-0.8B parser + state interface,synthetic_boolean_rules,soft,ood_test,4,23,effectful_noncopy_correct_direction_flip,0.970873786407767,103,results/evidence/state_interface/locked_results.json,/ood_test/soft_23/counterfactual/depth_4~1effectful_noncopy/correct_direction_flip,locked_test,fraction
state_interface,Kev-0.8B parser + state interface,synthetic_boolean_rules,soft,ood_test,4,23,exact_trajectory_accuracy,0.98,200,results/evidence/state_interface/locked_results.json,/ood_test/soft_23/factual/depth_4/exact_trajectory/value,locked_test,fraction
state_interface,Kev-0.8B parser + state interface,synthetic_boolean_rules,soft,ood_test,4,23,executor_answer_accuracy,0.99,200,results/evidence/state_interface/locked_results.json,/ood_test/soft_23/factual/depth_4/exact_executor_answer/value,locked_test,fraction
state_interface,Kev-0.8B parser + state interface,synthetic_boolean_rules,soft,ood_test,4,23,gold_input_executor_answer_accuracy,1.0,200,results/evidence/state_interface/locked_results.json,/ood_test/soft_23/factual/depth_4/gold_input_executor_answer/value,locked_test,fraction
state_interface,Kev-0.8B parser + state interface,synthetic_boolean_rules,soft,ood_test,4,23,parser_exact_accuracy,0.935,200,results/evidence/state_interface/locked_results.json,/ood_test/soft_23/factual/depth_4/parser_exact/value,locked_test,fraction
state_interface,Kev-0.8B parser + state interface,synthetic_boolean_rules,soft,ood_test,4,37,answer_accuracy,0.99,200,results/evidence/state_interface/locked_results.json,/ood_test/soft_37/factual/depth_4/answer/value,locked_test,fraction
state_interface,Kev-0.8B parser + state interface,synthetic_boolean_rules,soft,ood_test,4,37,effectful_copy_conditioned_consistency,1.0,92,results/evidence/state_interface/locked_results.json,/ood_test/soft_37/counterfactual/depth_4~1effectful_copy_conditioned/consistency,locked_test,fraction
state_interface,Kev-0.8B parser + state interface,synthetic_boolean_rules,soft,ood_test,4,37,effectful_copy_conditioned_correct_direction_flip,1.0,92,results/evidence/state_interface/locked_results.json,/ood_test/soft_37/counterfactual/depth_4~1effectful_copy_conditioned/correct_direction_flip,locked_test,fraction
state_interface,Kev-0.8B parser + state interface,synthetic_boolean_rules,soft,ood_test,4,37,effectful_copy_consistency,0.9619047619047619,105,results/evidence/state_interface/locked_results.json,/ood_test/soft_37/counterfactual/depth_4~1effectful_copy/consistency,locked_test,fraction
state_interface,Kev-0.8B parser + state interface,synthetic_boolean_rules,soft,ood_test,4,37,effectful_copy_correct_direction_flip,0.9047619047619048,105,results/evidence/state_interface/locked_results.json,/ood_test/soft_37/counterfactual/depth_4~1effectful_copy/correct_direction_flip,locked_test,fraction
state_interface,Kev-0.8B parser + state interface,synthetic_boolean_rules,soft,ood_test,4,37,effectful_noncopy_conditioned_consistency,1.0,94,results/evidence/state_interface/locked_results.json,/ood_test/soft_37/counterfactual/depth_4~1effectful_noncopy_conditioned/consistency,locked_test,fraction
state_interface,Kev-0.8B parser + state interface,synthetic_boolean_rules,soft,ood_test,4,37,effectful_noncopy_conditioned_correct_direction_flip,1.0,94,results/evidence/state_interface/locked_results.json,/ood_test/soft_37/counterfactual/depth_4~1effectful_noncopy_conditioned/correct_direction_flip,locked_test,fraction
state_interface,Kev-0.8B parser + state interface,synthetic_boolean_rules,soft,ood_test,4,37,effectful_noncopy_consistency,0.970873786407767,103,results/evidence/state_interface/locked_results.json,/ood_test/soft_37/counterfactual/depth_4~1effectful_noncopy/consistency,locked_test,fraction
state_interface,Kev-0.8B parser + state interface,synthetic_boolean_rules,soft,ood_test,4,37,effectful_noncopy_correct_direction_flip,0.970873786407767,103,results/evidence/state_interface/locked_results.json,/ood_test/soft_37/counterfactual/depth_4~1effectful_noncopy/correct_direction_flip,locked_test,fraction
state_interface,Kev-0.8B parser + state interface,synthetic_boolean_rules,soft,ood_test,4,37,exact_trajectory_accuracy,0.98,200,results/evidence/state_interface/locked_results.json,/ood_test/soft_37/factual/depth_4/exact_trajectory/value,locked_test,fraction
state_interface,Kev-0.8B parser + state interface,synthetic_boolean_rules,soft,ood_test,4,37,executor_answer_accuracy,0.99,200,results/evidence/state_interface/locked_results.json,/ood_test/soft_37/factual/depth_4/exact_executor_answer/value,locked_test,fraction
state_interface,Kev-0.8B parser + state interface,synthetic_boolean_rules,soft,ood_test,4,37,gold_input_executor_answer_accuracy,1.0,200,results/evidence/state_interface/locked_results.json,/ood_test/soft_37/factual/depth_4/gold_input_executor_answer/value,locked_test,fraction
state_interface,Kev-0.8B parser + state interface,synthetic_boolean_rules,soft,ood_test,4,37,parser_exact_accuracy,0.935,200,results/evidence/state_interface/locked_results.json,/ood_test/soft_37/factual/depth_4/parser_exact/value,locked_test,fraction
state_interface,Kev-0.8B parser + state interface,synthetic_boolean_rules,soft,ood_test,5,11,answer_accuracy,1.0,200,results/evidence/state_interface/locked_results.json,/ood_test/soft_11/factual/depth_5/answer/value,locked_test,fraction
state_interface,Kev-0.8B parser + state interface,synthetic_boolean_rules,soft,ood_test,5,11,effectful_copy_conditioned_consistency,1.0,99,results/evidence/state_interface/locked_results.json,/ood_test/soft_11/counterfactual/depth_5~1effectful_copy_conditioned/consistency,locked_test,fraction
state_interface,Kev-0.8B parser + state interface,synthetic_boolean_rules,soft,ood_test,5,11,effectful_copy_conditioned_correct_direction_flip,1.0,99,results/evidence/state_interface/locked_results.json,/ood_test/soft_11/counterfactual/depth_5~1effectful_copy_conditioned/correct_direction_flip,locked_test,fraction
state_interface,Kev-0.8B parser + state interface,synthetic_boolean_rules,soft,ood_test,5,11,effectful_copy_consistency,0.9900990099009901,101,results/evidence/state_interface/locked_results.json,/ood_test/soft_11/counterfactual/depth_5~1effectful_copy/consistency,locked_test,fraction
state_interface,Kev-0.8B parser + state interface,synthetic_boolean_rules,soft,ood_test,5,11,effectful_copy_correct_direction_flip,0.9900990099009901,101,results/evidence/state_interface/locked_results.json,/ood_test/soft_11/counterfactual/depth_5~1effectful_copy/correct_direction_flip,locked_test,fraction
state_interface,Kev-0.8B parser + state interface,synthetic_boolean_rules,soft,ood_test,5,11,effectful_noncopy_conditioned_consistency,1.0,105,results/evidence/state_interface/locked_results.json,/ood_test/soft_11/counterfactual/depth_5~1effectful_noncopy_conditioned/consistency,locked_test,fraction
state_interface,Kev-0.8B parser + state interface,synthetic_boolean_rules,soft,ood_test,5,11,effectful_noncopy_conditioned_correct_direction_flip,1.0,105,results/evidence/state_interface/locked_results.json,/ood_test/soft_11/counterfactual/depth_5~1effectful_noncopy_conditioned/correct_direction_flip,locked_test,fraction
state_interface,Kev-0.8B parser + state interface,synthetic_boolean_rules,soft,ood_test,5,11,effectful_noncopy_consistency,0.9090909090909091,121,results/evidence/state_interface/locked_results.json,/ood_test/soft_11/counterfactual/depth_5~1effectful_noncopy/consistency,locked_test,fraction
state_interface,Kev-0.8B parser + state interface,synthetic_boolean_rules,soft,ood_test,5,11,effectful_noncopy_correct_direction_flip,0.9090909090909091,121,results/evidence/state_interface/locked_results.json,/ood_test/soft_11/counterfactual/depth_5~1effectful_noncopy/correct_direction_flip,locked_test,fraction
state_interface,Kev-0.8B parser + state interface,synthetic_boolean_rules,soft,ood_test,5,11,exact_trajectory_accuracy,0.975,200,results/evidence/state_interface/locked_results.json,/ood_test/soft_11/factual/depth_5/exact_trajectory/value,locked_test,fraction
state_interface,Kev-0.8B parser + state interface,synthetic_boolean_rules,soft,ood_test,5,11,executor_answer_accuracy,1.0,200,results/evidence/state_interface/locked_results.json,/ood_test/soft_11/factual/depth_5/exact_executor_answer/value,locked_test,fraction
state_interface,Kev-0.8B parser + state interface,synthetic_boolean_rules,soft,ood_test,5,11,gold_input_executor_answer_accuracy,1.0,200,results/evidence/state_interface/locked_results.json,/ood_test/soft_11/factual/depth_5/gold_input_executor_answer/value,locked_test,fraction
state_interface,Kev-0.8B parser + state interface,synthetic_boolean_rules,soft,ood_test,5,11,parser_exact_accuracy,0.93,200,results/evidence/state_interface/locked_results.json,/ood_test/soft_11/factual/depth_5/parser_exact/value,locked_test,fraction
state_interface,Kev-0.8B parser + state interface,synthetic_boolean_rules,soft,ood_test,5,23,answer_accuracy,1.0,200,results/evidence/state_interface/locked_results.json,/ood_test/soft_23/factual/depth_5/answer/value,locked_test,fraction
state_interface,Kev-0.8B parser + state interface,synthetic_boolean_rules,soft,ood_test,5,23,effectful_copy_conditioned_consistency,1.0,99,results/evidence/state_interface/locked_results.json,/ood_test/soft_23/counterfactual/depth_5~1effectful_copy_conditioned/consistency,locked_test,fraction
state_interface,Kev-0.8B parser + state interface,synthetic_boolean_rules,soft,ood_test,5,23,effectful_copy_conditioned_correct_direction_flip,1.0,99,results/evidence/state_interface/locked_results.json,/ood_test/soft_23/counterfactual/depth_5~1effectful_copy_conditioned/correct_direction_flip,locked_test,fraction
state_interface,Kev-0.8B parser + state interface,synthetic_boolean_rules,soft,ood_test,5,23,effectful_copy_consistency,0.9900990099009901,101,results/evidence/state_interface/locked_results.json,/ood_test/soft_23/counterfactual/depth_5~1effectful_copy/consistency,locked_test,fraction
state_interface,Kev-0.8B parser + state interface,synthetic_boolean_rules,soft,ood_test,5,23,effectful_copy_correct_direction_flip,0.9900990099009901,101,results/evidence/state_interface/locked_results.json,/ood_test/soft_23/counterfactual/depth_5~1effectful_copy/correct_direction_flip,locked_test,fraction
state_interface,Kev-0.8B parser + state interface,synthetic_boolean_rules,soft,ood_test,5,23,effectful_noncopy_conditioned_consistency,1.0,105,results/evidence/state_interface/locked_results.json,/ood_test/soft_23/counterfactual/depth_5~1effectful_noncopy_conditioned/consistency,locked_test,fraction
state_interface,Kev-0.8B parser + state interface,synthetic_boolean_rules,soft,ood_test,5,23,effectful_noncopy_conditioned_correct_direction_flip,1.0,105,results/evidence/state_interface/locked_results.json,/ood_test/soft_23/counterfactual/depth_5~1effectful_noncopy_conditioned/correct_direction_flip,locked_test,fraction
state_interface,Kev-0.8B parser + state interface,synthetic_boolean_rules,soft,ood_test,5,23,effectful_noncopy_consistency,0.9090909090909091,121,results/evidence/state_interface/locked_results.json,/ood_test/soft_23/counterfactual/depth_5~1effectful_noncopy/consistency,locked_test,fraction
state_interface,Kev-0.8B parser + state interface,synthetic_boolean_rules,soft,ood_test,5,23,effectful_noncopy_correct_direction_flip,0.9090909090909091,121,results/evidence/state_interface/locked_results.json,/ood_test/soft_23/counterfactual/depth_5~1effectful_noncopy/correct_direction_flip,locked_test,fraction
state_interface,Kev-0.8B parser + state interface,synthetic_boolean_rules,soft,ood_test,5,23,exact_trajectory_accuracy,0.975,200,results/evidence/state_interface/locked_results.json,/ood_test/soft_23/factual/depth_5/exact_trajectory/value,locked_test,fraction
state_interface,Kev-0.8B parser + state interface,synthetic_boolean_rules,soft,ood_test,5,23,executor_answer_accuracy,1.0,200,results/evidence/state_interface/locked_results.json,/ood_test/soft_23/factual/depth_5/exact_executor_answer/value,locked_test,fraction
state_interface,Kev-0.8B parser + state interface,synthetic_boolean_rules,soft,ood_test,5,23,gold_input_executor_answer_accuracy,1.0,200,results/evidence/state_interface/locked_results.json,/ood_test/soft_23/factual/depth_5/gold_input_executor_answer/value,locked_test,fraction
state_interface,Kev-0.8B parser + state interface,synthetic_boolean_rules,soft,ood_test,5,23,parser_exact_accuracy,0.93,200,results/evidence/state_interface/locked_results.json,/ood_test/soft_23/factual/depth_5/parser_exact/value,locked_test,fraction
state_interface,Kev-0.8B parser + state interface,synthetic_boolean_rules,soft,ood_test,5,37,answer_accuracy,1.0,200,results/evidence/state_interface/locked_results.json,/ood_test/soft_37/factual/depth_5/answer/value,locked_test,fraction
state_interface,Kev-0.8B parser + state interface,synthetic_boolean_rules,soft,ood_test,5,37,effectful_copy_conditioned_consistency,1.0,99,results/evidence/state_interface/locked_results.json,/ood_test/soft_37/counterfactual/depth_5~1effectful_copy_conditioned/consistency,locked_test,fraction
state_interface,Kev-0.8B parser + state interface,synthetic_boolean_rules,soft,ood_test,5,37,effectful_copy_conditioned_correct_direction_flip,1.0,99,results/evidence/state_interface/locked_results.json,/ood_test/soft_37/counterfactual/depth_5~1effectful_copy_conditioned/correct_direction_flip,locked_test,fraction
state_interface,Kev-0.8B parser + state interface,synthetic_boolean_rules,soft,ood_test,5,37,effectful_copy_consistency,0.9900990099009901,101,results/evidence/state_interface/locked_results.json,/ood_test/soft_37/counterfactual/depth_5~1effectful_copy/consistency,locked_test,fraction
state_interface,Kev-0.8B parser + state interface,synthetic_boolean_rules,soft,ood_test,5,37,effectful_copy_correct_direction_flip,0.9900990099009901,101,results/evidence/state_interface/locked_results.json,/ood_test/soft_37/counterfactual/depth_5~1effectful_copy/correct_direction_flip,locked_test,fraction
state_interface,Kev-0.8B parser + state interface,synthetic_boolean_rules,soft,ood_test,5,37,effectful_noncopy_conditioned_consistency,1.0,105,results/evidence/state_interface/locked_results.json,/ood_test/soft_37/counterfactual/depth_5~1effectful_noncopy_conditioned/consistency,locked_test,fraction
state_interface,Kev-0.8B parser + state interface,synthetic_boolean_rules,soft,ood_test,5,37,effectful_noncopy_conditioned_correct_direction_flip,1.0,105,results/evidence/state_interface/locked_results.json,/ood_test/soft_37/counterfactual/depth_5~1effectful_noncopy_conditioned/correct_direction_flip,locked_test,fraction
state_interface,Kev-0.8B parser + state interface,synthetic_boolean_rules,soft,ood_test,5,37,effectful_noncopy_consistency,0.9090909090909091,121,results/evidence/state_interface/locked_results.json,/ood_test/soft_37/counterfactual/depth_5~1effectful_noncopy/consistency,locked_test,fraction
state_interface,Kev-0.8B parser + state interface,synthetic_boolean_rules,soft,ood_test,5,37,effectful_noncopy_correct_direction_flip,0.9090909090909091,121,results/evidence/state_interface/locked_results.json,/ood_test/soft_37/counterfactual/depth_5~1effectful_noncopy/correct_direction_flip,locked_test,fraction
state_interface,Kev-0.8B parser + state interface,synthetic_boolean_rules,soft,ood_test,5,37,exact_trajectory_accuracy,0.975,200,results/evidence/state_interface/locked_results.json,/ood_test/soft_37/factual/depth_5/exact_trajectory/value,locked_test,fraction
state_interface,Kev-0.8B parser + state interface,synthetic_boolean_rules,soft,ood_test,5,37,executor_answer_accuracy,1.0,200,results/evidence/state_interface/locked_results.json,/ood_test/soft_37/factual/depth_5/exact_executor_answer/value,locked_test,fraction
state_interface,Kev-0.8B parser + state interface,synthetic_boolean_rules,soft,ood_test,5,37,gold_input_executor_answer_accuracy,1.0,200,results/evidence/state_interface/locked_results.json,/ood_test/soft_37/factual/depth_5/gold_input_executor_answer/value,locked_test,fraction
state_interface,Kev-0.8B parser + state interface,synthetic_boolean_rules,soft,ood_test,5,37,parser_exact_accuracy,0.93,200,results/evidence/state_interface/locked_results.json,/ood_test/soft_37/factual/depth_5/parser_exact/value,locked_test,fraction
state_interface,Kev-0.8B parser + state interface,synthetic_boolean_rules,soft,ood_test,6,11,answer_accuracy,0.985,200,results/evidence/state_interface/locked_results.json,/ood_test/soft_11/factual/depth_6/answer/value,locked_test,fraction
state_interface,Kev-0.8B parser + state interface,synthetic_boolean_rules,soft,ood_test,6,11,effectful_copy_conditioned_consistency,0.990990990990991,111,results/evidence/state_interface/locked_results.json,/ood_test/soft_11/counterfactual/depth_6~1effectful_copy_conditioned/consistency,locked_test,fraction
state_interface,Kev-0.8B parser + state interface,synthetic_boolean_rules,soft,ood_test,6,11,effectful_copy_conditioned_correct_direction_flip,0.990990990990991,111,results/evidence/state_interface/locked_results.json,/ood_test/soft_11/counterfactual/depth_6~1effectful_copy_conditioned/correct_direction_flip,locked_test,fraction
state_interface,Kev-0.8B parser + state interface,synthetic_boolean_rules,soft,ood_test,6,11,effectful_copy_consistency,0.9402985074626866,134,results/evidence/state_interface/locked_results.json,/ood_test/soft_11/counterfactual/depth_6~1effectful_copy/consistency,locked_test,fraction
state_interface,Kev-0.8B parser + state interface,synthetic_boolean_rules,soft,ood_test,6,11,effectful_copy_correct_direction_flip,0.8880597014925373,134,results/evidence/state_interface/locked_results.json,/ood_test/soft_11/counterfactual/depth_6~1effectful_copy/correct_direction_flip,locked_test,fraction
state_interface,Kev-0.8B parser + state interface,synthetic_boolean_rules,soft,ood_test,6,11,effectful_noncopy_conditioned_consistency,1.0,119,results/evidence/state_interface/locked_results.json,/ood_test/soft_11/counterfactual/depth_6~1effectful_noncopy_conditioned/consistency,locked_test,fraction
state_interface,Kev-0.8B parser + state interface,synthetic_boolean_rules,soft,ood_test,6,11,effectful_noncopy_conditioned_correct_direction_flip,1.0,119,results/evidence/state_interface/locked_results.json,/ood_test/soft_11/counterfactual/depth_6~1effectful_noncopy_conditioned/correct_direction_flip,locked_test,fraction
state_interface,Kev-0.8B parser + state interface,synthetic_boolean_rules,soft,ood_test,6,11,effectful_noncopy_consistency,1.0,121,results/evidence/state_interface/locked_results.json,/ood_test/soft_11/counterfactual/depth_6~1effectful_noncopy/consistency,locked_test,fraction
state_interface,Kev-0.8B parser + state interface,synthetic_boolean_rules,soft,ood_test,6,11,effectful_noncopy_correct_direction_flip,1.0,121,results/evidence/state_interface/locked_results.json,/ood_test/soft_11/counterfactual/depth_6~1effectful_noncopy/correct_direction_flip,locked_test,fraction
state_interface,Kev-0.8B parser + state interface,synthetic_boolean_rules,soft,ood_test,6,11,exact_trajectory_accuracy,0.975,200,results/evidence/state_interface/locked_results.json,/ood_test/soft_11/factual/depth_6/exact_trajectory/value,locked_test,fraction
state_interface,Kev-0.8B parser + state interface,synthetic_boolean_rules,soft,ood_test,6,11,executor_answer_accuracy,0.985,200,results/evidence/state_interface/locked_results.json,/ood_test/soft_11/factual/depth_6/exact_executor_answer/value,locked_test,fraction
state_interface,Kev-0.8B parser + state interface,synthetic_boolean_rules,soft,ood_test,6,11,gold_input_executor_answer_accuracy,1.0,200,results/evidence/state_interface/locked_results.json,/ood_test/soft_11/factual/depth_6/gold_input_executor_answer/value,locked_test,fraction
state_interface,Kev-0.8B parser + state interface,synthetic_boolean_rules,soft,ood_test,6,11,parser_exact_accuracy,0.935,200,results/evidence/state_interface/locked_results.json,/ood_test/soft_11/factual/depth_6/parser_exact/value,locked_test,fraction
state_interface,Kev-0.8B parser + state interface,synthetic_boolean_rules,soft,ood_test,6,23,answer_accuracy,0.985,200,results/evidence/state_interface/locked_results.json,/ood_test/soft_23/factual/depth_6/answer/value,locked_test,fraction
state_interface,Kev-0.8B parser + state interface,synthetic_boolean_rules,soft,ood_test,6,23,effectful_copy_conditioned_consistency,1.0,111,results/evidence/state_interface/locked_results.json,/ood_test/soft_23/counterfactual/depth_6~1effectful_copy_conditioned/consistency,locked_test,fraction
state_interface,Kev-0.8B parser + state interface,synthetic_boolean_rules,soft,ood_test,6,23,effectful_copy_conditioned_correct_direction_flip,1.0,111,results/evidence/state_interface/locked_results.json,/ood_test/soft_23/counterfactual/depth_6~1effectful_copy_conditioned/correct_direction_flip,locked_test,fraction
state_interface,Kev-0.8B parser + state interface,synthetic_boolean_rules,soft,ood_test,6,23,effectful_copy_consistency,0.9477611940298507,134,results/evidence/state_interface/locked_results.json,/ood_test/soft_23/counterfactual/depth_6~1effectful_copy/consistency,locked_test,fraction
state_interface,Kev-0.8B parser + state interface,synthetic_boolean_rules,soft,ood_test,6,23,effectful_copy_correct_direction_flip,0.8955223880597015,134,results/evidence/state_interface/locked_results.json,/ood_test/soft_23/counterfactual/depth_6~1effectful_copy/correct_direction_flip,locked_test,fraction
state_interface,Kev-0.8B parser + state interface,synthetic_boolean_rules,soft,ood_test,6,23,effectful_noncopy_conditioned_consistency,1.0,119,results/evidence/state_interface/locked_results.json,/ood_test/soft_23/counterfactual/depth_6~1effectful_noncopy_conditioned/consistency,locked_test,fraction
state_interface,Kev-0.8B parser + state interface,synthetic_boolean_rules,soft,ood_test,6,23,effectful_noncopy_conditioned_correct_direction_flip,1.0,119,results/evidence/state_interface/locked_results.json,/ood_test/soft_23/counterfactual/depth_6~1effectful_noncopy_conditioned/correct_direction_flip,locked_test,fraction
state_interface,Kev-0.8B parser + state interface,synthetic_boolean_rules,soft,ood_test,6,23,effectful_noncopy_consistency,1.0,121,results/evidence/state_interface/locked_results.json,/ood_test/soft_23/counterfactual/depth_6~1effectful_noncopy/consistency,locked_test,fraction
state_interface,Kev-0.8B parser + state interface,synthetic_boolean_rules,soft,ood_test,6,23,effectful_noncopy_correct_direction_flip,1.0,121,results/evidence/state_interface/locked_results.json,/ood_test/soft_23/counterfactual/depth_6~1effectful_noncopy/correct_direction_flip,locked_test,fraction
state_interface,Kev-0.8B parser + state interface,synthetic_boolean_rules,soft,ood_test,6,23,exact_trajectory_accuracy,0.975,200,results/evidence/state_interface/locked_results.json,/ood_test/soft_23/factual/depth_6/exact_trajectory/value,locked_test,fraction
state_interface,Kev-0.8B parser + state interface,synthetic_boolean_rules,soft,ood_test,6,23,executor_answer_accuracy,0.985,200,results/evidence/state_interface/locked_results.json,/ood_test/soft_23/factual/depth_6/exact_executor_answer/value,locked_test,fraction
state_interface,Kev-0.8B parser + state interface,synthetic_boolean_rules,soft,ood_test,6,23,gold_input_executor_answer_accuracy,1.0,200,results/evidence/state_interface/locked_results.json,/ood_test/soft_23/factual/depth_6/gold_input_executor_answer/value,locked_test,fraction
state_interface,Kev-0.8B parser + state interface,synthetic_boolean_rules,soft,ood_test,6,23,parser_exact_accuracy,0.935,200,results/evidence/state_interface/locked_results.json,/ood_test/soft_23/factual/depth_6/parser_exact/value,locked_test,fraction
state_interface,Kev-0.8B parser + state interface,synthetic_boolean_rules,soft,ood_test,6,37,answer_accuracy,0.985,200,results/evidence/state_interface/locked_results.json,/ood_test/soft_37/factual/depth_6/answer/value,locked_test,fraction
state_interface,Kev-0.8B parser + state interface,synthetic_boolean_rules,soft,ood_test,6,37,effectful_copy_conditioned_consistency,1.0,111,results/evidence/state_interface/locked_results.json,/ood_test/soft_37/counterfactual/depth_6~1effectful_copy_conditioned/consistency,locked_test,fraction
state_interface,Kev-0.8B parser + state interface,synthetic_boolean_rules,soft,ood_test,6,37,effectful_copy_conditioned_correct_direction_flip,1.0,111,results/evidence/state_interface/locked_results.json,/ood_test/soft_37/counterfactual/depth_6~1effectful_copy_conditioned/correct_direction_flip,locked_test,fraction
state_interface,Kev-0.8B parser + state interface,synthetic_boolean_rules,soft,ood_test,6,37,effectful_copy_consistency,0.9477611940298507,134,results/evidence/state_interface/locked_results.json,/ood_test/soft_37/counterfactual/depth_6~1effectful_copy/consistency,locked_test,fraction
state_interface,Kev-0.8B parser + state interface,synthetic_boolean_rules,soft,ood_test,6,37,effectful_copy_correct_direction_flip,0.8955223880597015,134,results/evidence/state_interface/locked_results.json,/ood_test/soft_37/counterfactual/depth_6~1effectful_copy/correct_direction_flip,locked_test,fraction
state_interface,Kev-0.8B parser + state interface,synthetic_boolean_rules,soft,ood_test,6,37,effectful_noncopy_conditioned_consistency,1.0,119,results/evidence/state_interface/locked_results.json,/ood_test/soft_37/counterfactual/depth_6~1effectful_noncopy_conditioned/consistency,locked_test,fraction
state_interface,Kev-0.8B parser + state interface,synthetic_boolean_rules,soft,ood_test,6,37,effectful_noncopy_conditioned_correct_direction_flip,1.0,119,results/evidence/state_interface/locked_results.json,/ood_test/soft_37/counterfactual/depth_6~1effectful_noncopy_conditioned/correct_direction_flip,locked_test,fraction
state_interface,Kev-0.8B parser + state interface,synthetic_boolean_rules,soft,ood_test,6,37,effectful_noncopy_consistency,1.0,121,results/evidence/state_interface/locked_results.json,/ood_test/soft_37/counterfactual/depth_6~1effectful_noncopy/consistency,locked_test,fraction
state_interface,Kev-0.8B parser + state interface,synthetic_boolean_rules,soft,ood_test,6,37,effectful_noncopy_correct_direction_flip,1.0,121,results/evidence/state_interface/locked_results.json,/ood_test/soft_37/counterfactual/depth_6~1effectful_noncopy/correct_direction_flip,locked_test,fraction
state_interface,Kev-0.8B parser + state interface,synthetic_boolean_rules,soft,ood_test,6,37,exact_trajectory_accuracy,0.975,200,results/evidence/state_interface/locked_results.json,/ood_test/soft_37/factual/depth_6/exact_trajectory/value,locked_test,fraction
state_interface,Kev-0.8B parser + state interface,synthetic_boolean_rules,soft,ood_test,6,37,executor_answer_accuracy,0.985,200,results/evidence/state_interface/locked_results.json,/ood_test/soft_37/factual/depth_6/exact_executor_answer/value,locked_test,fraction
state_interface,Kev-0.8B parser + state interface,synthetic_boolean_rules,soft,ood_test,6,37,gold_input_executor_answer_accuracy,1.0,200,results/evidence/state_interface/locked_results.json,/ood_test/soft_37/factual/depth_6/gold_input_executor_answer/value,locked_test,fraction
state_interface,Kev-0.8B parser + state interface,synthetic_boolean_rules,soft,ood_test,6,37,parser_exact_accuracy,0.935,200,results/evidence/state_interface/locked_results.json,/ood_test/soft_37/factual/depth_6/parser_exact/value,locked_test,fraction
state_interface,Kev-0.8B parser + state interface,synthetic_boolean_rules,soft,ood_test,8,11,answer_accuracy,0.985,200,results/evidence/state_interface/locked_results.json,/ood_test/soft_11/factual/depth_8/answer/value,locked_test,fraction
state_interface,Kev-0.8B parser + state interface,synthetic_boolean_rules,soft,ood_test,8,11,effectful_copy_conditioned_consistency,1.0,140,results/evidence/state_interface/locked_results.json,/ood_test/soft_11/counterfactual/depth_8~1effectful_copy_conditioned/consistency,locked_test,fraction
state_interface,Kev-0.8B parser + state interface,synthetic_boolean_rules,soft,ood_test,8,11,effectful_copy_conditioned_correct_direction_flip,1.0,140,results/evidence/state_interface/locked_results.json,/ood_test/soft_11/counterfactual/depth_8~1effectful_copy_conditioned/correct_direction_flip,locked_test,fraction
state_interface,Kev-0.8B parser + state interface,synthetic_boolean_rules,soft,ood_test,8,11,effectful_copy_consistency,0.9805194805194806,154,results/evidence/state_interface/locked_results.json,/ood_test/soft_11/counterfactual/depth_8~1effectful_copy/consistency,locked_test,fraction
state_interface,Kev-0.8B parser + state interface,synthetic_boolean_rules,soft,ood_test,8,11,effectful_copy_correct_direction_flip,0.9675324675324676,154,results/evidence/state_interface/locked_results.json,/ood_test/soft_11/counterfactual/depth_8~1effectful_copy/correct_direction_flip,locked_test,fraction
state_interface,Kev-0.8B parser + state interface,synthetic_boolean_rules,soft,ood_test,8,11,effectful_noncopy_conditioned_consistency,1.0,109,results/evidence/state_interface/locked_results.json,/ood_test/soft_11/counterfactual/depth_8~1effectful_noncopy_conditioned/consistency,locked_test,fraction
state_interface,Kev-0.8B parser + state interface,synthetic_boolean_rules,soft,ood_test,8,11,effectful_noncopy_conditioned_correct_direction_flip,1.0,109,results/evidence/state_interface/locked_results.json,/ood_test/soft_11/counterfactual/depth_8~1effectful_noncopy_conditioned/correct_direction_flip,locked_test,fraction
state_interface,Kev-0.8B parser + state interface,synthetic_boolean_rules,soft,ood_test,8,11,effectful_noncopy_consistency,0.976,125,results/evidence/state_interface/locked_results.json,/ood_test/soft_11/counterfactual/depth_8~1effectful_noncopy/consistency,locked_test,fraction
state_interface,Kev-0.8B parser + state interface,synthetic_boolean_rules,soft,ood_test,8,11,effectful_noncopy_correct_direction_flip,0.96,125,results/evidence/state_interface/locked_results.json,/ood_test/soft_11/counterfactual/depth_8~1effectful_noncopy/correct_direction_flip,locked_test,fraction
state_interface,Kev-0.8B parser + state interface,synthetic_boolean_rules,soft,ood_test,8,11,exact_trajectory_accuracy,0.945,200,results/evidence/state_interface/locked_results.json,/ood_test/soft_11/factual/depth_8/exact_trajectory/value,locked_test,fraction
state_interface,Kev-0.8B parser + state interface,synthetic_boolean_rules,soft,ood_test,8,11,executor_answer_accuracy,0.985,200,results/evidence/state_interface/locked_results.json,/ood_test/soft_11/factual/depth_8/exact_executor_answer/value,locked_test,fraction
state_interface,Kev-0.8B parser + state interface,synthetic_boolean_rules,soft,ood_test,8,11,gold_input_executor_answer_accuracy,1.0,200,results/evidence/state_interface/locked_results.json,/ood_test/soft_11/factual/depth_8/gold_input_executor_answer/value,locked_test,fraction
state_interface,Kev-0.8B parser + state interface,synthetic_boolean_rules,soft,ood_test,8,11,parser_exact_accuracy,0.895,200,results/evidence/state_interface/locked_results.json,/ood_test/soft_11/factual/depth_8/parser_exact/value,locked_test,fraction
state_interface,Kev-0.8B parser + state interface,synthetic_boolean_rules,soft,ood_test,8,23,answer_accuracy,0.985,200,results/evidence/state_interface/locked_results.json,/ood_test/soft_23/factual/depth_8/answer/value,locked_test,fraction
state_interface,Kev-0.8B parser + state interface,synthetic_boolean_rules,soft,ood_test,8,23,effectful_copy_conditioned_consistency,1.0,140,results/evidence/state_interface/locked_results.json,/ood_test/soft_23/counterfactual/depth_8~1effectful_copy_conditioned/consistency,locked_test,fraction
state_interface,Kev-0.8B parser + state interface,synthetic_boolean_rules,soft,ood_test,8,23,effectful_copy_conditioned_correct_direction_flip,1.0,140,results/evidence/state_interface/locked_results.json,/ood_test/soft_23/counterfactual/depth_8~1effectful_copy_conditioned/correct_direction_flip,locked_test,fraction
state_interface,Kev-0.8B parser + state interface,synthetic_boolean_rules,soft,ood_test,8,23,effectful_copy_consistency,0.9805194805194806,154,results/evidence/state_interface/locked_results.json,/ood_test/soft_23/counterfactual/depth_8~1effectful_copy/consistency,locked_test,fraction
state_interface,Kev-0.8B parser + state interface,synthetic_boolean_rules,soft,ood_test,8,23,effectful_copy_correct_direction_flip,0.9675324675324676,154,results/evidence/state_interface/locked_results.json,/ood_test/soft_23/counterfactual/depth_8~1effectful_copy/correct_direction_flip,locked_test,fraction
state_interface,Kev-0.8B parser + state interface,synthetic_boolean_rules,soft,ood_test,8,23,effectful_noncopy_conditioned_consistency,1.0,109,results/evidence/state_interface/locked_results.json,/ood_test/soft_23/counterfactual/depth_8~1effectful_noncopy_conditioned/consistency,locked_test,fraction
state_interface,Kev-0.8B parser + state interface,synthetic_boolean_rules,soft,ood_test,8,23,effectful_noncopy_conditioned_correct_direction_flip,1.0,109,results/evidence/state_interface/locked_results.json,/ood_test/soft_23/counterfactual/depth_8~1effectful_noncopy_conditioned/correct_direction_flip,locked_test,fraction
state_interface,Kev-0.8B parser + state interface,synthetic_boolean_rules,soft,ood_test,8,23,effectful_noncopy_consistency,0.976,125,results/evidence/state_interface/locked_results.json,/ood_test/soft_23/counterfactual/depth_8~1effectful_noncopy/consistency,locked_test,fraction
state_interface,Kev-0.8B parser + state interface,synthetic_boolean_rules,soft,ood_test,8,23,effectful_noncopy_correct_direction_flip,0.96,125,results/evidence/state_interface/locked_results.json,/ood_test/soft_23/counterfactual/depth_8~1effectful_noncopy/correct_direction_flip,locked_test,fraction
state_interface,Kev-0.8B parser + state interface,synthetic_boolean_rules,soft,ood_test,8,23,exact_trajectory_accuracy,0.945,200,results/evidence/state_interface/locked_results.json,/ood_test/soft_23/factual/depth_8/exact_trajectory/value,locked_test,fraction
state_interface,Kev-0.8B parser + state interface,synthetic_boolean_rules,soft,ood_test,8,23,executor_answer_accuracy,0.985,200,results/evidence/state_interface/locked_results.json,/ood_test/soft_23/factual/depth_8/exact_executor_answer/value,locked_test,fraction
state_interface,Kev-0.8B parser + state interface,synthetic_boolean_rules,soft,ood_test,8,23,gold_input_executor_answer_accuracy,1.0,200,results/evidence/state_interface/locked_results.json,/ood_test/soft_23/factual/depth_8/gold_input_executor_answer/value,locked_test,fraction
state_interface,Kev-0.8B parser + state interface,synthetic_boolean_rules,soft,ood_test,8,23,parser_exact_accuracy,0.895,200,results/evidence/state_interface/locked_results.json,/ood_test/soft_23/factual/depth_8/parser_exact/value,locked_test,fraction
state_interface,Kev-0.8B parser + state interface,synthetic_boolean_rules,soft,ood_test,8,37,answer_accuracy,0.985,200,results/evidence/state_interface/locked_results.json,/ood_test/soft_37/factual/depth_8/answer/value,locked_test,fraction
state_interface,Kev-0.8B parser + state interface,synthetic_boolean_rules,soft,ood_test,8,37,effectful_copy_conditioned_consistency,1.0,140,results/evidence/state_interface/locked_results.json,/ood_test/soft_37/counterfactual/depth_8~1effectful_copy_conditioned/consistency,locked_test,fraction
state_interface,Kev-0.8B parser + state interface,synthetic_boolean_rules,soft,ood_test,8,37,effectful_copy_conditioned_correct_direction_flip,1.0,140,results/evidence/state_interface/locked_results.json,/ood_test/soft_37/counterfactual/depth_8~1effectful_copy_conditioned/correct_direction_flip,locked_test,fraction
state_interface,Kev-0.8B parser + state interface,synthetic_boolean_rules,soft,ood_test,8,37,effectful_copy_consistency,0.9805194805194806,154,results/evidence/state_interface/locked_results.json,/ood_test/soft_37/counterfactual/depth_8~1effectful_copy/consistency,locked_test,fraction
state_interface,Kev-0.8B parser + state interface,synthetic_boolean_rules,soft,ood_test,8,37,effectful_copy_correct_direction_flip,0.9675324675324676,154,results/evidence/state_interface/locked_results.json,/ood_test/soft_37/counterfactual/depth_8~1effectful_copy/correct_direction_flip,locked_test,fraction
state_interface,Kev-0.8B parser + state interface,synthetic_boolean_rules,soft,ood_test,8,37,effectful_noncopy_conditioned_consistency,1.0,109,results/evidence/state_interface/locked_results.json,/ood_test/soft_37/counterfactual/depth_8~1effectful_noncopy_conditioned/consistency,locked_test,fraction
state_interface,Kev-0.8B parser + state interface,synthetic_boolean_rules,soft,ood_test,8,37,effectful_noncopy_conditioned_correct_direction_flip,1.0,109,results/evidence/state_interface/locked_results.json,/ood_test/soft_37/counterfactual/depth_8~1effectful_noncopy_conditioned/correct_direction_flip,locked_test,fraction
state_interface,Kev-0.8B parser + state interface,synthetic_boolean_rules,soft,ood_test,8,37,effectful_noncopy_consistency,0.976,125,results/evidence/state_interface/locked_results.json,/ood_test/soft_37/counterfactual/depth_8~1effectful_noncopy/consistency,locked_test,fraction
state_interface,Kev-0.8B parser + state interface,synthetic_boolean_rules,soft,ood_test,8,37,effectful_noncopy_correct_direction_flip,0.96,125,results/evidence/state_interface/locked_results.json,/ood_test/soft_37/counterfactual/depth_8~1effectful_noncopy/correct_direction_flip,locked_test,fraction
state_interface,Kev-0.8B parser + state interface,synthetic_boolean_rules,soft,ood_test,8,37,exact_trajectory_accuracy,0.945,200,results/evidence/state_interface/locked_results.json,/ood_test/soft_37/factual/depth_8/exact_trajectory/value,locked_test,fraction
state_interface,Kev-0.8B parser + state interface,synthetic_boolean_rules,soft,ood_test,8,37,executor_answer_accuracy,0.985,200,results/evidence/state_interface/locked_results.json,/ood_test/soft_37/factual/depth_8/exact_executor_answer/value,locked_test,fraction
state_interface,Kev-0.8B parser + state interface,synthetic_boolean_rules,soft,ood_test,8,37,gold_input_executor_answer_accuracy,1.0,200,results/evidence/state_interface/locked_results.json,/ood_test/soft_37/factual/depth_8/gold_input_executor_answer/value,locked_test,fraction
state_interface,Kev-0.8B parser + state interface,synthetic_boolean_rules,soft,ood_test,8,37,parser_exact_accuracy,0.895,200,results/evidence/state_interface/locked_results.json,/ood_test/soft_37/factual/depth_8/parser_exact/value,locked_test,fraction
state_interface,Kev-0.8B parser + state interface,synthetic_boolean_rules,soft,ood_test,all,11,answer_accuracy,0.982,1000,results/evidence/state_interface/locked_results.json,/ood_test/soft_11/factual/all/answer/value,locked_test,fraction
state_interface,Kev-0.8B parser + state interface,synthetic_boolean_rules,soft,ood_test,all,11,effectful_copy_conditioned_consistency,0.9981617647058824,544,results/evidence/state_interface/locked_results.json,/ood_test/soft_11/counterfactual/all~1effectful_copy_conditioned/consistency,locked_test,fraction
state_interface,Kev-0.8B parser + state interface,synthetic_boolean_rules,soft,ood_test,all,11,effectful_copy_conditioned_correct_direction_flip,0.9981617647058824,544,results/evidence/state_interface/locked_results.json,/ood_test/soft_11/counterfactual/all~1effectful_copy_conditioned/correct_direction_flip,locked_test,fraction
state_interface,Kev-0.8B parser + state interface,synthetic_boolean_rules,soft,ood_test,all,11,effectful_copy_consistency,0.9477020602218701,631,results/evidence/state_interface/locked_results.json,/ood_test/soft_11/counterfactual/all~1effectful_copy/consistency,locked_test,fraction
state_interface,Kev-0.8B parser + state interface,synthetic_boolean_rules,soft,ood_test,all,11,effectful_copy_correct_direction_flip,0.919175911251981,631,results/evidence/state_interface/locked_results.json,/ood_test/soft_11/counterfactual/all~1effectful_copy/correct_direction_flip,locked_test,fraction
state_interface,Kev-0.8B parser + state interface,synthetic_boolean_rules,soft,ood_test,all,11,effectful_noncopy_conditioned_consistency,1.0,542,results/evidence/state_interface/locked_results.json,/ood_test/soft_11/counterfactual/all~1effectful_noncopy_conditioned/consistency,locked_test,fraction
state_interface,Kev-0.8B parser + state interface,synthetic_boolean_rules,soft,ood_test,all,11,effectful_noncopy_conditioned_correct_direction_flip,1.0,542,results/evidence/state_interface/locked_results.json,/ood_test/soft_11/counterfactual/all~1effectful_noncopy_conditioned/correct_direction_flip,locked_test,fraction
state_interface,Kev-0.8B parser + state interface,synthetic_boolean_rules,soft,ood_test,all,11,effectful_noncopy_consistency,0.9472843450479234,626,results/evidence/state_interface/locked_results.json,/ood_test/soft_11/counterfactual/all~1effectful_noncopy/consistency,locked_test,fraction
state_interface,Kev-0.8B parser + state interface,synthetic_boolean_rules,soft,ood_test,all,11,effectful_noncopy_correct_direction_flip,0.9281150159744409,626,results/evidence/state_interface/locked_results.json,/ood_test/soft_11/counterfactual/all~1effectful_noncopy/correct_direction_flip,locked_test,fraction
state_interface,Kev-0.8B parser + state interface,synthetic_boolean_rules,soft,ood_test,all,11,exact_trajectory_accuracy,0.949,1000,results/evidence/state_interface/locked_results.json,/ood_test/soft_11/factual/all/exact_trajectory/value,locked_test,fraction
state_interface,Kev-0.8B parser + state interface,synthetic_boolean_rules,soft,ood_test,all,11,executor_answer_accuracy,0.982,1000,results/evidence/state_interface/locked_results.json,/ood_test/soft_11/factual/all/exact_executor_answer/value,locked_test,fraction
state_interface,Kev-0.8B parser + state interface,synthetic_boolean_rules,soft,ood_test,all,11,gold_input_executor_answer_accuracy,1.0,1000,results/evidence/state_interface/locked_results.json,/ood_test/soft_11/factual/all/gold_input_executor_answer/value,locked_test,fraction
state_interface,Kev-0.8B parser + state interface,synthetic_boolean_rules,soft,ood_test,all,11,parser_exact_accuracy,0.89,1000,results/evidence/state_interface/locked_results.json,/ood_test/soft_11/factual/all/parser_exact/value,locked_test,fraction
state_interface,Kev-0.8B parser + state interface,synthetic_boolean_rules,soft,ood_test,all,23,answer_accuracy,0.982,1000,results/evidence/state_interface/locked_results.json,/ood_test/soft_23/factual/all/answer/value,locked_test,fraction
state_interface,Kev-0.8B parser + state interface,synthetic_boolean_rules,soft,ood_test,all,23,effectful_copy_conditioned_consistency,1.0,544,results/evidence/state_interface/locked_results.json,/ood_test/soft_23/counterfactual/all~1effectful_copy_conditioned/consistency,locked_test,fraction
state_interface,Kev-0.8B parser + state interface,synthetic_boolean_rules,soft,ood_test,all,23,effectful_copy_conditioned_correct_direction_flip,1.0,544,results/evidence/state_interface/locked_results.json,/ood_test/soft_23/counterfactual/all~1effectful_copy_conditioned/correct_direction_flip,locked_test,fraction
state_interface,Kev-0.8B parser + state interface,synthetic_boolean_rules,soft,ood_test,all,23,effectful_copy_consistency,0.9492868462757528,631,results/evidence/state_interface/locked_results.json,/ood_test/soft_23/counterfactual/all~1effectful_copy/consistency,locked_test,fraction
state_interface,Kev-0.8B parser + state interface,synthetic_boolean_rules,soft,ood_test,all,23,effectful_copy_correct_direction_flip,0.9207606973058637,631,results/evidence/state_interface/locked_results.json,/ood_test/soft_23/counterfactual/all~1effectful_copy/correct_direction_flip,locked_test,fraction
state_interface,Kev-0.8B parser + state interface,synthetic_boolean_rules,soft,ood_test,all,23,effectful_noncopy_conditioned_consistency,1.0,542,results/evidence/state_interface/locked_results.json,/ood_test/soft_23/counterfactual/all~1effectful_noncopy_conditioned/consistency,locked_test,fraction
state_interface,Kev-0.8B parser + state interface,synthetic_boolean_rules,soft,ood_test,all,23,effectful_noncopy_conditioned_correct_direction_flip,1.0,542,results/evidence/state_interface/locked_results.json,/ood_test/soft_23/counterfactual/all~1effectful_noncopy_conditioned/correct_direction_flip,locked_test,fraction
state_interface,Kev-0.8B parser + state interface,synthetic_boolean_rules,soft,ood_test,all,23,effectful_noncopy_consistency,0.9472843450479234,626,results/evidence/state_interface/locked_results.json,/ood_test/soft_23/counterfactual/all~1effectful_noncopy/consistency,locked_test,fraction
state_interface,Kev-0.8B parser + state interface,synthetic_boolean_rules,soft,ood_test,all,23,effectful_noncopy_correct_direction_flip,0.9281150159744409,626,results/evidence/state_interface/locked_results.json,/ood_test/soft_23/counterfactual/all~1effectful_noncopy/correct_direction_flip,locked_test,fraction
state_interface,Kev-0.8B parser + state interface,synthetic_boolean_rules,soft,ood_test,all,23,exact_trajectory_accuracy,0.949,1000,results/evidence/state_interface/locked_results.json,/ood_test/soft_23/factual/all/exact_trajectory/value,locked_test,fraction
state_interface,Kev-0.8B parser + state interface,synthetic_boolean_rules,soft,ood_test,all,23,executor_answer_accuracy,0.982,1000,results/evidence/state_interface/locked_results.json,/ood_test/soft_23/factual/all/exact_executor_answer/value,locked_test,fraction
state_interface,Kev-0.8B parser + state interface,synthetic_boolean_rules,soft,ood_test,all,23,gold_input_executor_answer_accuracy,1.0,1000,results/evidence/state_interface/locked_results.json,/ood_test/soft_23/factual/all/gold_input_executor_answer/value,locked_test,fraction
state_interface,Kev-0.8B parser + state interface,synthetic_boolean_rules,soft,ood_test,all,23,parser_exact_accuracy,0.89,1000,results/evidence/state_interface/locked_results.json,/ood_test/soft_23/factual/all/parser_exact/value,locked_test,fraction
state_interface,Kev-0.8B parser + state interface,synthetic_boolean_rules,soft,ood_test,all,37,answer_accuracy,0.982,1000,results/evidence/state_interface/locked_results.json,/ood_test/soft_37/factual/all/answer/value,locked_test,fraction
state_interface,Kev-0.8B parser + state interface,synthetic_boolean_rules,soft,ood_test,all,37,effectful_copy_conditioned_consistency,1.0,544,results/evidence/state_interface/locked_results.json,/ood_test/soft_37/counterfactual/all~1effectful_copy_conditioned/consistency,locked_test,fraction
state_interface,Kev-0.8B parser + state interface,synthetic_boolean_rules,soft,ood_test,all,37,effectful_copy_conditioned_correct_direction_flip,1.0,544,results/evidence/state_interface/locked_results.json,/ood_test/soft_37/counterfactual/all~1effectful_copy_conditioned/correct_direction_flip,locked_test,fraction
state_interface,Kev-0.8B parser + state interface,synthetic_boolean_rules,soft,ood_test,all,37,effectful_copy_consistency,0.9492868462757528,631,results/evidence/state_interface/locked_results.json,/ood_test/soft_37/counterfactual/all~1effectful_copy/consistency,locked_test,fraction
state_interface,Kev-0.8B parser + state interface,synthetic_boolean_rules,soft,ood_test,all,37,effectful_copy_correct_direction_flip,0.9207606973058637,631,results/evidence/state_interface/locked_results.json,/ood_test/soft_37/counterfactual/all~1effectful_copy/correct_direction_flip,locked_test,fraction
state_interface,Kev-0.8B parser + state interface,synthetic_boolean_rules,soft,ood_test,all,37,effectful_noncopy_conditioned_consistency,1.0,542,results/evidence/state_interface/locked_results.json,/ood_test/soft_37/counterfactual/all~1effectful_noncopy_conditioned/consistency,locked_test,fraction
state_interface,Kev-0.8B parser + state interface,synthetic_boolean_rules,soft,ood_test,all,37,effectful_noncopy_conditioned_correct_direction_flip,1.0,542,results/evidence/state_interface/locked_results.json,/ood_test/soft_37/counterfactual/all~1effectful_noncopy_conditioned/correct_direction_flip,locked_test,fraction
state_interface,Kev-0.8B parser + state interface,synthetic_boolean_rules,soft,ood_test,all,37,effectful_noncopy_consistency,0.9472843450479234,626,results/evidence/state_interface/locked_results.json,/ood_test/soft_37/counterfactual/all~1effectful_noncopy/consistency,locked_test,fraction
state_interface,Kev-0.8B parser + state interface,synthetic_boolean_rules,soft,ood_test,all,37,effectful_noncopy_correct_direction_flip,0.9281150159744409,626,results/evidence/state_interface/locked_results.json,/ood_test/soft_37/counterfactual/all~1effectful_noncopy/correct_direction_flip,locked_test,fraction
state_interface,Kev-0.8B parser + state interface,synthetic_boolean_rules,soft,ood_test,all,37,exact_trajectory_accuracy,0.949,1000,results/evidence/state_interface/locked_results.json,/ood_test/soft_37/factual/all/exact_trajectory/value,locked_test,fraction
state_interface,Kev-0.8B parser + state interface,synthetic_boolean_rules,soft,ood_test,all,37,executor_answer_accuracy,0.982,1000,results/evidence/state_interface/locked_results.json,/ood_test/soft_37/factual/all/exact_executor_answer/value,locked_test,fraction
state_interface,Kev-0.8B parser + state interface,synthetic_boolean_rules,soft,ood_test,all,37,gold_input_executor_answer_accuracy,1.0,1000,results/evidence/state_interface/locked_results.json,/ood_test/soft_37/factual/all/gold_input_executor_answer/value,locked_test,fraction
state_interface,Kev-0.8B parser + state interface,synthetic_boolean_rules,soft,ood_test,all,37,parser_exact_accuracy,0.89,1000,results/evidence/state_interface/locked_results.json,/ood_test/soft_37/factual/all/parser_exact/value,locked_test,fraction
state_interface,Kev-0.8B parser + state interface,synthetic_boolean_rules,soft,stress_val,10,11,answer_accuracy,0.9,20,results/evidence/state_interface/selection_soft_11.json,/stress/by_depth/depth_10/accuracy,development_selection,fraction
state_interface,Kev-0.8B parser + state interface,synthetic_boolean_rules,soft,stress_val,10,23,answer_accuracy,0.9,20,results/evidence/state_interface/selection_soft_23.json,/stress/by_depth/depth_10/accuracy,development_selection,fraction
state_interface,Kev-0.8B parser + state interface,synthetic_boolean_rules,soft,stress_val,10,37,answer_accuracy,0.9,20,results/evidence/state_interface/selection_soft_37.json,/stress/by_depth/depth_10/accuracy,development_selection,fraction
state_interface,Kev-0.8B parser + state interface,synthetic_boolean_rules,soft,stress_val,4,11,answer_accuracy,1.0,20,results/evidence/state_interface/selection_soft_11.json,/stress/by_depth/depth_4/accuracy,development_selection,fraction
state_interface,Kev-0.8B parser + state interface,synthetic_boolean_rules,soft,stress_val,4,23,answer_accuracy,1.0,20,results/evidence/state_interface/selection_soft_23.json,/stress/by_depth/depth_4/accuracy,development_selection,fraction
state_interface,Kev-0.8B parser + state interface,synthetic_boolean_rules,soft,stress_val,4,37,answer_accuracy,1.0,20,results/evidence/state_interface/selection_soft_37.json,/stress/by_depth/depth_4/accuracy,development_selection,fraction
state_interface,Kev-0.8B parser + state interface,synthetic_boolean_rules,soft,stress_val,5,11,answer_accuracy,0.95,20,results/evidence/state_interface/selection_soft_11.json,/stress/by_depth/depth_5/accuracy,development_selection,fraction
state_interface,Kev-0.8B parser + state interface,synthetic_boolean_rules,soft,stress_val,5,23,answer_accuracy,0.95,20,results/evidence/state_interface/selection_soft_23.json,/stress/by_depth/depth_5/accuracy,development_selection,fraction
state_interface,Kev-0.8B parser + state interface,synthetic_boolean_rules,soft,stress_val,5,37,answer_accuracy,0.95,20,results/evidence/state_interface/selection_soft_37.json,/stress/by_depth/depth_5/accuracy,development_selection,fraction
state_interface,Kev-0.8B parser + state interface,synthetic_boolean_rules,soft,stress_val,6,11,answer_accuracy,0.95,20,results/evidence/state_interface/selection_soft_11.json,/stress/by_depth/depth_6/accuracy,development_selection,fraction
state_interface,Kev-0.8B parser + state interface,synthetic_boolean_rules,soft,stress_val,6,23,answer_accuracy,0.95,20,results/evidence/state_interface/selection_soft_23.json,/stress/by_depth/depth_6/accuracy,development_selection,fraction
state_interface,Kev-0.8B parser + state interface,synthetic_boolean_rules,soft,stress_val,6,37,answer_accuracy,0.95,20,results/evidence/state_interface/selection_soft_37.json,/stress/by_depth/depth_6/accuracy,development_selection,fraction
state_interface,Kev-0.8B parser + state interface,synthetic_boolean_rules,soft,stress_val,8,11,answer_accuracy,1.0,20,results/evidence/state_interface/selection_soft_11.json,/stress/by_depth/depth_8/accuracy,development_selection,fraction
state_interface,Kev-0.8B parser + state interface,synthetic_boolean_rules,soft,stress_val,8,23,answer_accuracy,1.0,20,results/evidence/state_interface/selection_soft_23.json,/stress/by_depth/depth_8/accuracy,development_selection,fraction
state_interface,Kev-0.8B parser + state interface,synthetic_boolean_rules,soft,stress_val,8,37,answer_accuracy,1.0,20,results/evidence/state_interface/selection_soft_37.json,/stress/by_depth/depth_8/accuracy,development_selection,fraction
state_interface,Kev-0.8B parser + state interface,synthetic_boolean_rules,soft,stress_val,all,11,answer_accuracy,0.96,100,results/evidence/state_interface/selection_soft_11.json,/stress/accuracy,development_selection,fraction
state_interface,Kev-0.8B parser + state interface,synthetic_boolean_rules,soft,stress_val,all,23,answer_accuracy,0.96,100,results/evidence/state_interface/selection_soft_23.json,/stress/accuracy,development_selection,fraction
state_interface,Kev-0.8B parser + state interface,synthetic_boolean_rules,soft,stress_val,all,37,answer_accuracy,0.96,100,results/evidence/state_interface/selection_soft_37.json,/stress/accuracy,development_selection,fraction
state_interface,Kev-0.8B parser + state interface,synthetic_boolean_rules,soft,val,1,11,answer_accuracy,0.9940119760479041,334,results/evidence/state_interface/selection_soft_11.json,/val/by_depth/depth_1/accuracy,development_selection,fraction
state_interface,Kev-0.8B parser + state interface,synthetic_boolean_rules,soft,val,1,23,answer_accuracy,0.9940119760479041,334,results/evidence/state_interface/selection_soft_23.json,/val/by_depth/depth_1/accuracy,development_selection,fraction
state_interface,Kev-0.8B parser + state interface,synthetic_boolean_rules,soft,val,1,37,answer_accuracy,0.9940119760479041,334,results/evidence/state_interface/selection_soft_37.json,/val/by_depth/depth_1/accuracy,development_selection,fraction
state_interface,Kev-0.8B parser + state interface,synthetic_boolean_rules,soft,val,2,11,answer_accuracy,0.9940119760479041,334,results/evidence/state_interface/selection_soft_11.json,/val/by_depth/depth_2/accuracy,development_selection,fraction
state_interface,Kev-0.8B parser + state interface,synthetic_boolean_rules,soft,val,2,23,answer_accuracy,0.9940119760479041,334,results/evidence/state_interface/selection_soft_23.json,/val/by_depth/depth_2/accuracy,development_selection,fraction
state_interface,Kev-0.8B parser + state interface,synthetic_boolean_rules,soft,val,2,37,answer_accuracy,0.9940119760479041,334,results/evidence/state_interface/selection_soft_37.json,/val/by_depth/depth_2/accuracy,development_selection,fraction
state_interface,Kev-0.8B parser + state interface,synthetic_boolean_rules,soft,val,3,11,answer_accuracy,0.9969879518072289,332,results/evidence/state_interface/selection_soft_11.json,/val/by_depth/depth_3/accuracy,development_selection,fraction
state_interface,Kev-0.8B parser + state interface,synthetic_boolean_rules,soft,val,3,23,answer_accuracy,0.9969879518072289,332,results/evidence/state_interface/selection_soft_23.json,/val/by_depth/depth_3/accuracy,development_selection,fraction
state_interface,Kev-0.8B parser + state interface,synthetic_boolean_rules,soft,val,3,37,answer_accuracy,0.9969879518072289,332,results/evidence/state_interface/selection_soft_37.json,/val/by_depth/depth_3/accuracy,development_selection,fraction
state_interface,Kev-0.8B parser + state interface,synthetic_boolean_rules,soft,val,all,11,answer_accuracy,0.995,1000,results/evidence/state_interface/selection_soft_11.json,/val/accuracy,development_selection,fraction
state_interface,Kev-0.8B parser + state interface,synthetic_boolean_rules,soft,val,all,23,answer_accuracy,0.995,1000,results/evidence/state_interface/selection_soft_23.json,/val/accuracy,development_selection,fraction
state_interface,Kev-0.8B parser + state interface,synthetic_boolean_rules,soft,val,all,37,answer_accuracy,0.995,1000,results/evidence/state_interface/selection_soft_37.json,/val/accuracy,development_selection,fraction
state_interface,Kev-0.8B parser + state interface,synthetic_boolean_rules,soft_minus_continuous_all,ood_test,all,11,answer_accuracy_difference_seed,0.0,500,results/evidence/state_interface/locked_results.json,/paired_intervals/soft_minus_continuous_all/seed_differences/0,paired_world_bootstrap,fraction
state_interface,Kev-0.8B parser + state interface,synthetic_boolean_rules,soft_minus_continuous_all,ood_test,all,23,answer_accuracy_difference_seed,0.003,500,results/evidence/state_interface/locked_results.json,/paired_intervals/soft_minus_continuous_all/seed_differences/1,paired_world_bootstrap,fraction
state_interface,Kev-0.8B parser + state interface,synthetic_boolean_rules,soft_minus_continuous_all,ood_test,all,37,answer_accuracy_difference_seed,0.0,500,results/evidence/state_interface/locked_results.json,/paired_intervals/soft_minus_continuous_all/seed_differences/2,paired_world_bootstrap,fraction
state_interface,Kev-0.8B parser + state interface,synthetic_boolean_rules,soft_minus_continuous_all,ood_test,all,,answer_accuracy_difference,0.001,500,results/evidence/state_interface/locked_results.json,/paired_intervals/soft_minus_continuous_all/difference,paired_world_bootstrap,fraction
state_interface,Kev-0.8B parser + state interface,synthetic_boolean_rules,soft_minus_continuous_all,ood_test,all,,answer_accuracy_difference_ci95_high,0.002333333333333333,500,results/evidence/state_interface/locked_results.json,/paired_intervals/soft_minus_continuous_all/ci95/1,paired_world_bootstrap,fraction
state_interface,Kev-0.8B parser + state interface,synthetic_boolean_rules,soft_minus_continuous_all,ood_test,all,,answer_accuracy_difference_ci95_low,0.0,500,results/evidence/state_interface/locked_results.json,/paired_intervals/soft_minus_continuous_all/ci95/0,paired_world_bootstrap,fraction
state_interface,Kev-0.8B parser + state interface,synthetic_boolean_rules,soft_minus_continuous_all,ood_test,all,,answer_accuracy_difference_seed_sd,0.0017320508075688772,500,results/evidence/state_interface/locked_results.json,/paired_intervals/soft_minus_continuous_all/seed_sd,paired_world_bootstrap,fraction
state_interface,Kev-0.8B parser + state interface,synthetic_boolean_rules,soft_minus_continuous_late,ood_test,"6,8,10",11,answer_accuracy_difference_seed,0.0,300,results/evidence/state_interface/locked_results.json,/paired_intervals/soft_minus_continuous_late/seed_differences/0,paired_world_bootstrap,fraction
state_interface,Kev-0.8B parser + state interface,synthetic_boolean_rules,soft_minus_continuous_late,ood_test,"6,8,10",23,answer_accuracy_difference_seed,0.005,300,results/evidence/state_interface/locked_results.json,/paired_intervals/soft_minus_continuous_late/seed_differences/1,paired_world_bootstrap,fraction
state_interface,Kev-0.8B parser + state interface,synthetic_boolean_rules,soft_minus_continuous_late,ood_test,"6,8,10",37,answer_accuracy_difference_seed,0.0,300,results/evidence/state_interface/locked_results.json,/paired_intervals/soft_minus_continuous_late/seed_differences/2,paired_world_bootstrap,fraction
state_interface,Kev-0.8B parser + state interface,synthetic_boolean_rules,soft_minus_continuous_late,ood_test,"6,8,10",,answer_accuracy_difference,0.0016666666666666668,300,results/evidence/state_interface/locked_results.json,/paired_intervals/soft_minus_continuous_late/difference,paired_world_bootstrap,fraction
state_interface,Kev-0.8B parser + state interface,synthetic_boolean_rules,soft_minus_continuous_late,ood_test,"6,8,10",,answer_accuracy_difference_ci95_high,0.0038888888888888883,300,results/evidence/state_interface/locked_results.json,/paired_intervals/soft_minus_continuous_late/ci95/1,paired_world_bootstrap,fraction
state_interface,Kev-0.8B parser + state interface,synthetic_boolean_rules,soft_minus_continuous_late,ood_test,"6,8,10",,answer_accuracy_difference_ci95_low,0.0,300,results/evidence/state_interface/locked_results.json,/paired_intervals/soft_minus_continuous_late/ci95/0,paired_world_bootstrap,fraction
state_interface,Kev-0.8B parser + state interface,synthetic_boolean_rules,soft_minus_continuous_late,ood_test,"6,8,10",,answer_accuracy_difference_seed_sd,0.002886751345948129,300,results/evidence/state_interface/locked_results.json,/paired_intervals/soft_minus_continuous_late/seed_sd,paired_world_bootstrap,fraction
support_hole,HardTransition,random_16_state_8_rule_permutation,State,factual_holdout_transition,1,11,transition_accuracy,0.0,38,results/evidence/support_hole/results.json,/results/11/arms/State/pairs/holes/accuracy,controlled_test,fraction
support_hole,HardTransition,random_16_state_8_rule_permutation,State,factual_holdout_transition,1,23,transition_accuracy,0.02631578947368421,38,results/evidence/support_hole/results.json,/results/23/arms/State/pairs/holes/accuracy,controlled_test,fraction
support_hole,HardTransition,random_16_state_8_rule_permutation,State,factual_holdout_transition,1,37,transition_accuracy,0.0,38,results/evidence/support_hole/results.json,/results/37/arms/State/pairs/holes/accuracy,controlled_test,fraction
support_hole,HardTransition,random_16_state_8_rule_permutation,State,factual_holdout_transition,1,41,transition_accuracy,0.02631578947368421,38,results/evidence/support_hole/results.json,/results/41/arms/State/pairs/holes/accuracy,controlled_test,fraction
support_hole,HardTransition,random_16_state_8_rule_permutation,State,factual_holdout_transition,1,53,transition_accuracy,0.0,38,results/evidence/support_hole/results.json,/results/53/arms/State/pairs/holes/accuracy,controlled_test,fraction
support_hole,HardTransition,random_16_state_8_rule_permutation,State,seen_transition,1,11,transition_accuracy,1.0,90,results/evidence/support_hole/results.json,/results/11/arms/State/pairs/seen/accuracy,controlled_test,fraction
support_hole,HardTransition,random_16_state_8_rule_permutation,State,seen_transition,1,23,transition_accuracy,1.0,90,results/evidence/support_hole/results.json,/results/23/arms/State/pairs/seen/accuracy,controlled_test,fraction
support_hole,HardTransition,random_16_state_8_rule_permutation,State,seen_transition,1,37,transition_accuracy,1.0,90,results/evidence/support_hole/results.json,/results/37/arms/State/pairs/seen/accuracy,controlled_test,fraction
support_hole,HardTransition,random_16_state_8_rule_permutation,State,seen_transition,1,41,transition_accuracy,1.0,90,results/evidence/support_hole/results.json,/results/41/arms/State/pairs/seen/accuracy,controlled_test,fraction
support_hole,HardTransition,random_16_state_8_rule_permutation,State,seen_transition,1,53,transition_accuracy,1.0,90,results/evidence/support_hole/results.json,/results/53/arms/State/pairs/seen/accuracy,controlled_test,fraction
support_hole,HardTransition,random_16_state_8_rule_permutation,State,seen_validation,1,11,answer_accuracy,1.0,23,results/evidence/support_hole/results.json,/results/11/arms/State/shallow_validation/depth_1/accuracy,development_validation,fraction
support_hole,HardTransition,random_16_state_8_rule_permutation,State,seen_validation,1,11,exact_trajectory_accuracy,1.0,23,results/evidence/support_hole/results.json,/results/11/arms/State/shallow_validation/depth_1/exact_trajectory_accuracy,development_validation,fraction
support_hole,HardTransition,random_16_state_8_rule_permutation,State,seen_validation,1,23,answer_accuracy,1.0,23,results/evidence/support_hole/results.json,/results/23/arms/State/shallow_validation/depth_1/accuracy,development_validation,fraction
support_hole,HardTransition,random_16_state_8_rule_permutation,State,seen_validation,1,23,exact_trajectory_accuracy,1.0,23,results/evidence/support_hole/results.json,/results/23/arms/State/shallow_validation/depth_1/exact_trajectory_accuracy,development_validation,fraction
support_hole,HardTransition,random_16_state_8_rule_permutation,State,seen_validation,1,37,answer_accuracy,1.0,23,results/evidence/support_hole/results.json,/results/37/arms/State/shallow_validation/depth_1/accuracy,development_validation,fraction
support_hole,HardTransition,random_16_state_8_rule_permutation,State,seen_validation,1,37,exact_trajectory_accuracy,1.0,23,results/evidence/support_hole/results.json,/results/37/arms/State/shallow_validation/depth_1/exact_trajectory_accuracy,development_validation,fraction
support_hole,HardTransition,random_16_state_8_rule_permutation,State,seen_validation,1,41,answer_accuracy,1.0,23,results/evidence/support_hole/results.json,/results/41/arms/State/shallow_validation/depth_1/accuracy,development_validation,fraction
support_hole,HardTransition,random_16_state_8_rule_permutation,State,seen_validation,1,41,exact_trajectory_accuracy,1.0,23,results/evidence/support_hole/results.json,/results/41/arms/State/shallow_validation/depth_1/exact_trajectory_accuracy,development_validation,fraction
support_hole,HardTransition,random_16_state_8_rule_permutation,State,seen_validation,1,53,answer_accuracy,1.0,23,results/evidence/support_hole/results.json,/results/53/arms/State/shallow_validation/depth_1/accuracy,development_validation,fraction
support_hole,HardTransition,random_16_state_8_rule_permutation,State,seen_validation,1,53,exact_trajectory_accuracy,1.0,23,results/evidence/support_hole/results.json,/results/53/arms/State/shallow_validation/depth_1/exact_trajectory_accuracy,development_validation,fraction
support_hole,HardTransition,random_16_state_8_rule_permutation,State,seen_validation,2,11,answer_accuracy,1.0,89,results/evidence/support_hole/results.json,/results/11/arms/State/shallow_validation/depth_2/accuracy,development_validation,fraction
support_hole,HardTransition,random_16_state_8_rule_permutation,State,seen_validation,2,11,exact_trajectory_accuracy,1.0,89,results/evidence/support_hole/results.json,/results/11/arms/State/shallow_validation/depth_2/exact_trajectory_accuracy,development_validation,fraction
support_hole,HardTransition,random_16_state_8_rule_permutation,State,seen_validation,2,23,answer_accuracy,1.0,89,results/evidence/support_hole/results.json,/results/23/arms/State/shallow_validation/depth_2/accuracy,development_validation,fraction
support_hole,HardTransition,random_16_state_8_rule_permutation,State,seen_validation,2,23,exact_trajectory_accuracy,1.0,89,results/evidence/support_hole/results.json,/results/23/arms/State/shallow_validation/depth_2/exact_trajectory_accuracy,development_validation,fraction
support_hole,HardTransition,random_16_state_8_rule_permutation,State,seen_validation,2,37,answer_accuracy,1.0,89,results/evidence/support_hole/results.json,/results/37/arms/State/shallow_validation/depth_2/accuracy,development_validation,fraction
support_hole,HardTransition,random_16_state_8_rule_permutation,State,seen_validation,2,37,exact_trajectory_accuracy,1.0,89,results/evidence/support_hole/results.json,/results/37/arms/State/shallow_validation/depth_2/exact_trajectory_accuracy,development_validation,fraction
support_hole,HardTransition,random_16_state_8_rule_permutation,State,seen_validation,2,41,answer_accuracy,1.0,89,results/evidence/support_hole/results.json,/results/41/arms/State/shallow_validation/depth_2/accuracy,development_validation,fraction
support_hole,HardTransition,random_16_state_8_rule_permutation,State,seen_validation,2,41,exact_trajectory_accuracy,1.0,89,results/evidence/support_hole/results.json,/results/41/arms/State/shallow_validation/depth_2/exact_trajectory_accuracy,development_validation,fraction
support_hole,HardTransition,random_16_state_8_rule_permutation,State,seen_validation,2,53,answer_accuracy,1.0,89,results/evidence/support_hole/results.json,/results/53/arms/State/shallow_validation/depth_2/accuracy,development_validation,fraction
support_hole,HardTransition,random_16_state_8_rule_permutation,State,seen_validation,2,53,exact_trajectory_accuracy,1.0,89,results/evidence/support_hole/results.json,/results/53/arms/State/shallow_validation/depth_2/exact_trajectory_accuracy,development_validation,fraction
support_hole,HardTransition,random_16_state_8_rule_permutation,State,seen_validation,3,11,answer_accuracy,1.0,577,results/evidence/support_hole/results.json,/results/11/arms/State/shallow_validation/depth_3/accuracy,development_validation,fraction
support_hole,HardTransition,random_16_state_8_rule_permutation,State,seen_validation,3,11,exact_trajectory_accuracy,1.0,577,results/evidence/support_hole/results.json,/results/11/arms/State/shallow_validation/depth_3/exact_trajectory_accuracy,development_validation,fraction
support_hole,HardTransition,random_16_state_8_rule_permutation,State,seen_validation,3,23,answer_accuracy,1.0,577,results/evidence/support_hole/results.json,/results/23/arms/State/shallow_validation/depth_3/accuracy,development_validation,fraction
support_hole,HardTransition,random_16_state_8_rule_permutation,State,seen_validation,3,23,exact_trajectory_accuracy,1.0,577,results/evidence/support_hole/results.json,/results/23/arms/State/shallow_validation/depth_3/exact_trajectory_accuracy,development_validation,fraction
support_hole,HardTransition,random_16_state_8_rule_permutation,State,seen_validation,3,37,answer_accuracy,1.0,577,results/evidence/support_hole/results.json,/results/37/arms/State/shallow_validation/depth_3/accuracy,development_validation,fraction
support_hole,HardTransition,random_16_state_8_rule_permutation,State,seen_validation,3,37,exact_trajectory_accuracy,1.0,577,results/evidence/support_hole/results.json,/results/37/arms/State/shallow_validation/depth_3/exact_trajectory_accuracy,development_validation,fraction
support_hole,HardTransition,random_16_state_8_rule_permutation,State,seen_validation,3,41,answer_accuracy,1.0,577,results/evidence/support_hole/results.json,/results/41/arms/State/shallow_validation/depth_3/accuracy,development_validation,fraction
support_hole,HardTransition,random_16_state_8_rule_permutation,State,seen_validation,3,41,exact_trajectory_accuracy,1.0,577,results/evidence/support_hole/results.json,/results/41/arms/State/shallow_validation/depth_3/exact_trajectory_accuracy,development_validation,fraction
support_hole,HardTransition,random_16_state_8_rule_permutation,State,seen_validation,3,53,answer_accuracy,1.0,577,results/evidence/support_hole/results.json,/results/53/arms/State/shallow_validation/depth_3/accuracy,development_validation,fraction
support_hole,HardTransition,random_16_state_8_rule_permutation,State,seen_validation,3,53,exact_trajectory_accuracy,1.0,577,results/evidence/support_hole/results.json,/results/53/arms/State/shallow_validation/depth_3/exact_trajectory_accuracy,development_validation,fraction
support_hole,HardTransition,random_16_state_8_rule_permutation,State,test_hole_steps_0,10,11,answer_accuracy,1.0,256,results/evidence/support_hole/results.json,/results/11/arms/State/long_programs/depth_10_holes_0/accuracy,controlled_test,fraction
support_hole,HardTransition,random_16_state_8_rule_permutation,State,test_hole_steps_0,10,11,exact_trajectory_accuracy,1.0,256,results/evidence/support_hole/results.json,/results/11/arms/State/long_programs/depth_10_holes_0/exact_trajectory_accuracy,controlled_test,fraction
support_hole,HardTransition,random_16_state_8_rule_permutation,State,test_hole_steps_0,10,23,answer_accuracy,1.0,256,results/evidence/support_hole/results.json,/results/23/arms/State/long_programs/depth_10_holes_0/accuracy,controlled_test,fraction
support_hole,HardTransition,random_16_state_8_rule_permutation,State,test_hole_steps_0,10,23,exact_trajectory_accuracy,1.0,256,results/evidence/support_hole/results.json,/results/23/arms/State/long_programs/depth_10_holes_0/exact_trajectory_accuracy,controlled_test,fraction
support_hole,HardTransition,random_16_state_8_rule_permutation,State,test_hole_steps_0,10,37,answer_accuracy,1.0,256,results/evidence/support_hole/results.json,/results/37/arms/State/long_programs/depth_10_holes_0/accuracy,controlled_test,fraction
support_hole,HardTransition,random_16_state_8_rule_permutation,State,test_hole_steps_0,10,37,exact_trajectory_accuracy,1.0,256,results/evidence/support_hole/results.json,/results/37/arms/State/long_programs/depth_10_holes_0/exact_trajectory_accuracy,controlled_test,fraction
support_hole,HardTransition,random_16_state_8_rule_permutation,State,test_hole_steps_0,10,41,answer_accuracy,1.0,256,results/evidence/support_hole/results.json,/results/41/arms/State/long_programs/depth_10_holes_0/accuracy,controlled_test,fraction
support_hole,HardTransition,random_16_state_8_rule_permutation,State,test_hole_steps_0,10,41,exact_trajectory_accuracy,1.0,256,results/evidence/support_hole/results.json,/results/41/arms/State/long_programs/depth_10_holes_0/exact_trajectory_accuracy,controlled_test,fraction
support_hole,HardTransition,random_16_state_8_rule_permutation,State,test_hole_steps_0,10,53,answer_accuracy,1.0,256,results/evidence/support_hole/results.json,/results/53/arms/State/long_programs/depth_10_holes_0/accuracy,controlled_test,fraction
support_hole,HardTransition,random_16_state_8_rule_permutation,State,test_hole_steps_0,10,53,exact_trajectory_accuracy,1.0,256,results/evidence/support_hole/results.json,/results/53/arms/State/long_programs/depth_10_holes_0/exact_trajectory_accuracy,controlled_test,fraction
support_hole,HardTransition,random_16_state_8_rule_permutation,State,test_hole_steps_0,4,11,answer_accuracy,1.0,256,results/evidence/support_hole/results.json,/results/11/arms/State/long_programs/depth_4_holes_0/accuracy,controlled_test,fraction
support_hole,HardTransition,random_16_state_8_rule_permutation,State,test_hole_steps_0,4,11,exact_trajectory_accuracy,1.0,256,results/evidence/support_hole/results.json,/results/11/arms/State/long_programs/depth_4_holes_0/exact_trajectory_accuracy,controlled_test,fraction
support_hole,HardTransition,random_16_state_8_rule_permutation,State,test_hole_steps_0,4,23,answer_accuracy,1.0,256,results/evidence/support_hole/results.json,/results/23/arms/State/long_programs/depth_4_holes_0/accuracy,controlled_test,fraction
support_hole,HardTransition,random_16_state_8_rule_permutation,State,test_hole_steps_0,4,23,exact_trajectory_accuracy,1.0,256,results/evidence/support_hole/results.json,/results/23/arms/State/long_programs/depth_4_holes_0/exact_trajectory_accuracy,controlled_test,fraction
support_hole,HardTransition,random_16_state_8_rule_permutation,State,test_hole_steps_0,4,37,answer_accuracy,1.0,256,results/evidence/support_hole/results.json,/results/37/arms/State/long_programs/depth_4_holes_0/accuracy,controlled_test,fraction
support_hole,HardTransition,random_16_state_8_rule_permutation,State,test_hole_steps_0,4,37,exact_trajectory_accuracy,1.0,256,results/evidence/support_hole/results.json,/results/37/arms/State/long_programs/depth_4_holes_0/exact_trajectory_accuracy,controlled_test,fraction
support_hole,HardTransition,random_16_state_8_rule_permutation,State,test_hole_steps_0,4,41,answer_accuracy,1.0,256,results/evidence/support_hole/results.json,/results/41/arms/State/long_programs/depth_4_holes_0/accuracy,controlled_test,fraction
support_hole,HardTransition,random_16_state_8_rule_permutation,State,test_hole_steps_0,4,41,exact_trajectory_accuracy,1.0,256,results/evidence/support_hole/results.json,/results/41/arms/State/long_programs/depth_4_holes_0/exact_trajectory_accuracy,controlled_test,fraction
support_hole,HardTransition,random_16_state_8_rule_permutation,State,test_hole_steps_0,4,53,answer_accuracy,1.0,256,results/evidence/support_hole/results.json,/results/53/arms/State/long_programs/depth_4_holes_0/accuracy,controlled_test,fraction
support_hole,HardTransition,random_16_state_8_rule_permutation,State,test_hole_steps_0,4,53,exact_trajectory_accuracy,1.0,256,results/evidence/support_hole/results.json,/results/53/arms/State/long_programs/depth_4_holes_0/exact_trajectory_accuracy,controlled_test,fraction
support_hole,HardTransition,random_16_state_8_rule_permutation,State,test_hole_steps_0,5,11,answer_accuracy,1.0,256,results/evidence/support_hole/results.json,/results/11/arms/State/long_programs/depth_5_holes_0/accuracy,controlled_test,fraction
support_hole,HardTransition,random_16_state_8_rule_permutation,State,test_hole_steps_0,5,11,exact_trajectory_accuracy,1.0,256,results/evidence/support_hole/results.json,/results/11/arms/State/long_programs/depth_5_holes_0/exact_trajectory_accuracy,controlled_test,fraction
support_hole,HardTransition,random_16_state_8_rule_permutation,State,test_hole_steps_0,5,23,answer_accuracy,1.0,256,results/evidence/support_hole/results.json,/results/23/arms/State/long_programs/depth_5_holes_0/accuracy,controlled_test,fraction
support_hole,HardTransition,random_16_state_8_rule_permutation,State,test_hole_steps_0,5,23,exact_trajectory_accuracy,1.0,256,results/evidence/support_hole/results.json,/results/23/arms/State/long_programs/depth_5_holes_0/exact_trajectory_accuracy,controlled_test,fraction
support_hole,HardTransition,random_16_state_8_rule_permutation,State,test_hole_steps_0,5,37,answer_accuracy,1.0,256,results/evidence/support_hole/results.json,/results/37/arms/State/long_programs/depth_5_holes_0/accuracy,controlled_test,fraction
support_hole,HardTransition,random_16_state_8_rule_permutation,State,test_hole_steps_0,5,37,exact_trajectory_accuracy,1.0,256,results/evidence/support_hole/results.json,/results/37/arms/State/long_programs/depth_5_holes_0/exact_trajectory_accuracy,controlled_test,fraction
support_hole,HardTransition,random_16_state_8_rule_permutation,State,test_hole_steps_0,5,41,answer_accuracy,1.0,256,results/evidence/support_hole/results.json,/results/41/arms/State/long_programs/depth_5_holes_0/accuracy,controlled_test,fraction
support_hole,HardTransition,random_16_state_8_rule_permutation,State,test_hole_steps_0,5,41,exact_trajectory_accuracy,1.0,256,results/evidence/support_hole/results.json,/results/41/arms/State/long_programs/depth_5_holes_0/exact_trajectory_accuracy,controlled_test,fraction
support_hole,HardTransition,random_16_state_8_rule_permutation,State,test_hole_steps_0,5,53,answer_accuracy,1.0,256,results/evidence/support_hole/results.json,/results/53/arms/State/long_programs/depth_5_holes_0/accuracy,controlled_test,fraction
support_hole,HardTransition,random_16_state_8_rule_permutation,State,test_hole_steps_0,5,53,exact_trajectory_accuracy,1.0,256,results/evidence/support_hole/results.json,/results/53/arms/State/long_programs/depth_5_holes_0/exact_trajectory_accuracy,controlled_test,fraction
support_hole,HardTransition,random_16_state_8_rule_permutation,State,test_hole_steps_0,6,11,answer_accuracy,1.0,256,results/evidence/support_hole/results.json,/results/11/arms/State/long_programs/depth_6_holes_0/accuracy,controlled_test,fraction
support_hole,HardTransition,random_16_state_8_rule_permutation,State,test_hole_steps_0,6,11,exact_trajectory_accuracy,1.0,256,results/evidence/support_hole/results.json,/results/11/arms/State/long_programs/depth_6_holes_0/exact_trajectory_accuracy,controlled_test,fraction
support_hole,HardTransition,random_16_state_8_rule_permutation,State,test_hole_steps_0,6,23,answer_accuracy,1.0,256,results/evidence/support_hole/results.json,/results/23/arms/State/long_programs/depth_6_holes_0/accuracy,controlled_test,fraction
support_hole,HardTransition,random_16_state_8_rule_permutation,State,test_hole_steps_0,6,23,exact_trajectory_accuracy,1.0,256,results/evidence/support_hole/results.json,/results/23/arms/State/long_programs/depth_6_holes_0/exact_trajectory_accuracy,controlled_test,fraction
support_hole,HardTransition,random_16_state_8_rule_permutation,State,test_hole_steps_0,6,37,answer_accuracy,1.0,256,results/evidence/support_hole/results.json,/results/37/arms/State/long_programs/depth_6_holes_0/accuracy,controlled_test,fraction
support_hole,HardTransition,random_16_state_8_rule_permutation,State,test_hole_steps_0,6,37,exact_trajectory_accuracy,1.0,256,results/evidence/support_hole/results.json,/results/37/arms/State/long_programs/depth_6_holes_0/exact_trajectory_accuracy,controlled_test,fraction
support_hole,HardTransition,random_16_state_8_rule_permutation,State,test_hole_steps_0,6,41,answer_accuracy,1.0,256,results/evidence/support_hole/results.json,/results/41/arms/State/long_programs/depth_6_holes_0/accuracy,controlled_test,fraction
support_hole,HardTransition,random_16_state_8_rule_permutation,State,test_hole_steps_0,6,41,exact_trajectory_accuracy,1.0,256,results/evidence/support_hole/results.json,/results/41/arms/State/long_programs/depth_6_holes_0/exact_trajectory_accuracy,controlled_test,fraction
support_hole,HardTransition,random_16_state_8_rule_permutation,State,test_hole_steps_0,6,53,answer_accuracy,1.0,256,results/evidence/support_hole/results.json,/results/53/arms/State/long_programs/depth_6_holes_0/accuracy,controlled_test,fraction
support_hole,HardTransition,random_16_state_8_rule_permutation,State,test_hole_steps_0,6,53,exact_trajectory_accuracy,1.0,256,results/evidence/support_hole/results.json,/results/53/arms/State/long_programs/depth_6_holes_0/exact_trajectory_accuracy,controlled_test,fraction
support_hole,HardTransition,random_16_state_8_rule_permutation,State,test_hole_steps_0,8,11,answer_accuracy,1.0,256,results/evidence/support_hole/results.json,/results/11/arms/State/long_programs/depth_8_holes_0/accuracy,controlled_test,fraction
support_hole,HardTransition,random_16_state_8_rule_permutation,State,test_hole_steps_0,8,11,exact_trajectory_accuracy,1.0,256,results/evidence/support_hole/results.json,/results/11/arms/State/long_programs/depth_8_holes_0/exact_trajectory_accuracy,controlled_test,fraction
support_hole,HardTransition,random_16_state_8_rule_permutation,State,test_hole_steps_0,8,23,answer_accuracy,1.0,256,results/evidence/support_hole/results.json,/results/23/arms/State/long_programs/depth_8_holes_0/accuracy,controlled_test,fraction
support_hole,HardTransition,random_16_state_8_rule_permutation,State,test_hole_steps_0,8,23,exact_trajectory_accuracy,1.0,256,results/evidence/support_hole/results.json,/results/23/arms/State/long_programs/depth_8_holes_0/exact_trajectory_accuracy,controlled_test,fraction
support_hole,HardTransition,random_16_state_8_rule_permutation,State,test_hole_steps_0,8,37,answer_accuracy,1.0,256,results/evidence/support_hole/results.json,/results/37/arms/State/long_programs/depth_8_holes_0/accuracy,controlled_test,fraction
support_hole,HardTransition,random_16_state_8_rule_permutation,State,test_hole_steps_0,8,37,exact_trajectory_accuracy,1.0,256,results/evidence/support_hole/results.json,/results/37/arms/State/long_programs/depth_8_holes_0/exact_trajectory_accuracy,controlled_test,fraction
support_hole,HardTransition,random_16_state_8_rule_permutation,State,test_hole_steps_0,8,41,answer_accuracy,1.0,256,results/evidence/support_hole/results.json,/results/41/arms/State/long_programs/depth_8_holes_0/accuracy,controlled_test,fraction
support_hole,HardTransition,random_16_state_8_rule_permutation,State,test_hole_steps_0,8,41,exact_trajectory_accuracy,1.0,256,results/evidence/support_hole/results.json,/results/41/arms/State/long_programs/depth_8_holes_0/exact_trajectory_accuracy,controlled_test,fraction
support_hole,HardTransition,random_16_state_8_rule_permutation,State,test_hole_steps_0,8,53,answer_accuracy,1.0,256,results/evidence/support_hole/results.json,/results/53/arms/State/long_programs/depth_8_holes_0/accuracy,controlled_test,fraction
support_hole,HardTransition,random_16_state_8_rule_permutation,State,test_hole_steps_0,8,53,exact_trajectory_accuracy,1.0,256,results/evidence/support_hole/results.json,/results/53/arms/State/long_programs/depth_8_holes_0/exact_trajectory_accuracy,controlled_test,fraction
support_hole,HardTransition,random_16_state_8_rule_permutation,State,test_hole_steps_1,10,11,answer_accuracy,0.07421875,256,results/evidence/support_hole/results.json,/results/11/arms/State/long_programs/depth_10_holes_1/accuracy,controlled_test,fraction
support_hole,HardTransition,random_16_state_8_rule_permutation,State,test_hole_steps_1,10,11,exact_trajectory_accuracy,0.0,256,results/evidence/support_hole/results.json,/results/11/arms/State/long_programs/depth_10_holes_1/exact_trajectory_accuracy,controlled_test,fraction
support_hole,HardTransition,random_16_state_8_rule_permutation,State,test_hole_steps_1,10,23,answer_accuracy,0.1015625,256,results/evidence/support_hole/results.json,/results/23/arms/State/long_programs/depth_10_holes_1/accuracy,controlled_test,fraction
support_hole,HardTransition,random_16_state_8_rule_permutation,State,test_hole_steps_1,10,23,exact_trajectory_accuracy,0.01171875,256,results/evidence/support_hole/results.json,/results/23/arms/State/long_programs/depth_10_holes_1/exact_trajectory_accuracy,controlled_test,fraction
support_hole,HardTransition,random_16_state_8_rule_permutation,State,test_hole_steps_1,10,37,answer_accuracy,0.1015625,256,results/evidence/support_hole/results.json,/results/37/arms/State/long_programs/depth_10_holes_1/accuracy,controlled_test,fraction
support_hole,HardTransition,random_16_state_8_rule_permutation,State,test_hole_steps_1,10,37,exact_trajectory_accuracy,0.0,256,results/evidence/support_hole/results.json,/results/37/arms/State/long_programs/depth_10_holes_1/exact_trajectory_accuracy,controlled_test,fraction
support_hole,HardTransition,random_16_state_8_rule_permutation,State,test_hole_steps_1,10,41,answer_accuracy,0.1015625,256,results/evidence/support_hole/results.json,/results/41/arms/State/long_programs/depth_10_holes_1/accuracy,controlled_test,fraction
support_hole,HardTransition,random_16_state_8_rule_permutation,State,test_hole_steps_1,10,41,exact_trajectory_accuracy,0.01171875,256,results/evidence/support_hole/results.json,/results/41/arms/State/long_programs/depth_10_holes_1/exact_trajectory_accuracy,controlled_test,fraction
support_hole,HardTransition,random_16_state_8_rule_permutation,State,test_hole_steps_1,10,53,answer_accuracy,0.08984375,256,results/evidence/support_hole/results.json,/results/53/arms/State/long_programs/depth_10_holes_1/accuracy,controlled_test,fraction
support_hole,HardTransition,random_16_state_8_rule_permutation,State,test_hole_steps_1,10,53,exact_trajectory_accuracy,0.0,256,results/evidence/support_hole/results.json,/results/53/arms/State/long_programs/depth_10_holes_1/exact_trajectory_accuracy,controlled_test,fraction
support_hole,HardTransition,random_16_state_8_rule_permutation,State,test_hole_steps_1,4,11,answer_accuracy,0.03125,256,results/evidence/support_hole/results.json,/results/11/arms/State/long_programs/depth_4_holes_1/accuracy,controlled_test,fraction
support_hole,HardTransition,random_16_state_8_rule_permutation,State,test_hole_steps_1,4,11,exact_trajectory_accuracy,0.0,256,results/evidence/support_hole/results.json,/results/11/arms/State/long_programs/depth_4_holes_1/exact_trajectory_accuracy,controlled_test,fraction
support_hole,HardTransition,random_16_state_8_rule_permutation,State,test_hole_steps_1,4,23,answer_accuracy,0.046875,256,results/evidence/support_hole/results.json,/results/23/arms/State/long_programs/depth_4_holes_1/accuracy,controlled_test,fraction
support_hole,HardTransition,random_16_state_8_rule_permutation,State,test_hole_steps_1,4,23,exact_trajectory_accuracy,0.0234375,256,results/evidence/support_hole/results.json,/results/23/arms/State/long_programs/depth_4_holes_1/exact_trajectory_accuracy,controlled_test,fraction
support_hole,HardTransition,random_16_state_8_rule_permutation,State,test_hole_steps_1,4,37,answer_accuracy,0.03515625,256,results/evidence/support_hole/results.json,/results/37/arms/State/long_programs/depth_4_holes_1/accuracy,controlled_test,fraction
support_hole,HardTransition,random_16_state_8_rule_permutation,State,test_hole_steps_1,4,37,exact_trajectory_accuracy,0.0,256,results/evidence/support_hole/results.json,/results/37/arms/State/long_programs/depth_4_holes_1/exact_trajectory_accuracy,controlled_test,fraction
support_hole,HardTransition,random_16_state_8_rule_permutation,State,test_hole_steps_1,4,41,answer_accuracy,0.0625,256,results/evidence/support_hole/results.json,/results/41/arms/State/long_programs/depth_4_holes_1/accuracy,controlled_test,fraction
support_hole,HardTransition,random_16_state_8_rule_permutation,State,test_hole_steps_1,4,41,exact_trajectory_accuracy,0.0234375,256,results/evidence/support_hole/results.json,/results/41/arms/State/long_programs/depth_4_holes_1/exact_trajectory_accuracy,controlled_test,fraction
support_hole,HardTransition,random_16_state_8_rule_permutation,State,test_hole_steps_1,4,53,answer_accuracy,0.02734375,256,results/evidence/support_hole/results.json,/results/53/arms/State/long_programs/depth_4_holes_1/accuracy,controlled_test,fraction
support_hole,HardTransition,random_16_state_8_rule_permutation,State,test_hole_steps_1,4,53,exact_trajectory_accuracy,0.0,256,results/evidence/support_hole/results.json,/results/53/arms/State/long_programs/depth_4_holes_1/exact_trajectory_accuracy,controlled_test,fraction
support_hole,HardTransition,random_16_state_8_rule_permutation,State,test_hole_steps_1,5,11,answer_accuracy,0.03515625,256,results/evidence/support_hole/results.json,/results/11/arms/State/long_programs/depth_5_holes_1/accuracy,controlled_test,fraction
support_hole,HardTransition,random_16_state_8_rule_permutation,State,test_hole_steps_1,5,11,exact_trajectory_accuracy,0.0,256,results/evidence/support_hole/results.json,/results/11/arms/State/long_programs/depth_5_holes_1/exact_trajectory_accuracy,controlled_test,fraction
support_hole,HardTransition,random_16_state_8_rule_permutation,State,test_hole_steps_1,5,23,answer_accuracy,0.05078125,256,results/evidence/support_hole/results.json,/results/23/arms/State/long_programs/depth_5_holes_1/accuracy,controlled_test,fraction
support_hole,HardTransition,random_16_state_8_rule_permutation,State,test_hole_steps_1,5,23,exact_trajectory_accuracy,0.015625,256,results/evidence/support_hole/results.json,/results/23/arms/State/long_programs/depth_5_holes_1/exact_trajectory_accuracy,controlled_test,fraction
support_hole,HardTransition,random_16_state_8_rule_permutation,State,test_hole_steps_1,5,37,answer_accuracy,0.02734375,256,results/evidence/support_hole/results.json,/results/37/arms/State/long_programs/depth_5_holes_1/accuracy,controlled_test,fraction
support_hole,HardTransition,random_16_state_8_rule_permutation,State,test_hole_steps_1,5,37,exact_trajectory_accuracy,0.0,256,results/evidence/support_hole/results.json,/results/37/arms/State/long_programs/depth_5_holes_1/exact_trajectory_accuracy,controlled_test,fraction
support_hole,HardTransition,random_16_state_8_rule_permutation,State,test_hole_steps_1,5,41,answer_accuracy,0.06640625,256,results/evidence/support_hole/results.json,/results/41/arms/State/long_programs/depth_5_holes_1/accuracy,controlled_test,fraction
support_hole,HardTransition,random_16_state_8_rule_permutation,State,test_hole_steps_1,5,41,exact_trajectory_accuracy,0.015625,256,results/evidence/support_hole/results.json,/results/41/arms/State/long_programs/depth_5_holes_1/exact_trajectory_accuracy,controlled_test,fraction
support_hole,HardTransition,random_16_state_8_rule_permutation,State,test_hole_steps_1,5,53,answer_accuracy,0.04296875,256,results/evidence/support_hole/results.json,/results/53/arms/State/long_programs/depth_5_holes_1/accuracy,controlled_test,fraction
support_hole,HardTransition,random_16_state_8_rule_permutation,State,test_hole_steps_1,5,53,exact_trajectory_accuracy,0.0,256,results/evidence/support_hole/results.json,/results/53/arms/State/long_programs/depth_5_holes_1/exact_trajectory_accuracy,controlled_test,fraction
support_hole,HardTransition,random_16_state_8_rule_permutation,State,test_hole_steps_1,6,11,answer_accuracy,0.0625,256,results/evidence/support_hole/results.json,/results/11/arms/State/long_programs/depth_6_holes_1/accuracy,controlled_test,fraction
support_hole,HardTransition,random_16_state_8_rule_permutation,State,test_hole_steps_1,6,11,exact_trajectory_accuracy,0.0,256,results/evidence/support_hole/results.json,/results/11/arms/State/long_programs/depth_6_holes_1/exact_trajectory_accuracy,controlled_test,fraction
support_hole,HardTransition,random_16_state_8_rule_permutation,State,test_hole_steps_1,6,23,answer_accuracy,0.11328125,256,results/evidence/support_hole/results.json,/results/23/arms/State/long_programs/depth_6_holes_1/accuracy,controlled_test,fraction
support_hole,HardTransition,random_16_state_8_rule_permutation,State,test_hole_steps_1,6,23,exact_trajectory_accuracy,0.02734375,256,results/evidence/support_hole/results.json,/results/23/arms/State/long_programs/depth_6_holes_1/exact_trajectory_accuracy,controlled_test,fraction
support_hole,HardTransition,random_16_state_8_rule_permutation,State,test_hole_steps_1,6,37,answer_accuracy,0.0703125,256,results/evidence/support_hole/results.json,/results/37/arms/State/long_programs/depth_6_holes_1/accuracy,controlled_test,fraction
support_hole,HardTransition,random_16_state_8_rule_permutation,State,test_hole_steps_1,6,37,exact_trajectory_accuracy,0.0,256,results/evidence/support_hole/results.json,/results/37/arms/State/long_programs/depth_6_holes_1/exact_trajectory_accuracy,controlled_test,fraction
support_hole,HardTransition,random_16_state_8_rule_permutation,State,test_hole_steps_1,6,41,answer_accuracy,0.1171875,256,results/evidence/support_hole/results.json,/results/41/arms/State/long_programs/depth_6_holes_1/accuracy,controlled_test,fraction
support_hole,HardTransition,random_16_state_8_rule_permutation,State,test_hole_steps_1,6,41,exact_trajectory_accuracy,0.02734375,256,results/evidence/support_hole/results.json,/results/41/arms/State/long_programs/depth_6_holes_1/exact_trajectory_accuracy,controlled_test,fraction
support_hole,HardTransition,random_16_state_8_rule_permutation,State,test_hole_steps_1,6,53,answer_accuracy,0.06640625,256,results/evidence/support_hole/results.json,/results/53/arms/State/long_programs/depth_6_holes_1/accuracy,controlled_test,fraction
support_hole,HardTransition,random_16_state_8_rule_permutation,State,test_hole_steps_1,6,53,exact_trajectory_accuracy,0.0,256,results/evidence/support_hole/results.json,/results/53/arms/State/long_programs/depth_6_holes_1/exact_trajectory_accuracy,controlled_test,fraction
support_hole,HardTransition,random_16_state_8_rule_permutation,State,test_hole_steps_1,8,11,answer_accuracy,0.07421875,256,results/evidence/support_hole/results.json,/results/11/arms/State/long_programs/depth_8_holes_1/accuracy,controlled_test,fraction
support_hole,HardTransition,random_16_state_8_rule_permutation,State,test_hole_steps_1,8,11,exact_trajectory_accuracy,0.0,256,results/evidence/support_hole/results.json,/results/11/arms/State/long_programs/depth_8_holes_1/exact_trajectory_accuracy,controlled_test,fraction
support_hole,HardTransition,random_16_state_8_rule_permutation,State,test_hole_steps_1,8,23,answer_accuracy,0.1015625,256,results/evidence/support_hole/results.json,/results/23/arms/State/long_programs/depth_8_holes_1/accuracy,controlled_test,fraction
support_hole,HardTransition,random_16_state_8_rule_permutation,State,test_hole_steps_1,8,23,exact_trajectory_accuracy,0.03125,256,results/evidence/support_hole/results.json,/results/23/arms/State/long_programs/depth_8_holes_1/exact_trajectory_accuracy,controlled_test,fraction
support_hole,HardTransition,random_16_state_8_rule_permutation,State,test_hole_steps_1,8,37,answer_accuracy,0.09375,256,results/evidence/support_hole/results.json,/results/37/arms/State/long_programs/depth_8_holes_1/accuracy,controlled_test,fraction
support_hole,HardTransition,random_16_state_8_rule_permutation,State,test_hole_steps_1,8,37,exact_trajectory_accuracy,0.0,256,results/evidence/support_hole/results.json,/results/37/arms/State/long_programs/depth_8_holes_1/exact_trajectory_accuracy,controlled_test,fraction
support_hole,HardTransition,random_16_state_8_rule_permutation,State,test_hole_steps_1,8,41,answer_accuracy,0.1171875,256,results/evidence/support_hole/results.json,/results/41/arms/State/long_programs/depth_8_holes_1/accuracy,controlled_test,fraction
support_hole,HardTransition,random_16_state_8_rule_permutation,State,test_hole_steps_1,8,41,exact_trajectory_accuracy,0.03125,256,results/evidence/support_hole/results.json,/results/41/arms/State/long_programs/depth_8_holes_1/exact_trajectory_accuracy,controlled_test,fraction
support_hole,HardTransition,random_16_state_8_rule_permutation,State,test_hole_steps_1,8,53,answer_accuracy,0.11328125,256,results/evidence/support_hole/results.json,/results/53/arms/State/long_programs/depth_8_holes_1/accuracy,controlled_test,fraction
support_hole,HardTransition,random_16_state_8_rule_permutation,State,test_hole_steps_1,8,53,exact_trajectory_accuracy,0.0,256,results/evidence/support_hole/results.json,/results/53/arms/State/long_programs/depth_8_holes_1/exact_trajectory_accuracy,controlled_test,fraction
support_hole,HardTransition,random_16_state_8_rule_permutation,State,test_hole_steps_2,10,11,answer_accuracy,0.0625,256,results/evidence/support_hole/results.json,/results/11/arms/State/long_programs/depth_10_holes_2/accuracy,controlled_test,fraction
support_hole,HardTransition,random_16_state_8_rule_permutation,State,test_hole_steps_2,10,11,exact_trajectory_accuracy,0.0,256,results/evidence/support_hole/results.json,/results/11/arms/State/long_programs/depth_10_holes_2/exact_trajectory_accuracy,controlled_test,fraction
support_hole,HardTransition,random_16_state_8_rule_permutation,State,test_hole_steps_2,10,23,answer_accuracy,0.078125,256,results/evidence/support_hole/results.json,/results/23/arms/State/long_programs/depth_10_holes_2/accuracy,controlled_test,fraction
support_hole,HardTransition,random_16_state_8_rule_permutation,State,test_hole_steps_2,10,23,exact_trajectory_accuracy,0.0,256,results/evidence/support_hole/results.json,/results/23/arms/State/long_programs/depth_10_holes_2/exact_trajectory_accuracy,controlled_test,fraction
support_hole,HardTransition,random_16_state_8_rule_permutation,State,test_hole_steps_2,10,37,answer_accuracy,0.09375,256,results/evidence/support_hole/results.json,/results/37/arms/State/long_programs/depth_10_holes_2/accuracy,controlled_test,fraction
support_hole,HardTransition,random_16_state_8_rule_permutation,State,test_hole_steps_2,10,37,exact_trajectory_accuracy,0.0,256,results/evidence/support_hole/results.json,/results/37/arms/State/long_programs/depth_10_holes_2/exact_trajectory_accuracy,controlled_test,fraction
support_hole,HardTransition,random_16_state_8_rule_permutation,State,test_hole_steps_2,10,41,answer_accuracy,0.0703125,256,results/evidence/support_hole/results.json,/results/41/arms/State/long_programs/depth_10_holes_2/accuracy,controlled_test,fraction
support_hole,HardTransition,random_16_state_8_rule_permutation,State,test_hole_steps_2,10,41,exact_trajectory_accuracy,0.0,256,results/evidence/support_hole/results.json,/results/41/arms/State/long_programs/depth_10_holes_2/exact_trajectory_accuracy,controlled_test,fraction
support_hole,HardTransition,random_16_state_8_rule_permutation,State,test_hole_steps_2,10,53,answer_accuracy,0.09765625,256,results/evidence/support_hole/results.json,/results/53/arms/State/long_programs/depth_10_holes_2/accuracy,controlled_test,fraction
support_hole,HardTransition,random_16_state_8_rule_permutation,State,test_hole_steps_2,10,53,exact_trajectory_accuracy,0.0,256,results/evidence/support_hole/results.json,/results/53/arms/State/long_programs/depth_10_holes_2/exact_trajectory_accuracy,controlled_test,fraction
support_hole,HardTransition,random_16_state_8_rule_permutation,State,test_hole_steps_3,10,11,answer_accuracy,0.0625,256,results/evidence/support_hole/results.json,/results/11/arms/State/long_programs/depth_10_holes_3/accuracy,controlled_test,fraction
support_hole,HardTransition,random_16_state_8_rule_permutation,State,test_hole_steps_3,10,11,exact_trajectory_accuracy,0.0,256,results/evidence/support_hole/results.json,/results/11/arms/State/long_programs/depth_10_holes_3/exact_trajectory_accuracy,controlled_test,fraction
support_hole,HardTransition,random_16_state_8_rule_permutation,State,test_hole_steps_3,10,23,answer_accuracy,0.046875,256,results/evidence/support_hole/results.json,/results/23/arms/State/long_programs/depth_10_holes_3/accuracy,controlled_test,fraction
support_hole,HardTransition,random_16_state_8_rule_permutation,State,test_hole_steps_3,10,23,exact_trajectory_accuracy,0.0,256,results/evidence/support_hole/results.json,/results/23/arms/State/long_programs/depth_10_holes_3/exact_trajectory_accuracy,controlled_test,fraction
support_hole,HardTransition,random_16_state_8_rule_permutation,State,test_hole_steps_3,10,37,answer_accuracy,0.03515625,256,results/evidence/support_hole/results.json,/results/37/arms/State/long_programs/depth_10_holes_3/accuracy,controlled_test,fraction
support_hole,HardTransition,random_16_state_8_rule_permutation,State,test_hole_steps_3,10,37,exact_trajectory_accuracy,0.0,256,results/evidence/support_hole/results.json,/results/37/arms/State/long_programs/depth_10_holes_3/exact_trajectory_accuracy,controlled_test,fraction
support_hole,HardTransition,random_16_state_8_rule_permutation,State,test_hole_steps_3,10,41,answer_accuracy,0.0390625,256,results/evidence/support_hole/results.json,/results/41/arms/State/long_programs/depth_10_holes_3/accuracy,controlled_test,fraction
support_hole,HardTransition,random_16_state_8_rule_permutation,State,test_hole_steps_3,10,41,exact_trajectory_accuracy,0.0,256,results/evidence/support_hole/results.json,/results/41/arms/State/long_programs/depth_10_holes_3/exact_trajectory_accuracy,controlled_test,fraction
support_hole,HardTransition,random_16_state_8_rule_permutation,State,test_hole_steps_3,10,53,answer_accuracy,0.03515625,256,results/evidence/support_hole/results.json,/results/53/arms/State/long_programs/depth_10_holes_3/accuracy,controlled_test,fraction
support_hole,HardTransition,random_16_state_8_rule_permutation,State,test_hole_steps_3,10,53,exact_trajectory_accuracy,0.0,256,results/evidence/support_hole/results.json,/results/53/arms/State/long_programs/depth_10_holes_3/exact_trajectory_accuracy,controlled_test,fraction
support_hole,HardTransition,random_16_state_8_rule_permutation,State,test_hole_steps_4,10,11,answer_accuracy,0.0234375,256,results/evidence/support_hole/results.json,/results/11/arms/State/long_programs/depth_10_holes_4/accuracy,controlled_test,fraction
support_hole,HardTransition,random_16_state_8_rule_permutation,State,test_hole_steps_4,10,11,exact_trajectory_accuracy,0.0,256,results/evidence/support_hole/results.json,/results/11/arms/State/long_programs/depth_10_holes_4/exact_trajectory_accuracy,controlled_test,fraction
support_hole,HardTransition,random_16_state_8_rule_permutation,State,test_hole_steps_4,10,23,answer_accuracy,0.046875,256,results/evidence/support_hole/results.json,/results/23/arms/State/long_programs/depth_10_holes_4/accuracy,controlled_test,fraction
support_hole,HardTransition,random_16_state_8_rule_permutation,State,test_hole_steps_4,10,23,exact_trajectory_accuracy,0.0,256,results/evidence/support_hole/results.json,/results/23/arms/State/long_programs/depth_10_holes_4/exact_trajectory_accuracy,controlled_test,fraction
support_hole,HardTransition,random_16_state_8_rule_permutation,State,test_hole_steps_4,10,37,answer_accuracy,0.03125,256,results/evidence/support_hole/results.json,/results/37/arms/State/long_programs/depth_10_holes_4/accuracy,controlled_test,fraction
support_hole,HardTransition,random_16_state_8_rule_permutation,State,test_hole_steps_4,10,37,exact_trajectory_accuracy,0.0,256,results/evidence/support_hole/results.json,/results/37/arms/State/long_programs/depth_10_holes_4/exact_trajectory_accuracy,controlled_test,fraction
support_hole,HardTransition,random_16_state_8_rule_permutation,State,test_hole_steps_4,10,41,answer_accuracy,0.0234375,256,results/evidence/support_hole/results.json,/results/41/arms/State/long_programs/depth_10_holes_4/accuracy,controlled_test,fraction
support_hole,HardTransition,random_16_state_8_rule_permutation,State,test_hole_steps_4,10,41,exact_trajectory_accuracy,0.0,256,results/evidence/support_hole/results.json,/results/41/arms/State/long_programs/depth_10_holes_4/exact_trajectory_accuracy,controlled_test,fraction
support_hole,HardTransition,random_16_state_8_rule_permutation,State,test_hole_steps_4,10,53,answer_accuracy,0.0390625,256,results/evidence/support_hole/results.json,/results/53/arms/State/long_programs/depth_10_holes_4/accuracy,controlled_test,fraction
support_hole,HardTransition,random_16_state_8_rule_permutation,State,test_hole_steps_4,10,53,exact_trajectory_accuracy,0.0,256,results/evidence/support_hole/results.json,/results/53/arms/State/long_programs/depth_10_holes_4/exact_trajectory_accuracy,controlled_test,fraction
support_hole,HardTransition,random_16_state_8_rule_permutation,State,test_hole_steps_5,10,11,answer_accuracy,0.03515625,256,results/evidence/support_hole/results.json,/results/11/arms/State/long_programs/depth_10_holes_5/accuracy,controlled_test,fraction
support_hole,HardTransition,random_16_state_8_rule_permutation,State,test_hole_steps_5,10,11,exact_trajectory_accuracy,0.0,256,results/evidence/support_hole/results.json,/results/11/arms/State/long_programs/depth_10_holes_5/exact_trajectory_accuracy,controlled_test,fraction
support_hole,HardTransition,random_16_state_8_rule_permutation,State,test_hole_steps_5,10,23,answer_accuracy,0.0234375,256,results/evidence/support_hole/results.json,/results/23/arms/State/long_programs/depth_10_holes_5/accuracy,controlled_test,fraction
support_hole,HardTransition,random_16_state_8_rule_permutation,State,test_hole_steps_5,10,23,exact_trajectory_accuracy,0.0,256,results/evidence/support_hole/results.json,/results/23/arms/State/long_programs/depth_10_holes_5/exact_trajectory_accuracy,controlled_test,fraction
support_hole,HardTransition,random_16_state_8_rule_permutation,State,test_hole_steps_5,10,37,answer_accuracy,0.03125,256,results/evidence/support_hole/results.json,/results/37/arms/State/long_programs/depth_10_holes_5/accuracy,controlled_test,fraction
support_hole,HardTransition,random_16_state_8_rule_permutation,State,test_hole_steps_5,10,37,exact_trajectory_accuracy,0.0,256,results/evidence/support_hole/results.json,/results/37/arms/State/long_programs/depth_10_holes_5/exact_trajectory_accuracy,controlled_test,fraction
support_hole,HardTransition,random_16_state_8_rule_permutation,State,test_hole_steps_5,10,41,answer_accuracy,0.01953125,256,results/evidence/support_hole/results.json,/results/41/arms/State/long_programs/depth_10_holes_5/accuracy,controlled_test,fraction
support_hole,HardTransition,random_16_state_8_rule_permutation,State,test_hole_steps_5,10,41,exact_trajectory_accuracy,0.0,256,results/evidence/support_hole/results.json,/results/41/arms/State/long_programs/depth_10_holes_5/exact_trajectory_accuracy,controlled_test,fraction
support_hole,HardTransition,random_16_state_8_rule_permutation,State,test_hole_steps_5,10,53,answer_accuracy,0.01953125,256,results/evidence/support_hole/results.json,/results/53/arms/State/long_programs/depth_10_holes_5/accuracy,controlled_test,fraction
support_hole,HardTransition,random_16_state_8_rule_permutation,State,test_hole_steps_5,10,53,exact_trajectory_accuracy,0.0,256,results/evidence/support_hole/results.json,/results/53/arms/State/long_programs/depth_10_holes_5/exact_trajectory_accuracy,controlled_test,fraction
support_hole,HardTransition,random_16_state_8_rule_permutation,State+CF-Aug,factual_holdout_transition,1,11,transition_accuracy,1.0,38,results/evidence/support_hole/results.json,/results/11/arms/State+CF-Aug/pairs/holes/accuracy,controlled_test,fraction
support_hole,HardTransition,random_16_state_8_rule_permutation,State+CF-Aug,factual_holdout_transition,1,23,transition_accuracy,1.0,38,results/evidence/support_hole/results.json,/results/23/arms/State+CF-Aug/pairs/holes/accuracy,controlled_test,fraction
support_hole,HardTransition,random_16_state_8_rule_permutation,State+CF-Aug,factual_holdout_transition,1,37,transition_accuracy,1.0,38,results/evidence/support_hole/results.json,/results/37/arms/State+CF-Aug/pairs/holes/accuracy,controlled_test,fraction
support_hole,HardTransition,random_16_state_8_rule_permutation,State+CF-Aug,factual_holdout_transition,1,41,transition_accuracy,1.0,38,results/evidence/support_hole/results.json,/results/41/arms/State+CF-Aug/pairs/holes/accuracy,controlled_test,fraction
support_hole,HardTransition,random_16_state_8_rule_permutation,State+CF-Aug,factual_holdout_transition,1,53,transition_accuracy,1.0,38,results/evidence/support_hole/results.json,/results/53/arms/State+CF-Aug/pairs/holes/accuracy,controlled_test,fraction
support_hole,HardTransition,random_16_state_8_rule_permutation,State+CF-Aug,seen_transition,1,11,transition_accuracy,1.0,90,results/evidence/support_hole/results.json,/results/11/arms/State+CF-Aug/pairs/seen/accuracy,controlled_test,fraction
support_hole,HardTransition,random_16_state_8_rule_permutation,State+CF-Aug,seen_transition,1,23,transition_accuracy,1.0,90,results/evidence/support_hole/results.json,/results/23/arms/State+CF-Aug/pairs/seen/accuracy,controlled_test,fraction
support_hole,HardTransition,random_16_state_8_rule_permutation,State+CF-Aug,seen_transition,1,37,transition_accuracy,1.0,90,results/evidence/support_hole/results.json,/results/37/arms/State+CF-Aug/pairs/seen/accuracy,controlled_test,fraction
support_hole,HardTransition,random_16_state_8_rule_permutation,State+CF-Aug,seen_transition,1,41,transition_accuracy,1.0,90,results/evidence/support_hole/results.json,/results/41/arms/State+CF-Aug/pairs/seen/accuracy,controlled_test,fraction
support_hole,HardTransition,random_16_state_8_rule_permutation,State+CF-Aug,seen_transition,1,53,transition_accuracy,1.0,90,results/evidence/support_hole/results.json,/results/53/arms/State+CF-Aug/pairs/seen/accuracy,controlled_test,fraction
support_hole,HardTransition,random_16_state_8_rule_permutation,State+CF-Aug,seen_validation,1,11,answer_accuracy,1.0,23,results/evidence/support_hole/results.json,/results/11/arms/State+CF-Aug/shallow_validation/depth_1/accuracy,development_validation,fraction
support_hole,HardTransition,random_16_state_8_rule_permutation,State+CF-Aug,seen_validation,1,11,exact_trajectory_accuracy,1.0,23,results/evidence/support_hole/results.json,/results/11/arms/State+CF-Aug/shallow_validation/depth_1/exact_trajectory_accuracy,development_validation,fraction
support_hole,HardTransition,random_16_state_8_rule_permutation,State+CF-Aug,seen_validation,1,23,answer_accuracy,1.0,23,results/evidence/support_hole/results.json,/results/23/arms/State+CF-Aug/shallow_validation/depth_1/accuracy,development_validation,fraction
support_hole,HardTransition,random_16_state_8_rule_permutation,State+CF-Aug,seen_validation,1,23,exact_trajectory_accuracy,1.0,23,results/evidence/support_hole/results.json,/results/23/arms/State+CF-Aug/shallow_validation/depth_1/exact_trajectory_accuracy,development_validation,fraction
support_hole,HardTransition,random_16_state_8_rule_permutation,State+CF-Aug,seen_validation,1,37,answer_accuracy,1.0,23,results/evidence/support_hole/results.json,/results/37/arms/State+CF-Aug/shallow_validation/depth_1/accuracy,development_validation,fraction
support_hole,HardTransition,random_16_state_8_rule_permutation,State+CF-Aug,seen_validation,1,37,exact_trajectory_accuracy,1.0,23,results/evidence/support_hole/results.json,/results/37/arms/State+CF-Aug/shallow_validation/depth_1/exact_trajectory_accuracy,development_validation,fraction
support_hole,HardTransition,random_16_state_8_rule_permutation,State+CF-Aug,seen_validation,1,41,answer_accuracy,1.0,23,results/evidence/support_hole/results.json,/results/41/arms/State+CF-Aug/shallow_validation/depth_1/accuracy,development_validation,fraction
support_hole,HardTransition,random_16_state_8_rule_permutation,State+CF-Aug,seen_validation,1,41,exact_trajectory_accuracy,1.0,23,results/evidence/support_hole/results.json,/results/41/arms/State+CF-Aug/shallow_validation/depth_1/exact_trajectory_accuracy,development_validation,fraction
support_hole,HardTransition,random_16_state_8_rule_permutation,State+CF-Aug,seen_validation,1,53,answer_accuracy,1.0,23,results/evidence/support_hole/results.json,/results/53/arms/State+CF-Aug/shallow_validation/depth_1/accuracy,development_validation,fraction
support_hole,HardTransition,random_16_state_8_rule_permutation,State+CF-Aug,seen_validation,1,53,exact_trajectory_accuracy,1.0,23,results/evidence/support_hole/results.json,/results/53/arms/State+CF-Aug/shallow_validation/depth_1/exact_trajectory_accuracy,development_validation,fraction
support_hole,HardTransition,random_16_state_8_rule_permutation,State+CF-Aug,seen_validation,2,11,answer_accuracy,1.0,89,results/evidence/support_hole/results.json,/results/11/arms/State+CF-Aug/shallow_validation/depth_2/accuracy,development_validation,fraction
support_hole,HardTransition,random_16_state_8_rule_permutation,State+CF-Aug,seen_validation,2,11,exact_trajectory_accuracy,1.0,89,results/evidence/support_hole/results.json,/results/11/arms/State+CF-Aug/shallow_validation/depth_2/exact_trajectory_accuracy,development_validation,fraction
support_hole,HardTransition,random_16_state_8_rule_permutation,State+CF-Aug,seen_validation,2,23,answer_accuracy,1.0,89,results/evidence/support_hole/results.json,/results/23/arms/State+CF-Aug/shallow_validation/depth_2/accuracy,development_validation,fraction
support_hole,HardTransition,random_16_state_8_rule_permutation,State+CF-Aug,seen_validation,2,23,exact_trajectory_accuracy,1.0,89,results/evidence/support_hole/results.json,/results/23/arms/State+CF-Aug/shallow_validation/depth_2/exact_trajectory_accuracy,development_validation,fraction
support_hole,HardTransition,random_16_state_8_rule_permutation,State+CF-Aug,seen_validation,2,37,answer_accuracy,1.0,89,results/evidence/support_hole/results.json,/results/37/arms/State+CF-Aug/shallow_validation/depth_2/accuracy,development_validation,fraction
support_hole,HardTransition,random_16_state_8_rule_permutation,State+CF-Aug,seen_validation,2,37,exact_trajectory_accuracy,1.0,89,results/evidence/support_hole/results.json,/results/37/arms/State+CF-Aug/shallow_validation/depth_2/exact_trajectory_accuracy,development_validation,fraction
support_hole,HardTransition,random_16_state_8_rule_permutation,State+CF-Aug,seen_validation,2,41,answer_accuracy,1.0,89,results/evidence/support_hole/results.json,/results/41/arms/State+CF-Aug/shallow_validation/depth_2/accuracy,development_validation,fraction
support_hole,HardTransition,random_16_state_8_rule_permutation,State+CF-Aug,seen_validation,2,41,exact_trajectory_accuracy,1.0,89,results/evidence/support_hole/results.json,/results/41/arms/State+CF-Aug/shallow_validation/depth_2/exact_trajectory_accuracy,development_validation,fraction
support_hole,HardTransition,random_16_state_8_rule_permutation,State+CF-Aug,seen_validation,2,53,answer_accuracy,1.0,89,results/evidence/support_hole/results.json,/results/53/arms/State+CF-Aug/shallow_validation/depth_2/accuracy,development_validation,fraction
support_hole,HardTransition,random_16_state_8_rule_permutation,State+CF-Aug,seen_validation,2,53,exact_trajectory_accuracy,1.0,89,results/evidence/support_hole/results.json,/results/53/arms/State+CF-Aug/shallow_validation/depth_2/exact_trajectory_accuracy,development_validation,fraction
support_hole,HardTransition,random_16_state_8_rule_permutation,State+CF-Aug,seen_validation,3,11,answer_accuracy,1.0,577,results/evidence/support_hole/results.json,/results/11/arms/State+CF-Aug/shallow_validation/depth_3/accuracy,development_validation,fraction
support_hole,HardTransition,random_16_state_8_rule_permutation,State+CF-Aug,seen_validation,3,11,exact_trajectory_accuracy,1.0,577,results/evidence/support_hole/results.json,/results/11/arms/State+CF-Aug/shallow_validation/depth_3/exact_trajectory_accuracy,development_validation,fraction
support_hole,HardTransition,random_16_state_8_rule_permutation,State+CF-Aug,seen_validation,3,23,answer_accuracy,1.0,577,results/evidence/support_hole/results.json,/results/23/arms/State+CF-Aug/shallow_validation/depth_3/accuracy,development_validation,fraction
support_hole,HardTransition,random_16_state_8_rule_permutation,State+CF-Aug,seen_validation,3,23,exact_trajectory_accuracy,1.0,577,results/evidence/support_hole/results.json,/results/23/arms/State+CF-Aug/shallow_validation/depth_3/exact_trajectory_accuracy,development_validation,fraction
support_hole,HardTransition,random_16_state_8_rule_permutation,State+CF-Aug,seen_validation,3,37,answer_accuracy,1.0,577,results/evidence/support_hole/results.json,/results/37/arms/State+CF-Aug/shallow_validation/depth_3/accuracy,development_validation,fraction
support_hole,HardTransition,random_16_state_8_rule_permutation,State+CF-Aug,seen_validation,3,37,exact_trajectory_accuracy,1.0,577,results/evidence/support_hole/results.json,/results/37/arms/State+CF-Aug/shallow_validation/depth_3/exact_trajectory_accuracy,development_validation,fraction
support_hole,HardTransition,random_16_state_8_rule_permutation,State+CF-Aug,seen_validation,3,41,answer_accuracy,1.0,577,results/evidence/support_hole/results.json,/results/41/arms/State+CF-Aug/shallow_validation/depth_3/accuracy,development_validation,fraction
support_hole,HardTransition,random_16_state_8_rule_permutation,State+CF-Aug,seen_validation,3,41,exact_trajectory_accuracy,1.0,577,results/evidence/support_hole/results.json,/results/41/arms/State+CF-Aug/shallow_validation/depth_3/exact_trajectory_accuracy,development_validation,fraction
support_hole,HardTransition,random_16_state_8_rule_permutation,State+CF-Aug,seen_validation,3,53,answer_accuracy,1.0,577,results/evidence/support_hole/results.json,/results/53/arms/State+CF-Aug/shallow_validation/depth_3/accuracy,development_validation,fraction
support_hole,HardTransition,random_16_state_8_rule_permutation,State+CF-Aug,seen_validation,3,53,exact_trajectory_accuracy,1.0,577,results/evidence/support_hole/results.json,/results/53/arms/State+CF-Aug/shallow_validation/depth_3/exact_trajectory_accuracy,development_validation,fraction
support_hole,HardTransition,random_16_state_8_rule_permutation,State+CF-Aug,test_hole_steps_0,10,11,answer_accuracy,1.0,256,results/evidence/support_hole/results.json,/results/11/arms/State+CF-Aug/long_programs/depth_10_holes_0/accuracy,controlled_test,fraction
support_hole,HardTransition,random_16_state_8_rule_permutation,State+CF-Aug,test_hole_steps_0,10,11,exact_trajectory_accuracy,1.0,256,results/evidence/support_hole/results.json,/results/11/arms/State+CF-Aug/long_programs/depth_10_holes_0/exact_trajectory_accuracy,controlled_test,fraction
support_hole,HardTransition,random_16_state_8_rule_permutation,State+CF-Aug,test_hole_steps_0,10,23,answer_accuracy,1.0,256,results/evidence/support_hole/results.json,/results/23/arms/State+CF-Aug/long_programs/depth_10_holes_0/accuracy,controlled_test,fraction
support_hole,HardTransition,random_16_state_8_rule_permutation,State+CF-Aug,test_hole_steps_0,10,23,exact_trajectory_accuracy,1.0,256,results/evidence/support_hole/results.json,/results/23/arms/State+CF-Aug/long_programs/depth_10_holes_0/exact_trajectory_accuracy,controlled_test,fraction
support_hole,HardTransition,random_16_state_8_rule_permutation,State+CF-Aug,test_hole_steps_0,10,37,answer_accuracy,1.0,256,results/evidence/support_hole/results.json,/results/37/arms/State+CF-Aug/long_programs/depth_10_holes_0/accuracy,controlled_test,fraction
support_hole,HardTransition,random_16_state_8_rule_permutation,State+CF-Aug,test_hole_steps_0,10,37,exact_trajectory_accuracy,1.0,256,results/evidence/support_hole/results.json,/results/37/arms/State+CF-Aug/long_programs/depth_10_holes_0/exact_trajectory_accuracy,controlled_test,fraction
support_hole,HardTransition,random_16_state_8_rule_permutation,State+CF-Aug,test_hole_steps_0,10,41,answer_accuracy,1.0,256,results/evidence/support_hole/results.json,/results/41/arms/State+CF-Aug/long_programs/depth_10_holes_0/accuracy,controlled_test,fraction
support_hole,HardTransition,random_16_state_8_rule_permutation,State+CF-Aug,test_hole_steps_0,10,41,exact_trajectory_accuracy,1.0,256,results/evidence/support_hole/results.json,/results/41/arms/State+CF-Aug/long_programs/depth_10_holes_0/exact_trajectory_accuracy,controlled_test,fraction
support_hole,HardTransition,random_16_state_8_rule_permutation,State+CF-Aug,test_hole_steps_0,10,53,answer_accuracy,1.0,256,results/evidence/support_hole/results.json,/results/53/arms/State+CF-Aug/long_programs/depth_10_holes_0/accuracy,controlled_test,fraction
support_hole,HardTransition,random_16_state_8_rule_permutation,State+CF-Aug,test_hole_steps_0,10,53,exact_trajectory_accuracy,1.0,256,results/evidence/support_hole/results.json,/results/53/arms/State+CF-Aug/long_programs/depth_10_holes_0/exact_trajectory_accuracy,controlled_test,fraction
support_hole,HardTransition,random_16_state_8_rule_permutation,State+CF-Aug,test_hole_steps_0,4,11,answer_accuracy,1.0,256,results/evidence/support_hole/results.json,/results/11/arms/State+CF-Aug/long_programs/depth_4_holes_0/accuracy,controlled_test,fraction
support_hole,HardTransition,random_16_state_8_rule_permutation,State+CF-Aug,test_hole_steps_0,4,11,exact_trajectory_accuracy,1.0,256,results/evidence/support_hole/results.json,/results/11/arms/State+CF-Aug/long_programs/depth_4_holes_0/exact_trajectory_accuracy,controlled_test,fraction
support_hole,HardTransition,random_16_state_8_rule_permutation,State+CF-Aug,test_hole_steps_0,4,23,answer_accuracy,1.0,256,results/evidence/support_hole/results.json,/results/23/arms/State+CF-Aug/long_programs/depth_4_holes_0/accuracy,controlled_test,fraction
support_hole,HardTransition,random_16_state_8_rule_permutation,State+CF-Aug,test_hole_steps_0,4,23,exact_trajectory_accuracy,1.0,256,results/evidence/support_hole/results.json,/results/23/arms/State+CF-Aug/long_programs/depth_4_holes_0/exact_trajectory_accuracy,controlled_test,fraction
support_hole,HardTransition,random_16_state_8_rule_permutation,State+CF-Aug,test_hole_steps_0,4,37,answer_accuracy,1.0,256,results/evidence/support_hole/results.json,/results/37/arms/State+CF-Aug/long_programs/depth_4_holes_0/accuracy,controlled_test,fraction
support_hole,HardTransition,random_16_state_8_rule_permutation,State+CF-Aug,test_hole_steps_0,4,37,exact_trajectory_accuracy,1.0,256,results/evidence/support_hole/results.json,/results/37/arms/State+CF-Aug/long_programs/depth_4_holes_0/exact_trajectory_accuracy,controlled_test,fraction
support_hole,HardTransition,random_16_state_8_rule_permutation,State+CF-Aug,test_hole_steps_0,4,41,answer_accuracy,1.0,256,results/evidence/support_hole/results.json,/results/41/arms/State+CF-Aug/long_programs/depth_4_holes_0/accuracy,controlled_test,fraction
support_hole,HardTransition,random_16_state_8_rule_permutation,State+CF-Aug,test_hole_steps_0,4,41,exact_trajectory_accuracy,1.0,256,results/evidence/support_hole/results.json,/results/41/arms/State+CF-Aug/long_programs/depth_4_holes_0/exact_trajectory_accuracy,controlled_test,fraction
support_hole,HardTransition,random_16_state_8_rule_permutation,State+CF-Aug,test_hole_steps_0,4,53,answer_accuracy,1.0,256,results/evidence/support_hole/results.json,/results/53/arms/State+CF-Aug/long_programs/depth_4_holes_0/accuracy,controlled_test,fraction
support_hole,HardTransition,random_16_state_8_rule_permutation,State+CF-Aug,test_hole_steps_0,4,53,exact_trajectory_accuracy,1.0,256,results/evidence/support_hole/results.json,/results/53/arms/State+CF-Aug/long_programs/depth_4_holes_0/exact_trajectory_accuracy,controlled_test,fraction
support_hole,HardTransition,random_16_state_8_rule_permutation,State+CF-Aug,test_hole_steps_0,5,11,answer_accuracy,1.0,256,results/evidence/support_hole/results.json,/results/11/arms/State+CF-Aug/long_programs/depth_5_holes_0/accuracy,controlled_test,fraction
support_hole,HardTransition,random_16_state_8_rule_permutation,State+CF-Aug,test_hole_steps_0,5,11,exact_trajectory_accuracy,1.0,256,results/evidence/support_hole/results.json,/results/11/arms/State+CF-Aug/long_programs/depth_5_holes_0/exact_trajectory_accuracy,controlled_test,fraction
support_hole,HardTransition,random_16_state_8_rule_permutation,State+CF-Aug,test_hole_steps_0,5,23,answer_accuracy,1.0,256,results/evidence/support_hole/results.json,/results/23/arms/State+CF-Aug/long_programs/depth_5_holes_0/accuracy,controlled_test,fraction
support_hole,HardTransition,random_16_state_8_rule_permutation,State+CF-Aug,test_hole_steps_0,5,23,exact_trajectory_accuracy,1.0,256,results/evidence/support_hole/results.json,/results/23/arms/State+CF-Aug/long_programs/depth_5_holes_0/exact_trajectory_accuracy,controlled_test,fraction
support_hole,HardTransition,random_16_state_8_rule_permutation,State+CF-Aug,test_hole_steps_0,5,37,answer_accuracy,1.0,256,results/evidence/support_hole/results.json,/results/37/arms/State+CF-Aug/long_programs/depth_5_holes_0/accuracy,controlled_test,fraction
support_hole,HardTransition,random_16_state_8_rule_permutation,State+CF-Aug,test_hole_steps_0,5,37,exact_trajectory_accuracy,1.0,256,results/evidence/support_hole/results.json,/results/37/arms/State+CF-Aug/long_programs/depth_5_holes_0/exact_trajectory_accuracy,controlled_test,fraction
support_hole,HardTransition,random_16_state_8_rule_permutation,State+CF-Aug,test_hole_steps_0,5,41,answer_accuracy,1.0,256,results/evidence/support_hole/results.json,/results/41/arms/State+CF-Aug/long_programs/depth_5_holes_0/accuracy,controlled_test,fraction
support_hole,HardTransition,random_16_state_8_rule_permutation,State+CF-Aug,test_hole_steps_0,5,41,exact_trajectory_accuracy,1.0,256,results/evidence/support_hole/results.json,/results/41/arms/State+CF-Aug/long_programs/depth_5_holes_0/exact_trajectory_accuracy,controlled_test,fraction
support_hole,HardTransition,random_16_state_8_rule_permutation,State+CF-Aug,test_hole_steps_0,5,53,answer_accuracy,1.0,256,results/evidence/support_hole/results.json,/results/53/arms/State+CF-Aug/long_programs/depth_5_holes_0/accuracy,controlled_test,fraction
support_hole,HardTransition,random_16_state_8_rule_permutation,State+CF-Aug,test_hole_steps_0,5,53,exact_trajectory_accuracy,1.0,256,results/evidence/support_hole/results.json,/results/53/arms/State+CF-Aug/long_programs/depth_5_holes_0/exact_trajectory_accuracy,controlled_test,fraction
support_hole,HardTransition,random_16_state_8_rule_permutation,State+CF-Aug,test_hole_steps_0,6,11,answer_accuracy,1.0,256,results/evidence/support_hole/results.json,/results/11/arms/State+CF-Aug/long_programs/depth_6_holes_0/accuracy,controlled_test,fraction
support_hole,HardTransition,random_16_state_8_rule_permutation,State+CF-Aug,test_hole_steps_0,6,11,exact_trajectory_accuracy,1.0,256,results/evidence/support_hole/results.json,/results/11/arms/State+CF-Aug/long_programs/depth_6_holes_0/exact_trajectory_accuracy,controlled_test,fraction
support_hole,HardTransition,random_16_state_8_rule_permutation,State+CF-Aug,test_hole_steps_0,6,23,answer_accuracy,1.0,256,results/evidence/support_hole/results.json,/results/23/arms/State+CF-Aug/long_programs/depth_6_holes_0/accuracy,controlled_test,fraction
support_hole,HardTransition,random_16_state_8_rule_permutation,State+CF-Aug,test_hole_steps_0,6,23,exact_trajectory_accuracy,1.0,256,results/evidence/support_hole/results.json,/results/23/arms/State+CF-Aug/long_programs/depth_6_holes_0/exact_trajectory_accuracy,controlled_test,fraction
support_hole,HardTransition,random_16_state_8_rule_permutation,State+CF-Aug,test_hole_steps_0,6,37,answer_accuracy,1.0,256,results/evidence/support_hole/results.json,/results/37/arms/State+CF-Aug/long_programs/depth_6_holes_0/accuracy,controlled_test,fraction
support_hole,HardTransition,random_16_state_8_rule_permutation,State+CF-Aug,test_hole_steps_0,6,37,exact_trajectory_accuracy,1.0,256,results/evidence/support_hole/results.json,/results/37/arms/State+CF-Aug/long_programs/depth_6_holes_0/exact_trajectory_accuracy,controlled_test,fraction
support_hole,HardTransition,random_16_state_8_rule_permutation,State+CF-Aug,test_hole_steps_0,6,41,answer_accuracy,1.0,256,results/evidence/support_hole/results.json,/results/41/arms/State+CF-Aug/long_programs/depth_6_holes_0/accuracy,controlled_test,fraction
support_hole,HardTransition,random_16_state_8_rule_permutation,State+CF-Aug,test_hole_steps_0,6,41,exact_trajectory_accuracy,1.0,256,results/evidence/support_hole/results.json,/results/41/arms/State+CF-Aug/long_programs/depth_6_holes_0/exact_trajectory_accuracy,controlled_test,fraction
support_hole,HardTransition,random_16_state_8_rule_permutation,State+CF-Aug,test_hole_steps_0,6,53,answer_accuracy,1.0,256,results/evidence/support_hole/results.json,/results/53/arms/State+CF-Aug/long_programs/depth_6_holes_0/accuracy,controlled_test,fraction
support_hole,HardTransition,random_16_state_8_rule_permutation,State+CF-Aug,test_hole_steps_0,6,53,exact_trajectory_accuracy,1.0,256,results/evidence/support_hole/results.json,/results/53/arms/State+CF-Aug/long_programs/depth_6_holes_0/exact_trajectory_accuracy,controlled_test,fraction
support_hole,HardTransition,random_16_state_8_rule_permutation,State+CF-Aug,test_hole_steps_0,8,11,answer_accuracy,1.0,256,results/evidence/support_hole/results.json,/results/11/arms/State+CF-Aug/long_programs/depth_8_holes_0/accuracy,controlled_test,fraction
support_hole,HardTransition,random_16_state_8_rule_permutation,State+CF-Aug,test_hole_steps_0,8,11,exact_trajectory_accuracy,1.0,256,results/evidence/support_hole/results.json,/results/11/arms/State+CF-Aug/long_programs/depth_8_holes_0/exact_trajectory_accuracy,controlled_test,fraction
support_hole,HardTransition,random_16_state_8_rule_permutation,State+CF-Aug,test_hole_steps_0,8,23,answer_accuracy,1.0,256,results/evidence/support_hole/results.json,/results/23/arms/State+CF-Aug/long_programs/depth_8_holes_0/accuracy,controlled_test,fraction
support_hole,HardTransition,random_16_state_8_rule_permutation,State+CF-Aug,test_hole_steps_0,8,23,exact_trajectory_accuracy,1.0,256,results/evidence/support_hole/results.json,/results/23/arms/State+CF-Aug/long_programs/depth_8_holes_0/exact_trajectory_accuracy,controlled_test,fraction
support_hole,HardTransition,random_16_state_8_rule_permutation,State+CF-Aug,test_hole_steps_0,8,37,answer_accuracy,1.0,256,results/evidence/support_hole/results.json,/results/37/arms/State+CF-Aug/long_programs/depth_8_holes_0/accuracy,controlled_test,fraction
support_hole,HardTransition,random_16_state_8_rule_permutation,State+CF-Aug,test_hole_steps_0,8,37,exact_trajectory_accuracy,1.0,256,results/evidence/support_hole/results.json,/results/37/arms/State+CF-Aug/long_programs/depth_8_holes_0/exact_trajectory_accuracy,controlled_test,fraction
support_hole,HardTransition,random_16_state_8_rule_permutation,State+CF-Aug,test_hole_steps_0,8,41,answer_accuracy,1.0,256,results/evidence/support_hole/results.json,/results/41/arms/State+CF-Aug/long_programs/depth_8_holes_0/accuracy,controlled_test,fraction
support_hole,HardTransition,random_16_state_8_rule_permutation,State+CF-Aug,test_hole_steps_0,8,41,exact_trajectory_accuracy,1.0,256,results/evidence/support_hole/results.json,/results/41/arms/State+CF-Aug/long_programs/depth_8_holes_0/exact_trajectory_accuracy,controlled_test,fraction
support_hole,HardTransition,random_16_state_8_rule_permutation,State+CF-Aug,test_hole_steps_0,8,53,answer_accuracy,1.0,256,results/evidence/support_hole/results.json,/results/53/arms/State+CF-Aug/long_programs/depth_8_holes_0/accuracy,controlled_test,fraction
support_hole,HardTransition,random_16_state_8_rule_permutation,State+CF-Aug,test_hole_steps_0,8,53,exact_trajectory_accuracy,1.0,256,results/evidence/support_hole/results.json,/results/53/arms/State+CF-Aug/long_programs/depth_8_holes_0/exact_trajectory_accuracy,controlled_test,fraction
support_hole,HardTransition,random_16_state_8_rule_permutation,State+CF-Aug,test_hole_steps_1,10,11,answer_accuracy,1.0,256,results/evidence/support_hole/results.json,/results/11/arms/State+CF-Aug/long_programs/depth_10_holes_1/accuracy,controlled_test,fraction
support_hole,HardTransition,random_16_state_8_rule_permutation,State+CF-Aug,test_hole_steps_1,10,11,exact_trajectory_accuracy,1.0,256,results/evidence/support_hole/results.json,/results/11/arms/State+CF-Aug/long_programs/depth_10_holes_1/exact_trajectory_accuracy,controlled_test,fraction
support_hole,HardTransition,random_16_state_8_rule_permutation,State+CF-Aug,test_hole_steps_1,10,23,answer_accuracy,1.0,256,results/evidence/support_hole/results.json,/results/23/arms/State+CF-Aug/long_programs/depth_10_holes_1/accuracy,controlled_test,fraction
support_hole,HardTransition,random_16_state_8_rule_permutation,State+CF-Aug,test_hole_steps_1,10,23,exact_trajectory_accuracy,1.0,256,results/evidence/support_hole/results.json,/results/23/arms/State+CF-Aug/long_programs/depth_10_holes_1/exact_trajectory_accuracy,controlled_test,fraction
support_hole,HardTransition,random_16_state_8_rule_permutation,State+CF-Aug,test_hole_steps_1,10,37,answer_accuracy,1.0,256,results/evidence/support_hole/results.json,/results/37/arms/State+CF-Aug/long_programs/depth_10_holes_1/accuracy,controlled_test,fraction
support_hole,HardTransition,random_16_state_8_rule_permutation,State+CF-Aug,test_hole_steps_1,10,37,exact_trajectory_accuracy,1.0,256,results/evidence/support_hole/results.json,/results/37/arms/State+CF-Aug/long_programs/depth_10_holes_1/exact_trajectory_accuracy,controlled_test,fraction
support_hole,HardTransition,random_16_state_8_rule_permutation,State+CF-Aug,test_hole_steps_1,10,41,answer_accuracy,1.0,256,results/evidence/support_hole/results.json,/results/41/arms/State+CF-Aug/long_programs/depth_10_holes_1/accuracy,controlled_test,fraction
support_hole,HardTransition,random_16_state_8_rule_permutation,State+CF-Aug,test_hole_steps_1,10,41,exact_trajectory_accuracy,1.0,256,results/evidence/support_hole/results.json,/results/41/arms/State+CF-Aug/long_programs/depth_10_holes_1/exact_trajectory_accuracy,controlled_test,fraction
support_hole,HardTransition,random_16_state_8_rule_permutation,State+CF-Aug,test_hole_steps_1,10,53,answer_accuracy,1.0,256,results/evidence/support_hole/results.json,/results/53/arms/State+CF-Aug/long_programs/depth_10_holes_1/accuracy,controlled_test,fraction
support_hole,HardTransition,random_16_state_8_rule_permutation,State+CF-Aug,test_hole_steps_1,10,53,exact_trajectory_accuracy,1.0,256,results/evidence/support_hole/results.json,/results/53/arms/State+CF-Aug/long_programs/depth_10_holes_1/exact_trajectory_accuracy,controlled_test,fraction
support_hole,HardTransition,random_16_state_8_rule_permutation,State+CF-Aug,test_hole_steps_1,4,11,answer_accuracy,1.0,256,results/evidence/support_hole/results.json,/results/11/arms/State+CF-Aug/long_programs/depth_4_holes_1/accuracy,controlled_test,fraction
support_hole,HardTransition,random_16_state_8_rule_permutation,State+CF-Aug,test_hole_steps_1,4,11,exact_trajectory_accuracy,1.0,256,results/evidence/support_hole/results.json,/results/11/arms/State+CF-Aug/long_programs/depth_4_holes_1/exact_trajectory_accuracy,controlled_test,fraction
support_hole,HardTransition,random_16_state_8_rule_permutation,State+CF-Aug,test_hole_steps_1,4,23,answer_accuracy,1.0,256,results/evidence/support_hole/results.json,/results/23/arms/State+CF-Aug/long_programs/depth_4_holes_1/accuracy,controlled_test,fraction
support_hole,HardTransition,random_16_state_8_rule_permutation,State+CF-Aug,test_hole_steps_1,4,23,exact_trajectory_accuracy,1.0,256,results/evidence/support_hole/results.json,/results/23/arms/State+CF-Aug/long_programs/depth_4_holes_1/exact_trajectory_accuracy,controlled_test,fraction
support_hole,HardTransition,random_16_state_8_rule_permutation,State+CF-Aug,test_hole_steps_1,4,37,answer_accuracy,1.0,256,results/evidence/support_hole/results.json,/results/37/arms/State+CF-Aug/long_programs/depth_4_holes_1/accuracy,controlled_test,fraction
support_hole,HardTransition,random_16_state_8_rule_permutation,State+CF-Aug,test_hole_steps_1,4,37,exact_trajectory_accuracy,1.0,256,results/evidence/support_hole/results.json,/results/37/arms/State+CF-Aug/long_programs/depth_4_holes_1/exact_trajectory_accuracy,controlled_test,fraction
support_hole,HardTransition,random_16_state_8_rule_permutation,State+CF-Aug,test_hole_steps_1,4,41,answer_accuracy,1.0,256,results/evidence/support_hole/results.json,/results/41/arms/State+CF-Aug/long_programs/depth_4_holes_1/accuracy,controlled_test,fraction
support_hole,HardTransition,random_16_state_8_rule_permutation,State+CF-Aug,test_hole_steps_1,4,41,exact_trajectory_accuracy,1.0,256,results/evidence/support_hole/results.json,/results/41/arms/State+CF-Aug/long_programs/depth_4_holes_1/exact_trajectory_accuracy,controlled_test,fraction
support_hole,HardTransition,random_16_state_8_rule_permutation,State+CF-Aug,test_hole_steps_1,4,53,answer_accuracy,1.0,256,results/evidence/support_hole/results.json,/results/53/arms/State+CF-Aug/long_programs/depth_4_holes_1/accuracy,controlled_test,fraction
support_hole,HardTransition,random_16_state_8_rule_permutation,State+CF-Aug,test_hole_steps_1,4,53,exact_trajectory_accuracy,1.0,256,results/evidence/support_hole/results.json,/results/53/arms/State+CF-Aug/long_programs/depth_4_holes_1/exact_trajectory_accuracy,controlled_test,fraction
support_hole,HardTransition,random_16_state_8_rule_permutation,State+CF-Aug,test_hole_steps_1,5,11,answer_accuracy,1.0,256,results/evidence/support_hole/results.json,/results/11/arms/State+CF-Aug/long_programs/depth_5_holes_1/accuracy,controlled_test,fraction
support_hole,HardTransition,random_16_state_8_rule_permutation,State+CF-Aug,test_hole_steps_1,5,11,exact_trajectory_accuracy,1.0,256,results/evidence/support_hole/results.json,/results/11/arms/State+CF-Aug/long_programs/depth_5_holes_1/exact_trajectory_accuracy,controlled_test,fraction
support_hole,HardTransition,random_16_state_8_rule_permutation,State+CF-Aug,test_hole_steps_1,5,23,answer_accuracy,1.0,256,results/evidence/support_hole/results.json,/results/23/arms/State+CF-Aug/long_programs/depth_5_holes_1/accuracy,controlled_test,fraction
support_hole,HardTransition,random_16_state_8_rule_permutation,State+CF-Aug,test_hole_steps_1,5,23,exact_trajectory_accuracy,1.0,256,results/evidence/support_hole/results.json,/results/23/arms/State+CF-Aug/long_programs/depth_5_holes_1/exact_trajectory_accuracy,controlled_test,fraction
support_hole,HardTransition,random_16_state_8_rule_permutation,State+CF-Aug,test_hole_steps_1,5,37,answer_accuracy,1.0,256,results/evidence/support_hole/results.json,/results/37/arms/State+CF-Aug/long_programs/depth_5_holes_1/accuracy,controlled_test,fraction
support_hole,HardTransition,random_16_state_8_rule_permutation,State+CF-Aug,test_hole_steps_1,5,37,exact_trajectory_accuracy,1.0,256,results/evidence/support_hole/results.json,/results/37/arms/State+CF-Aug/long_programs/depth_5_holes_1/exact_trajectory_accuracy,controlled_test,fraction
support_hole,HardTransition,random_16_state_8_rule_permutation,State+CF-Aug,test_hole_steps_1,5,41,answer_accuracy,1.0,256,results/evidence/support_hole/results.json,/results/41/arms/State+CF-Aug/long_programs/depth_5_holes_1/accuracy,controlled_test,fraction
support_hole,HardTransition,random_16_state_8_rule_permutation,State+CF-Aug,test_hole_steps_1,5,41,exact_trajectory_accuracy,1.0,256,results/evidence/support_hole/results.json,/results/41/arms/State+CF-Aug/long_programs/depth_5_holes_1/exact_trajectory_accuracy,controlled_test,fraction
support_hole,HardTransition,random_16_state_8_rule_permutation,State+CF-Aug,test_hole_steps_1,5,53,answer_accuracy,1.0,256,results/evidence/support_hole/results.json,/results/53/arms/State+CF-Aug/long_programs/depth_5_holes_1/accuracy,controlled_test,fraction
support_hole,HardTransition,random_16_state_8_rule_permutation,State+CF-Aug,test_hole_steps_1,5,53,exact_trajectory_accuracy,1.0,256,results/evidence/support_hole/results.json,/results/53/arms/State+CF-Aug/long_programs/depth_5_holes_1/exact_trajectory_accuracy,controlled_test,fraction
support_hole,HardTransition,random_16_state_8_rule_permutation,State+CF-Aug,test_hole_steps_1,6,11,answer_accuracy,1.0,256,results/evidence/support_hole/results.json,/results/11/arms/State+CF-Aug/long_programs/depth_6_holes_1/accuracy,controlled_test,fraction
support_hole,HardTransition,random_16_state_8_rule_permutation,State+CF-Aug,test_hole_steps_1,6,11,exact_trajectory_accuracy,1.0,256,results/evidence/support_hole/results.json,/results/11/arms/State+CF-Aug/long_programs/depth_6_holes_1/exact_trajectory_accuracy,controlled_test,fraction
support_hole,HardTransition,random_16_state_8_rule_permutation,State+CF-Aug,test_hole_steps_1,6,23,answer_accuracy,1.0,256,results/evidence/support_hole/results.json,/results/23/arms/State+CF-Aug/long_programs/depth_6_holes_1/accuracy,controlled_test,fraction
support_hole,HardTransition,random_16_state_8_rule_permutation,State+CF-Aug,test_hole_steps_1,6,23,exact_trajectory_accuracy,1.0,256,results/evidence/support_hole/results.json,/results/23/arms/State+CF-Aug/long_programs/depth_6_holes_1/exact_trajectory_accuracy,controlled_test,fraction
support_hole,HardTransition,random_16_state_8_rule_permutation,State+CF-Aug,test_hole_steps_1,6,37,answer_accuracy,1.0,256,results/evidence/support_hole/results.json,/results/37/arms/State+CF-Aug/long_programs/depth_6_holes_1/accuracy,controlled_test,fraction
support_hole,HardTransition,random_16_state_8_rule_permutation,State+CF-Aug,test_hole_steps_1,6,37,exact_trajectory_accuracy,1.0,256,results/evidence/support_hole/results.json,/results/37/arms/State+CF-Aug/long_programs/depth_6_holes_1/exact_trajectory_accuracy,controlled_test,fraction
support_hole,HardTransition,random_16_state_8_rule_permutation,State+CF-Aug,test_hole_steps_1,6,41,answer_accuracy,1.0,256,results/evidence/support_hole/results.json,/results/41/arms/State+CF-Aug/long_programs/depth_6_holes_1/accuracy,controlled_test,fraction
support_hole,HardTransition,random_16_state_8_rule_permutation,State+CF-Aug,test_hole_steps_1,6,41,exact_trajectory_accuracy,1.0,256,results/evidence/support_hole/results.json,/results/41/arms/State+CF-Aug/long_programs/depth_6_holes_1/exact_trajectory_accuracy,controlled_test,fraction
support_hole,HardTransition,random_16_state_8_rule_permutation,State+CF-Aug,test_hole_steps_1,6,53,answer_accuracy,1.0,256,results/evidence/support_hole/results.json,/results/53/arms/State+CF-Aug/long_programs/depth_6_holes_1/accuracy,controlled_test,fraction
support_hole,HardTransition,random_16_state_8_rule_permutation,State+CF-Aug,test_hole_steps_1,6,53,exact_trajectory_accuracy,1.0,256,results/evidence/support_hole/results.json,/results/53/arms/State+CF-Aug/long_programs/depth_6_holes_1/exact_trajectory_accuracy,controlled_test,fraction
support_hole,HardTransition,random_16_state_8_rule_permutation,State+CF-Aug,test_hole_steps_1,8,11,answer_accuracy,1.0,256,results/evidence/support_hole/results.json,/results/11/arms/State+CF-Aug/long_programs/depth_8_holes_1/accuracy,controlled_test,fraction
support_hole,HardTransition,random_16_state_8_rule_permutation,State+CF-Aug,test_hole_steps_1,8,11,exact_trajectory_accuracy,1.0,256,results/evidence/support_hole/results.json,/results/11/arms/State+CF-Aug/long_programs/depth_8_holes_1/exact_trajectory_accuracy,controlled_test,fraction
support_hole,HardTransition,random_16_state_8_rule_permutation,State+CF-Aug,test_hole_steps_1,8,23,answer_accuracy,1.0,256,results/evidence/support_hole/results.json,/results/23/arms/State+CF-Aug/long_programs/depth_8_holes_1/accuracy,controlled_test,fraction
support_hole,HardTransition,random_16_state_8_rule_permutation,State+CF-Aug,test_hole_steps_1,8,23,exact_trajectory_accuracy,1.0,256,results/evidence/support_hole/results.json,/results/23/arms/State+CF-Aug/long_programs/depth_8_holes_1/exact_trajectory_accuracy,controlled_test,fraction
support_hole,HardTransition,random_16_state_8_rule_permutation,State+CF-Aug,test_hole_steps_1,8,37,answer_accuracy,1.0,256,results/evidence/support_hole/results.json,/results/37/arms/State+CF-Aug/long_programs/depth_8_holes_1/accuracy,controlled_test,fraction
support_hole,HardTransition,random_16_state_8_rule_permutation,State+CF-Aug,test_hole_steps_1,8,37,exact_trajectory_accuracy,1.0,256,results/evidence/support_hole/results.json,/results/37/arms/State+CF-Aug/long_programs/depth_8_holes_1/exact_trajectory_accuracy,controlled_test,fraction
support_hole,HardTransition,random_16_state_8_rule_permutation,State+CF-Aug,test_hole_steps_1,8,41,answer_accuracy,1.0,256,results/evidence/support_hole/results.json,/results/41/arms/State+CF-Aug/long_programs/depth_8_holes_1/accuracy,controlled_test,fraction
support_hole,HardTransition,random_16_state_8_rule_permutation,State+CF-Aug,test_hole_steps_1,8,41,exact_trajectory_accuracy,1.0,256,results/evidence/support_hole/results.json,/results/41/arms/State+CF-Aug/long_programs/depth_8_holes_1/exact_trajectory_accuracy,controlled_test,fraction
support_hole,HardTransition,random_16_state_8_rule_permutation,State+CF-Aug,test_hole_steps_1,8,53,answer_accuracy,1.0,256,results/evidence/support_hole/results.json,/results/53/arms/State+CF-Aug/long_programs/depth_8_holes_1/accuracy,controlled_test,fraction
support_hole,HardTransition,random_16_state_8_rule_permutation,State+CF-Aug,test_hole_steps_1,8,53,exact_trajectory_accuracy,1.0,256,results/evidence/support_hole/results.json,/results/53/arms/State+CF-Aug/long_programs/depth_8_holes_1/exact_trajectory_accuracy,controlled_test,fraction
support_hole,HardTransition,random_16_state_8_rule_permutation,State+CF-Aug,test_hole_steps_2,10,11,answer_accuracy,1.0,256,results/evidence/support_hole/results.json,/results/11/arms/State+CF-Aug/long_programs/depth_10_holes_2/accuracy,controlled_test,fraction
support_hole,HardTransition,random_16_state_8_rule_permutation,State+CF-Aug,test_hole_steps_2,10,11,exact_trajectory_accuracy,1.0,256,results/evidence/support_hole/results.json,/results/11/arms/State+CF-Aug/long_programs/depth_10_holes_2/exact_trajectory_accuracy,controlled_test,fraction
support_hole,HardTransition,random_16_state_8_rule_permutation,State+CF-Aug,test_hole_steps_2,10,23,answer_accuracy,1.0,256,results/evidence/support_hole/results.json,/results/23/arms/State+CF-Aug/long_programs/depth_10_holes_2/accuracy,controlled_test,fraction
support_hole,HardTransition,random_16_state_8_rule_permutation,State+CF-Aug,test_hole_steps_2,10,23,exact_trajectory_accuracy,1.0,256,results/evidence/support_hole/results.json,/results/23/arms/State+CF-Aug/long_programs/depth_10_holes_2/exact_trajectory_accuracy,controlled_test,fraction
support_hole,HardTransition,random_16_state_8_rule_permutation,State+CF-Aug,test_hole_steps_2,10,37,answer_accuracy,1.0,256,results/evidence/support_hole/results.json,/results/37/arms/State+CF-Aug/long_programs/depth_10_holes_2/accuracy,controlled_test,fraction
support_hole,HardTransition,random_16_state_8_rule_permutation,State+CF-Aug,test_hole_steps_2,10,37,exact_trajectory_accuracy,1.0,256,results/evidence/support_hole/results.json,/results/37/arms/State+CF-Aug/long_programs/depth_10_holes_2/exact_trajectory_accuracy,controlled_test,fraction
support_hole,HardTransition,random_16_state_8_rule_permutation,State+CF-Aug,test_hole_steps_2,10,41,answer_accuracy,1.0,256,results/evidence/support_hole/results.json,/results/41/arms/State+CF-Aug/long_programs/depth_10_holes_2/accuracy,controlled_test,fraction
support_hole,HardTransition,random_16_state_8_rule_permutation,State+CF-Aug,test_hole_steps_2,10,41,exact_trajectory_accuracy,1.0,256,results/evidence/support_hole/results.json,/results/41/arms/State+CF-Aug/long_programs/depth_10_holes_2/exact_trajectory_accuracy,controlled_test,fraction
support_hole,HardTransition,random_16_state_8_rule_permutation,State+CF-Aug,test_hole_steps_2,10,53,answer_accuracy,1.0,256,results/evidence/support_hole/results.json,/results/53/arms/State+CF-Aug/long_programs/depth_10_holes_2/accuracy,controlled_test,fraction
support_hole,HardTransition,random_16_state_8_rule_permutation,State+CF-Aug,test_hole_steps_2,10,53,exact_trajectory_accuracy,1.0,256,results/evidence/support_hole/results.json,/results/53/arms/State+CF-Aug/long_programs/depth_10_holes_2/exact_trajectory_accuracy,controlled_test,fraction
support_hole,HardTransition,random_16_state_8_rule_permutation,State+CF-Aug,test_hole_steps_3,10,11,answer_accuracy,1.0,256,results/evidence/support_hole/results.json,/results/11/arms/State+CF-Aug/long_programs/depth_10_holes_3/accuracy,controlled_test,fraction
support_hole,HardTransition,random_16_state_8_rule_permutation,State+CF-Aug,test_hole_steps_3,10,11,exact_trajectory_accuracy,1.0,256,results/evidence/support_hole/results.json,/results/11/arms/State+CF-Aug/long_programs/depth_10_holes_3/exact_trajectory_accuracy,controlled_test,fraction
support_hole,HardTransition,random_16_state_8_rule_permutation,State+CF-Aug,test_hole_steps_3,10,23,answer_accuracy,1.0,256,results/evidence/support_hole/results.json,/results/23/arms/State+CF-Aug/long_programs/depth_10_holes_3/accuracy,controlled_test,fraction
support_hole,HardTransition,random_16_state_8_rule_permutation,State+CF-Aug,test_hole_steps_3,10,23,exact_trajectory_accuracy,1.0,256,results/evidence/support_hole/results.json,/results/23/arms/State+CF-Aug/long_programs/depth_10_holes_3/exact_trajectory_accuracy,controlled_test,fraction
support_hole,HardTransition,random_16_state_8_rule_permutation,State+CF-Aug,test_hole_steps_3,10,37,answer_accuracy,1.0,256,results/evidence/support_hole/results.json,/results/37/arms/State+CF-Aug/long_programs/depth_10_holes_3/accuracy,controlled_test,fraction
support_hole,HardTransition,random_16_state_8_rule_permutation,State+CF-Aug,test_hole_steps_3,10,37,exact_trajectory_accuracy,1.0,256,results/evidence/support_hole/results.json,/results/37/arms/State+CF-Aug/long_programs/depth_10_holes_3/exact_trajectory_accuracy,controlled_test,fraction
support_hole,HardTransition,random_16_state_8_rule_permutation,State+CF-Aug,test_hole_steps_3,10,41,answer_accuracy,1.0,256,results/evidence/support_hole/results.json,/results/41/arms/State+CF-Aug/long_programs/depth_10_holes_3/accuracy,controlled_test,fraction
support_hole,HardTransition,random_16_state_8_rule_permutation,State+CF-Aug,test_hole_steps_3,10,41,exact_trajectory_accuracy,1.0,256,results/evidence/support_hole/results.json,/results/41/arms/State+CF-Aug/long_programs/depth_10_holes_3/exact_trajectory_accuracy,controlled_test,fraction
support_hole,HardTransition,random_16_state_8_rule_permutation,State+CF-Aug,test_hole_steps_3,10,53,answer_accuracy,1.0,256,results/evidence/support_hole/results.json,/results/53/arms/State+CF-Aug/long_programs/depth_10_holes_3/accuracy,controlled_test,fraction
support_hole,HardTransition,random_16_state_8_rule_permutation,State+CF-Aug,test_hole_steps_3,10,53,exact_trajectory_accuracy,1.0,256,results/evidence/support_hole/results.json,/results/53/arms/State+CF-Aug/long_programs/depth_10_holes_3/exact_trajectory_accuracy,controlled_test,fraction
support_hole,HardTransition,random_16_state_8_rule_permutation,State+CF-Aug,test_hole_steps_4,10,11,answer_accuracy,1.0,256,results/evidence/support_hole/results.json,/results/11/arms/State+CF-Aug/long_programs/depth_10_holes_4/accuracy,controlled_test,fraction
support_hole,HardTransition,random_16_state_8_rule_permutation,State+CF-Aug,test_hole_steps_4,10,11,exact_trajectory_accuracy,1.0,256,results/evidence/support_hole/results.json,/results/11/arms/State+CF-Aug/long_programs/depth_10_holes_4/exact_trajectory_accuracy,controlled_test,fraction
support_hole,HardTransition,random_16_state_8_rule_permutation,State+CF-Aug,test_hole_steps_4,10,23,answer_accuracy,1.0,256,results/evidence/support_hole/results.json,/results/23/arms/State+CF-Aug/long_programs/depth_10_holes_4/accuracy,controlled_test,fraction
support_hole,HardTransition,random_16_state_8_rule_permutation,State+CF-Aug,test_hole_steps_4,10,23,exact_trajectory_accuracy,1.0,256,results/evidence/support_hole/results.json,/results/23/arms/State+CF-Aug/long_programs/depth_10_holes_4/exact_trajectory_accuracy,controlled_test,fraction
support_hole,HardTransition,random_16_state_8_rule_permutation,State+CF-Aug,test_hole_steps_4,10,37,answer_accuracy,1.0,256,results/evidence/support_hole/results.json,/results/37/arms/State+CF-Aug/long_programs/depth_10_holes_4/accuracy,controlled_test,fraction
support_hole,HardTransition,random_16_state_8_rule_permutation,State+CF-Aug,test_hole_steps_4,10,37,exact_trajectory_accuracy,1.0,256,results/evidence/support_hole/results.json,/results/37/arms/State+CF-Aug/long_programs/depth_10_holes_4/exact_trajectory_accuracy,controlled_test,fraction
support_hole,HardTransition,random_16_state_8_rule_permutation,State+CF-Aug,test_hole_steps_4,10,41,answer_accuracy,1.0,256,results/evidence/support_hole/results.json,/results/41/arms/State+CF-Aug/long_programs/depth_10_holes_4/accuracy,controlled_test,fraction
support_hole,HardTransition,random_16_state_8_rule_permutation,State+CF-Aug,test_hole_steps_4,10,41,exact_trajectory_accuracy,1.0,256,results/evidence/support_hole/results.json,/results/41/arms/State+CF-Aug/long_programs/depth_10_holes_4/exact_trajectory_accuracy,controlled_test,fraction
support_hole,HardTransition,random_16_state_8_rule_permutation,State+CF-Aug,test_hole_steps_4,10,53,answer_accuracy,1.0,256,results/evidence/support_hole/results.json,/results/53/arms/State+CF-Aug/long_programs/depth_10_holes_4/accuracy,controlled_test,fraction
support_hole,HardTransition,random_16_state_8_rule_permutation,State+CF-Aug,test_hole_steps_4,10,53,exact_trajectory_accuracy,1.0,256,results/evidence/support_hole/results.json,/results/53/arms/State+CF-Aug/long_programs/depth_10_holes_4/exact_trajectory_accuracy,controlled_test,fraction
support_hole,HardTransition,random_16_state_8_rule_permutation,State+CF-Aug,test_hole_steps_5,10,11,answer_accuracy,1.0,256,results/evidence/support_hole/results.json,/results/11/arms/State+CF-Aug/long_programs/depth_10_holes_5/accuracy,controlled_test,fraction
support_hole,HardTransition,random_16_state_8_rule_permutation,State+CF-Aug,test_hole_steps_5,10,11,exact_trajectory_accuracy,1.0,256,results/evidence/support_hole/results.json,/results/11/arms/State+CF-Aug/long_programs/depth_10_holes_5/exact_trajectory_accuracy,controlled_test,fraction
support_hole,HardTransition,random_16_state_8_rule_permutation,State+CF-Aug,test_hole_steps_5,10,23,answer_accuracy,1.0,256,results/evidence/support_hole/results.json,/results/23/arms/State+CF-Aug/long_programs/depth_10_holes_5/accuracy,controlled_test,fraction
support_hole,HardTransition,random_16_state_8_rule_permutation,State+CF-Aug,test_hole_steps_5,10,23,exact_trajectory_accuracy,1.0,256,results/evidence/support_hole/results.json,/results/23/arms/State+CF-Aug/long_programs/depth_10_holes_5/exact_trajectory_accuracy,controlled_test,fraction
support_hole,HardTransition,random_16_state_8_rule_permutation,State+CF-Aug,test_hole_steps_5,10,37,answer_accuracy,1.0,256,results/evidence/support_hole/results.json,/results/37/arms/State+CF-Aug/long_programs/depth_10_holes_5/accuracy,controlled_test,fraction
support_hole,HardTransition,random_16_state_8_rule_permutation,State+CF-Aug,test_hole_steps_5,10,37,exact_trajectory_accuracy,1.0,256,results/evidence/support_hole/results.json,/results/37/arms/State+CF-Aug/long_programs/depth_10_holes_5/exact_trajectory_accuracy,controlled_test,fraction
support_hole,HardTransition,random_16_state_8_rule_permutation,State+CF-Aug,test_hole_steps_5,10,41,answer_accuracy,1.0,256,results/evidence/support_hole/results.json,/results/41/arms/State+CF-Aug/long_programs/depth_10_holes_5/accuracy,controlled_test,fraction
support_hole,HardTransition,random_16_state_8_rule_permutation,State+CF-Aug,test_hole_steps_5,10,41,exact_trajectory_accuracy,1.0,256,results/evidence/support_hole/results.json,/results/41/arms/State+CF-Aug/long_programs/depth_10_holes_5/exact_trajectory_accuracy,controlled_test,fraction
support_hole,HardTransition,random_16_state_8_rule_permutation,State+CF-Aug,test_hole_steps_5,10,53,answer_accuracy,1.0,256,results/evidence/support_hole/results.json,/results/53/arms/State+CF-Aug/long_programs/depth_10_holes_5/accuracy,controlled_test,fraction
support_hole,HardTransition,random_16_state_8_rule_permutation,State+CF-Aug,test_hole_steps_5,10,53,exact_trajectory_accuracy,1.0,256,results/evidence/support_hole/results.json,/results/53/arms/State+CF-Aug/long_programs/depth_10_holes_5/exact_trajectory_accuracy,controlled_test,fraction
support_hole,HardTransition,random_16_state_8_rule_permutation,State+IIT,factual_holdout_transition,1,11,transition_accuracy,0.9736842105263158,38,results/evidence/support_hole/results.json,/results/11/arms/State+IIT/pairs/holes/accuracy,controlled_test,fraction
support_hole,HardTransition,random_16_state_8_rule_permutation,State+IIT,factual_holdout_transition,1,23,transition_accuracy,0.8947368421052632,38,results/evidence/support_hole/results.json,/results/23/arms/State+IIT/pairs/holes/accuracy,controlled_test,fraction
support_hole,HardTransition,random_16_state_8_rule_permutation,State+IIT,factual_holdout_transition,1,37,transition_accuracy,0.9736842105263158,38,results/evidence/support_hole/results.json,/results/37/arms/State+IIT/pairs/holes/accuracy,controlled_test,fraction
support_hole,HardTransition,random_16_state_8_rule_permutation,State+IIT,factual_holdout_transition,1,41,transition_accuracy,0.9736842105263158,38,results/evidence/support_hole/results.json,/results/41/arms/State+IIT/pairs/holes/accuracy,controlled_test,fraction
support_hole,HardTransition,random_16_state_8_rule_permutation,State+IIT,factual_holdout_transition,1,53,transition_accuracy,0.9473684210526315,38,results/evidence/support_hole/results.json,/results/53/arms/State+IIT/pairs/holes/accuracy,controlled_test,fraction
support_hole,HardTransition,random_16_state_8_rule_permutation,State+IIT,seen_transition,1,11,transition_accuracy,1.0,90,results/evidence/support_hole/results.json,/results/11/arms/State+IIT/pairs/seen/accuracy,controlled_test,fraction
support_hole,HardTransition,random_16_state_8_rule_permutation,State+IIT,seen_transition,1,23,transition_accuracy,1.0,90,results/evidence/support_hole/results.json,/results/23/arms/State+IIT/pairs/seen/accuracy,controlled_test,fraction
support_hole,HardTransition,random_16_state_8_rule_permutation,State+IIT,seen_transition,1,37,transition_accuracy,1.0,90,results/evidence/support_hole/results.json,/results/37/arms/State+IIT/pairs/seen/accuracy,controlled_test,fraction
support_hole,HardTransition,random_16_state_8_rule_permutation,State+IIT,seen_transition,1,41,transition_accuracy,1.0,90,results/evidence/support_hole/results.json,/results/41/arms/State+IIT/pairs/seen/accuracy,controlled_test,fraction
support_hole,HardTransition,random_16_state_8_rule_permutation,State+IIT,seen_transition,1,53,transition_accuracy,1.0,90,results/evidence/support_hole/results.json,/results/53/arms/State+IIT/pairs/seen/accuracy,controlled_test,fraction
support_hole,HardTransition,random_16_state_8_rule_permutation,State+IIT,seen_validation,1,11,answer_accuracy,1.0,23,results/evidence/support_hole/results.json,/results/11/arms/State+IIT/shallow_validation/depth_1/accuracy,development_validation,fraction
support_hole,HardTransition,random_16_state_8_rule_permutation,State+IIT,seen_validation,1,11,exact_trajectory_accuracy,1.0,23,results/evidence/support_hole/results.json,/results/11/arms/State+IIT/shallow_validation/depth_1/exact_trajectory_accuracy,development_validation,fraction
support_hole,HardTransition,random_16_state_8_rule_permutation,State+IIT,seen_validation,1,23,answer_accuracy,1.0,23,results/evidence/support_hole/results.json,/results/23/arms/State+IIT/shallow_validation/depth_1/accuracy,development_validation,fraction
support_hole,HardTransition,random_16_state_8_rule_permutation,State+IIT,seen_validation,1,23,exact_trajectory_accuracy,1.0,23,results/evidence/support_hole/results.json,/results/23/arms/State+IIT/shallow_validation/depth_1/exact_trajectory_accuracy,development_validation,fraction
support_hole,HardTransition,random_16_state_8_rule_permutation,State+IIT,seen_validation,1,37,answer_accuracy,1.0,23,results/evidence/support_hole/results.json,/results/37/arms/State+IIT/shallow_validation/depth_1/accuracy,development_validation,fraction
support_hole,HardTransition,random_16_state_8_rule_permutation,State+IIT,seen_validation,1,37,exact_trajectory_accuracy,1.0,23,results/evidence/support_hole/results.json,/results/37/arms/State+IIT/shallow_validation/depth_1/exact_trajectory_accuracy,development_validation,fraction
support_hole,HardTransition,random_16_state_8_rule_permutation,State+IIT,seen_validation,1,41,answer_accuracy,1.0,23,results/evidence/support_hole/results.json,/results/41/arms/State+IIT/shallow_validation/depth_1/accuracy,development_validation,fraction
support_hole,HardTransition,random_16_state_8_rule_permutation,State+IIT,seen_validation,1,41,exact_trajectory_accuracy,1.0,23,results/evidence/support_hole/results.json,/results/41/arms/State+IIT/shallow_validation/depth_1/exact_trajectory_accuracy,development_validation,fraction
support_hole,HardTransition,random_16_state_8_rule_permutation,State+IIT,seen_validation,1,53,answer_accuracy,1.0,23,results/evidence/support_hole/results.json,/results/53/arms/State+IIT/shallow_validation/depth_1/accuracy,development_validation,fraction
support_hole,HardTransition,random_16_state_8_rule_permutation,State+IIT,seen_validation,1,53,exact_trajectory_accuracy,1.0,23,results/evidence/support_hole/results.json,/results/53/arms/State+IIT/shallow_validation/depth_1/exact_trajectory_accuracy,development_validation,fraction
support_hole,HardTransition,random_16_state_8_rule_permutation,State+IIT,seen_validation,2,11,answer_accuracy,1.0,89,results/evidence/support_hole/results.json,/results/11/arms/State+IIT/shallow_validation/depth_2/accuracy,development_validation,fraction
support_hole,HardTransition,random_16_state_8_rule_permutation,State+IIT,seen_validation,2,11,exact_trajectory_accuracy,1.0,89,results/evidence/support_hole/results.json,/results/11/arms/State+IIT/shallow_validation/depth_2/exact_trajectory_accuracy,development_validation,fraction
support_hole,HardTransition,random_16_state_8_rule_permutation,State+IIT,seen_validation,2,23,answer_accuracy,1.0,89,results/evidence/support_hole/results.json,/results/23/arms/State+IIT/shallow_validation/depth_2/accuracy,development_validation,fraction
support_hole,HardTransition,random_16_state_8_rule_permutation,State+IIT,seen_validation,2,23,exact_trajectory_accuracy,1.0,89,results/evidence/support_hole/results.json,/results/23/arms/State+IIT/shallow_validation/depth_2/exact_trajectory_accuracy,development_validation,fraction
support_hole,HardTransition,random_16_state_8_rule_permutation,State+IIT,seen_validation,2,37,answer_accuracy,1.0,89,results/evidence/support_hole/results.json,/results/37/arms/State+IIT/shallow_validation/depth_2/accuracy,development_validation,fraction
support_hole,HardTransition,random_16_state_8_rule_permutation,State+IIT,seen_validation,2,37,exact_trajectory_accuracy,1.0,89,results/evidence/support_hole/results.json,/results/37/arms/State+IIT/shallow_validation/depth_2/exact_trajectory_accuracy,development_validation,fraction
support_hole,HardTransition,random_16_state_8_rule_permutation,State+IIT,seen_validation,2,41,answer_accuracy,1.0,89,results/evidence/support_hole/results.json,/results/41/arms/State+IIT/shallow_validation/depth_2/accuracy,development_validation,fraction
support_hole,HardTransition,random_16_state_8_rule_permutation,State+IIT,seen_validation,2,41,exact_trajectory_accuracy,1.0,89,results/evidence/support_hole/results.json,/results/41/arms/State+IIT/shallow_validation/depth_2/exact_trajectory_accuracy,development_validation,fraction
support_hole,HardTransition,random_16_state_8_rule_permutation,State+IIT,seen_validation,2,53,answer_accuracy,1.0,89,results/evidence/support_hole/results.json,/results/53/arms/State+IIT/shallow_validation/depth_2/accuracy,development_validation,fraction
support_hole,HardTransition,random_16_state_8_rule_permutation,State+IIT,seen_validation,2,53,exact_trajectory_accuracy,1.0,89,results/evidence/support_hole/results.json,/results/53/arms/State+IIT/shallow_validation/depth_2/exact_trajectory_accuracy,development_validation,fraction
support_hole,HardTransition,random_16_state_8_rule_permutation,State+IIT,seen_validation,3,11,answer_accuracy,1.0,577,results/evidence/support_hole/results.json,/results/11/arms/State+IIT/shallow_validation/depth_3/accuracy,development_validation,fraction
support_hole,HardTransition,random_16_state_8_rule_permutation,State+IIT,seen_validation,3,11,exact_trajectory_accuracy,1.0,577,results/evidence/support_hole/results.json,/results/11/arms/State+IIT/shallow_validation/depth_3/exact_trajectory_accuracy,development_validation,fraction
support_hole,HardTransition,random_16_state_8_rule_permutation,State+IIT,seen_validation,3,23,answer_accuracy,1.0,577,results/evidence/support_hole/results.json,/results/23/arms/State+IIT/shallow_validation/depth_3/accuracy,development_validation,fraction
support_hole,HardTransition,random_16_state_8_rule_permutation,State+IIT,seen_validation,3,23,exact_trajectory_accuracy,1.0,577,results/evidence/support_hole/results.json,/results/23/arms/State+IIT/shallow_validation/depth_3/exact_trajectory_accuracy,development_validation,fraction
support_hole,HardTransition,random_16_state_8_rule_permutation,State+IIT,seen_validation,3,37,answer_accuracy,1.0,577,results/evidence/support_hole/results.json,/results/37/arms/State+IIT/shallow_validation/depth_3/accuracy,development_validation,fraction
support_hole,HardTransition,random_16_state_8_rule_permutation,State+IIT,seen_validation,3,37,exact_trajectory_accuracy,1.0,577,results/evidence/support_hole/results.json,/results/37/arms/State+IIT/shallow_validation/depth_3/exact_trajectory_accuracy,development_validation,fraction
support_hole,HardTransition,random_16_state_8_rule_permutation,State+IIT,seen_validation,3,41,answer_accuracy,1.0,577,results/evidence/support_hole/results.json,/results/41/arms/State+IIT/shallow_validation/depth_3/accuracy,development_validation,fraction
support_hole,HardTransition,random_16_state_8_rule_permutation,State+IIT,seen_validation,3,41,exact_trajectory_accuracy,1.0,577,results/evidence/support_hole/results.json,/results/41/arms/State+IIT/shallow_validation/depth_3/exact_trajectory_accuracy,development_validation,fraction
support_hole,HardTransition,random_16_state_8_rule_permutation,State+IIT,seen_validation,3,53,answer_accuracy,1.0,577,results/evidence/support_hole/results.json,/results/53/arms/State+IIT/shallow_validation/depth_3/accuracy,development_validation,fraction
support_hole,HardTransition,random_16_state_8_rule_permutation,State+IIT,seen_validation,3,53,exact_trajectory_accuracy,1.0,577,results/evidence/support_hole/results.json,/results/53/arms/State+IIT/shallow_validation/depth_3/exact_trajectory_accuracy,development_validation,fraction
support_hole,HardTransition,random_16_state_8_rule_permutation,State+IIT,test_hole_steps_0,10,11,answer_accuracy,1.0,256,results/evidence/support_hole/results.json,/results/11/arms/State+IIT/long_programs/depth_10_holes_0/accuracy,controlled_test,fraction
support_hole,HardTransition,random_16_state_8_rule_permutation,State+IIT,test_hole_steps_0,10,11,exact_trajectory_accuracy,1.0,256,results/evidence/support_hole/results.json,/results/11/arms/State+IIT/long_programs/depth_10_holes_0/exact_trajectory_accuracy,controlled_test,fraction
support_hole,HardTransition,random_16_state_8_rule_permutation,State+IIT,test_hole_steps_0,10,23,answer_accuracy,1.0,256,results/evidence/support_hole/results.json,/results/23/arms/State+IIT/long_programs/depth_10_holes_0/accuracy,controlled_test,fraction
support_hole,HardTransition,random_16_state_8_rule_permutation,State+IIT,test_hole_steps_0,10,23,exact_trajectory_accuracy,1.0,256,results/evidence/support_hole/results.json,/results/23/arms/State+IIT/long_programs/depth_10_holes_0/exact_trajectory_accuracy,controlled_test,fraction
support_hole,HardTransition,random_16_state_8_rule_permutation,State+IIT,test_hole_steps_0,10,37,answer_accuracy,1.0,256,results/evidence/support_hole/results.json,/results/37/arms/State+IIT/long_programs/depth_10_holes_0/accuracy,controlled_test,fraction
support_hole,HardTransition,random_16_state_8_rule_permutation,State+IIT,test_hole_steps_0,10,37,exact_trajectory_accuracy,1.0,256,results/evidence/support_hole/results.json,/results/37/arms/State+IIT/long_programs/depth_10_holes_0/exact_trajectory_accuracy,controlled_test,fraction
support_hole,HardTransition,random_16_state_8_rule_permutation,State+IIT,test_hole_steps_0,10,41,answer_accuracy,1.0,256,results/evidence/support_hole/results.json,/results/41/arms/State+IIT/long_programs/depth_10_holes_0/accuracy,controlled_test,fraction
support_hole,HardTransition,random_16_state_8_rule_permutation,State+IIT,test_hole_steps_0,10,41,exact_trajectory_accuracy,1.0,256,results/evidence/support_hole/results.json,/results/41/arms/State+IIT/long_programs/depth_10_holes_0/exact_trajectory_accuracy,controlled_test,fraction
support_hole,HardTransition,random_16_state_8_rule_permutation,State+IIT,test_hole_steps_0,10,53,answer_accuracy,1.0,256,results/evidence/support_hole/results.json,/results/53/arms/State+IIT/long_programs/depth_10_holes_0/accuracy,controlled_test,fraction
support_hole,HardTransition,random_16_state_8_rule_permutation,State+IIT,test_hole_steps_0,10,53,exact_trajectory_accuracy,1.0,256,results/evidence/support_hole/results.json,/results/53/arms/State+IIT/long_programs/depth_10_holes_0/exact_trajectory_accuracy,controlled_test,fraction
support_hole,HardTransition,random_16_state_8_rule_permutation,State+IIT,test_hole_steps_0,4,11,answer_accuracy,1.0,256,results/evidence/support_hole/results.json,/results/11/arms/State+IIT/long_programs/depth_4_holes_0/accuracy,controlled_test,fraction
support_hole,HardTransition,random_16_state_8_rule_permutation,State+IIT,test_hole_steps_0,4,11,exact_trajectory_accuracy,1.0,256,results/evidence/support_hole/results.json,/results/11/arms/State+IIT/long_programs/depth_4_holes_0/exact_trajectory_accuracy,controlled_test,fraction
support_hole,HardTransition,random_16_state_8_rule_permutation,State+IIT,test_hole_steps_0,4,23,answer_accuracy,1.0,256,results/evidence/support_hole/results.json,/results/23/arms/State+IIT/long_programs/depth_4_holes_0/accuracy,controlled_test,fraction
support_hole,HardTransition,random_16_state_8_rule_permutation,State+IIT,test_hole_steps_0,4,23,exact_trajectory_accuracy,1.0,256,results/evidence/support_hole/results.json,/results/23/arms/State+IIT/long_programs/depth_4_holes_0/exact_trajectory_accuracy,controlled_test,fraction
support_hole,HardTransition,random_16_state_8_rule_permutation,State+IIT,test_hole_steps_0,4,37,answer_accuracy,1.0,256,results/evidence/support_hole/results.json,/results/37/arms/State+IIT/long_programs/depth_4_holes_0/accuracy,controlled_test,fraction
support_hole,HardTransition,random_16_state_8_rule_permutation,State+IIT,test_hole_steps_0,4,37,exact_trajectory_accuracy,1.0,256,results/evidence/support_hole/results.json,/results/37/arms/State+IIT/long_programs/depth_4_holes_0/exact_trajectory_accuracy,controlled_test,fraction
support_hole,HardTransition,random_16_state_8_rule_permutation,State+IIT,test_hole_steps_0,4,41,answer_accuracy,1.0,256,results/evidence/support_hole/results.json,/results/41/arms/State+IIT/long_programs/depth_4_holes_0/accuracy,controlled_test,fraction
support_hole,HardTransition,random_16_state_8_rule_permutation,State+IIT,test_hole_steps_0,4,41,exact_trajectory_accuracy,1.0,256,results/evidence/support_hole/results.json,/results/41/arms/State+IIT/long_programs/depth_4_holes_0/exact_trajectory_accuracy,controlled_test,fraction
support_hole,HardTransition,random_16_state_8_rule_permutation,State+IIT,test_hole_steps_0,4,53,answer_accuracy,1.0,256,results/evidence/support_hole/results.json,/results/53/arms/State+IIT/long_programs/depth_4_holes_0/accuracy,controlled_test,fraction
support_hole,HardTransition,random_16_state_8_rule_permutation,State+IIT,test_hole_steps_0,4,53,exact_trajectory_accuracy,1.0,256,results/evidence/support_hole/results.json,/results/53/arms/State+IIT/long_programs/depth_4_holes_0/exact_trajectory_accuracy,controlled_test,fraction
support_hole,HardTransition,random_16_state_8_rule_permutation,State+IIT,test_hole_steps_0,5,11,answer_accuracy,1.0,256,results/evidence/support_hole/results.json,/results/11/arms/State+IIT/long_programs/depth_5_holes_0/accuracy,controlled_test,fraction
support_hole,HardTransition,random_16_state_8_rule_permutation,State+IIT,test_hole_steps_0,5,11,exact_trajectory_accuracy,1.0,256,results/evidence/support_hole/results.json,/results/11/arms/State+IIT/long_programs/depth_5_holes_0/exact_trajectory_accuracy,controlled_test,fraction
support_hole,HardTransition,random_16_state_8_rule_permutation,State+IIT,test_hole_steps_0,5,23,answer_accuracy,1.0,256,results/evidence/support_hole/results.json,/results/23/arms/State+IIT/long_programs/depth_5_holes_0/accuracy,controlled_test,fraction
support_hole,HardTransition,random_16_state_8_rule_permutation,State+IIT,test_hole_steps_0,5,23,exact_trajectory_accuracy,1.0,256,results/evidence/support_hole/results.json,/results/23/arms/State+IIT/long_programs/depth_5_holes_0/exact_trajectory_accuracy,controlled_test,fraction
support_hole,HardTransition,random_16_state_8_rule_permutation,State+IIT,test_hole_steps_0,5,37,answer_accuracy,1.0,256,results/evidence/support_hole/results.json,/results/37/arms/State+IIT/long_programs/depth_5_holes_0/accuracy,controlled_test,fraction
support_hole,HardTransition,random_16_state_8_rule_permutation,State+IIT,test_hole_steps_0,5,37,exact_trajectory_accuracy,1.0,256,results/evidence/support_hole/results.json,/results/37/arms/State+IIT/long_programs/depth_5_holes_0/exact_trajectory_accuracy,controlled_test,fraction
support_hole,HardTransition,random_16_state_8_rule_permutation,State+IIT,test_hole_steps_0,5,41,answer_accuracy,1.0,256,results/evidence/support_hole/results.json,/results/41/arms/State+IIT/long_programs/depth_5_holes_0/accuracy,controlled_test,fraction
support_hole,HardTransition,random_16_state_8_rule_permutation,State+IIT,test_hole_steps_0,5,41,exact_trajectory_accuracy,1.0,256,results/evidence/support_hole/results.json,/results/41/arms/State+IIT/long_programs/depth_5_holes_0/exact_trajectory_accuracy,controlled_test,fraction
support_hole,HardTransition,random_16_state_8_rule_permutation,State+IIT,test_hole_steps_0,5,53,answer_accuracy,1.0,256,results/evidence/support_hole/results.json,/results/53/arms/State+IIT/long_programs/depth_5_holes_0/accuracy,controlled_test,fraction
support_hole,HardTransition,random_16_state_8_rule_permutation,State+IIT,test_hole_steps_0,5,53,exact_trajectory_accuracy,1.0,256,results/evidence/support_hole/results.json,/results/53/arms/State+IIT/long_programs/depth_5_holes_0/exact_trajectory_accuracy,controlled_test,fraction
support_hole,HardTransition,random_16_state_8_rule_permutation,State+IIT,test_hole_steps_0,6,11,answer_accuracy,1.0,256,results/evidence/support_hole/results.json,/results/11/arms/State+IIT/long_programs/depth_6_holes_0/accuracy,controlled_test,fraction
support_hole,HardTransition,random_16_state_8_rule_permutation,State+IIT,test_hole_steps_0,6,11,exact_trajectory_accuracy,1.0,256,results/evidence/support_hole/results.json,/results/11/arms/State+IIT/long_programs/depth_6_holes_0/exact_trajectory_accuracy,controlled_test,fraction
support_hole,HardTransition,random_16_state_8_rule_permutation,State+IIT,test_hole_steps_0,6,23,answer_accuracy,1.0,256,results/evidence/support_hole/results.json,/results/23/arms/State+IIT/long_programs/depth_6_holes_0/accuracy,controlled_test,fraction
support_hole,HardTransition,random_16_state_8_rule_permutation,State+IIT,test_hole_steps_0,6,23,exact_trajectory_accuracy,1.0,256,results/evidence/support_hole/results.json,/results/23/arms/State+IIT/long_programs/depth_6_holes_0/exact_trajectory_accuracy,controlled_test,fraction
support_hole,HardTransition,random_16_state_8_rule_permutation,State+IIT,test_hole_steps_0,6,37,answer_accuracy,1.0,256,results/evidence/support_hole/results.json,/results/37/arms/State+IIT/long_programs/depth_6_holes_0/accuracy,controlled_test,fraction
support_hole,HardTransition,random_16_state_8_rule_permutation,State+IIT,test_hole_steps_0,6,37,exact_trajectory_accuracy,1.0,256,results/evidence/support_hole/results.json,/results/37/arms/State+IIT/long_programs/depth_6_holes_0/exact_trajectory_accuracy,controlled_test,fraction
support_hole,HardTransition,random_16_state_8_rule_permutation,State+IIT,test_hole_steps_0,6,41,answer_accuracy,1.0,256,results/evidence/support_hole/results.json,/results/41/arms/State+IIT/long_programs/depth_6_holes_0/accuracy,controlled_test,fraction
support_hole,HardTransition,random_16_state_8_rule_permutation,State+IIT,test_hole_steps_0,6,41,exact_trajectory_accuracy,1.0,256,results/evidence/support_hole/results.json,/results/41/arms/State+IIT/long_programs/depth_6_holes_0/exact_trajectory_accuracy,controlled_test,fraction
support_hole,HardTransition,random_16_state_8_rule_permutation,State+IIT,test_hole_steps_0,6,53,answer_accuracy,1.0,256,results/evidence/support_hole/results.json,/results/53/arms/State+IIT/long_programs/depth_6_holes_0/accuracy,controlled_test,fraction
support_hole,HardTransition,random_16_state_8_rule_permutation,State+IIT,test_hole_steps_0,6,53,exact_trajectory_accuracy,1.0,256,results/evidence/support_hole/results.json,/results/53/arms/State+IIT/long_programs/depth_6_holes_0/exact_trajectory_accuracy,controlled_test,fraction
support_hole,HardTransition,random_16_state_8_rule_permutation,State+IIT,test_hole_steps_0,8,11,answer_accuracy,1.0,256,results/evidence/support_hole/results.json,/results/11/arms/State+IIT/long_programs/depth_8_holes_0/accuracy,controlled_test,fraction
support_hole,HardTransition,random_16_state_8_rule_permutation,State+IIT,test_hole_steps_0,8,11,exact_trajectory_accuracy,1.0,256,results/evidence/support_hole/results.json,/results/11/arms/State+IIT/long_programs/depth_8_holes_0/exact_trajectory_accuracy,controlled_test,fraction
support_hole,HardTransition,random_16_state_8_rule_permutation,State+IIT,test_hole_steps_0,8,23,answer_accuracy,1.0,256,results/evidence/support_hole/results.json,/results/23/arms/State+IIT/long_programs/depth_8_holes_0/accuracy,controlled_test,fraction
support_hole,HardTransition,random_16_state_8_rule_permutation,State+IIT,test_hole_steps_0,8,23,exact_trajectory_accuracy,1.0,256,results/evidence/support_hole/results.json,/results/23/arms/State+IIT/long_programs/depth_8_holes_0/exact_trajectory_accuracy,controlled_test,fraction
support_hole,HardTransition,random_16_state_8_rule_permutation,State+IIT,test_hole_steps_0,8,37,answer_accuracy,1.0,256,results/evidence/support_hole/results.json,/results/37/arms/State+IIT/long_programs/depth_8_holes_0/accuracy,controlled_test,fraction
support_hole,HardTransition,random_16_state_8_rule_permutation,State+IIT,test_hole_steps_0,8,37,exact_trajectory_accuracy,1.0,256,results/evidence/support_hole/results.json,/results/37/arms/State+IIT/long_programs/depth_8_holes_0/exact_trajectory_accuracy,controlled_test,fraction
support_hole,HardTransition,random_16_state_8_rule_permutation,State+IIT,test_hole_steps_0,8,41,answer_accuracy,1.0,256,results/evidence/support_hole/results.json,/results/41/arms/State+IIT/long_programs/depth_8_holes_0/accuracy,controlled_test,fraction
support_hole,HardTransition,random_16_state_8_rule_permutation,State+IIT,test_hole_steps_0,8,41,exact_trajectory_accuracy,1.0,256,results/evidence/support_hole/results.json,/results/41/arms/State+IIT/long_programs/depth_8_holes_0/exact_trajectory_accuracy,controlled_test,fraction
support_hole,HardTransition,random_16_state_8_rule_permutation,State+IIT,test_hole_steps_0,8,53,answer_accuracy,1.0,256,results/evidence/support_hole/results.json,/results/53/arms/State+IIT/long_programs/depth_8_holes_0/accuracy,controlled_test,fraction
support_hole,HardTransition,random_16_state_8_rule_permutation,State+IIT,test_hole_steps_0,8,53,exact_trajectory_accuracy,1.0,256,results/evidence/support_hole/results.json,/results/53/arms/State+IIT/long_programs/depth_8_holes_0/exact_trajectory_accuracy,controlled_test,fraction
support_hole,HardTransition,random_16_state_8_rule_permutation,State+IIT,test_hole_steps_1,10,11,answer_accuracy,0.9765625,256,results/evidence/support_hole/results.json,/results/11/arms/State+IIT/long_programs/depth_10_holes_1/accuracy,controlled_test,fraction
support_hole,HardTransition,random_16_state_8_rule_permutation,State+IIT,test_hole_steps_1,10,11,exact_trajectory_accuracy,0.9765625,256,results/evidence/support_hole/results.json,/results/11/arms/State+IIT/long_programs/depth_10_holes_1/exact_trajectory_accuracy,controlled_test,fraction
support_hole,HardTransition,random_16_state_8_rule_permutation,State+IIT,test_hole_steps_1,10,23,answer_accuracy,0.859375,256,results/evidence/support_hole/results.json,/results/23/arms/State+IIT/long_programs/depth_10_holes_1/accuracy,controlled_test,fraction
support_hole,HardTransition,random_16_state_8_rule_permutation,State+IIT,test_hole_steps_1,10,23,exact_trajectory_accuracy,0.859375,256,results/evidence/support_hole/results.json,/results/23/arms/State+IIT/long_programs/depth_10_holes_1/exact_trajectory_accuracy,controlled_test,fraction
support_hole,HardTransition,random_16_state_8_rule_permutation,State+IIT,test_hole_steps_1,10,37,answer_accuracy,0.96875,256,results/evidence/support_hole/results.json,/results/37/arms/State+IIT/long_programs/depth_10_holes_1/accuracy,controlled_test,fraction
support_hole,HardTransition,random_16_state_8_rule_permutation,State+IIT,test_hole_steps_1,10,37,exact_trajectory_accuracy,0.96875,256,results/evidence/support_hole/results.json,/results/37/arms/State+IIT/long_programs/depth_10_holes_1/exact_trajectory_accuracy,controlled_test,fraction
support_hole,HardTransition,random_16_state_8_rule_permutation,State+IIT,test_hole_steps_1,10,41,answer_accuracy,0.9609375,256,results/evidence/support_hole/results.json,/results/41/arms/State+IIT/long_programs/depth_10_holes_1/accuracy,controlled_test,fraction
support_hole,HardTransition,random_16_state_8_rule_permutation,State+IIT,test_hole_steps_1,10,41,exact_trajectory_accuracy,0.9609375,256,results/evidence/support_hole/results.json,/results/41/arms/State+IIT/long_programs/depth_10_holes_1/exact_trajectory_accuracy,controlled_test,fraction
support_hole,HardTransition,random_16_state_8_rule_permutation,State+IIT,test_hole_steps_1,10,53,answer_accuracy,0.9296875,256,results/evidence/support_hole/results.json,/results/53/arms/State+IIT/long_programs/depth_10_holes_1/accuracy,controlled_test,fraction
support_hole,HardTransition,random_16_state_8_rule_permutation,State+IIT,test_hole_steps_1,10,53,exact_trajectory_accuracy,0.9296875,256,results/evidence/support_hole/results.json,/results/53/arms/State+IIT/long_programs/depth_10_holes_1/exact_trajectory_accuracy,controlled_test,fraction
support_hole,HardTransition,random_16_state_8_rule_permutation,State+IIT,test_hole_steps_1,4,11,answer_accuracy,0.984375,256,results/evidence/support_hole/results.json,/results/11/arms/State+IIT/long_programs/depth_4_holes_1/accuracy,controlled_test,fraction
support_hole,HardTransition,random_16_state_8_rule_permutation,State+IIT,test_hole_steps_1,4,11,exact_trajectory_accuracy,0.984375,256,results/evidence/support_hole/results.json,/results/11/arms/State+IIT/long_programs/depth_4_holes_1/exact_trajectory_accuracy,controlled_test,fraction
support_hole,HardTransition,random_16_state_8_rule_permutation,State+IIT,test_hole_steps_1,4,23,answer_accuracy,0.86328125,256,results/evidence/support_hole/results.json,/results/23/arms/State+IIT/long_programs/depth_4_holes_1/accuracy,controlled_test,fraction
support_hole,HardTransition,random_16_state_8_rule_permutation,State+IIT,test_hole_steps_1,4,23,exact_trajectory_accuracy,0.86328125,256,results/evidence/support_hole/results.json,/results/23/arms/State+IIT/long_programs/depth_4_holes_1/exact_trajectory_accuracy,controlled_test,fraction
support_hole,HardTransition,random_16_state_8_rule_permutation,State+IIT,test_hole_steps_1,4,37,answer_accuracy,0.98046875,256,results/evidence/support_hole/results.json,/results/37/arms/State+IIT/long_programs/depth_4_holes_1/accuracy,controlled_test,fraction
support_hole,HardTransition,random_16_state_8_rule_permutation,State+IIT,test_hole_steps_1,4,37,exact_trajectory_accuracy,0.98046875,256,results/evidence/support_hole/results.json,/results/37/arms/State+IIT/long_programs/depth_4_holes_1/exact_trajectory_accuracy,controlled_test,fraction
support_hole,HardTransition,random_16_state_8_rule_permutation,State+IIT,test_hole_steps_1,4,41,answer_accuracy,0.984375,256,results/evidence/support_hole/results.json,/results/41/arms/State+IIT/long_programs/depth_4_holes_1/accuracy,controlled_test,fraction
support_hole,HardTransition,random_16_state_8_rule_permutation,State+IIT,test_hole_steps_1,4,41,exact_trajectory_accuracy,0.984375,256,results/evidence/support_hole/results.json,/results/41/arms/State+IIT/long_programs/depth_4_holes_1/exact_trajectory_accuracy,controlled_test,fraction
support_hole,HardTransition,random_16_state_8_rule_permutation,State+IIT,test_hole_steps_1,4,53,answer_accuracy,0.94921875,256,results/evidence/support_hole/results.json,/results/53/arms/State+IIT/long_programs/depth_4_holes_1/accuracy,controlled_test,fraction
support_hole,HardTransition,random_16_state_8_rule_permutation,State+IIT,test_hole_steps_1,4,53,exact_trajectory_accuracy,0.94921875,256,results/evidence/support_hole/results.json,/results/53/arms/State+IIT/long_programs/depth_4_holes_1/exact_trajectory_accuracy,controlled_test,fraction
support_hole,HardTransition,random_16_state_8_rule_permutation,State+IIT,test_hole_steps_1,5,11,answer_accuracy,0.9921875,256,results/evidence/support_hole/results.json,/results/11/arms/State+IIT/long_programs/depth_5_holes_1/accuracy,controlled_test,fraction
support_hole,HardTransition,random_16_state_8_rule_permutation,State+IIT,test_hole_steps_1,5,11,exact_trajectory_accuracy,0.9921875,256,results/evidence/support_hole/results.json,/results/11/arms/State+IIT/long_programs/depth_5_holes_1/exact_trajectory_accuracy,controlled_test,fraction
support_hole,HardTransition,random_16_state_8_rule_permutation,State+IIT,test_hole_steps_1,5,23,answer_accuracy,0.875,256,results/evidence/support_hole/results.json,/results/23/arms/State+IIT/long_programs/depth_5_holes_1/accuracy,controlled_test,fraction
support_hole,HardTransition,random_16_state_8_rule_permutation,State+IIT,test_hole_steps_1,5,23,exact_trajectory_accuracy,0.875,256,results/evidence/support_hole/results.json,/results/23/arms/State+IIT/long_programs/depth_5_holes_1/exact_trajectory_accuracy,controlled_test,fraction
support_hole,HardTransition,random_16_state_8_rule_permutation,State+IIT,test_hole_steps_1,5,37,answer_accuracy,0.98046875,256,results/evidence/support_hole/results.json,/results/37/arms/State+IIT/long_programs/depth_5_holes_1/accuracy,controlled_test,fraction
support_hole,HardTransition,random_16_state_8_rule_permutation,State+IIT,test_hole_steps_1,5,37,exact_trajectory_accuracy,0.98046875,256,results/evidence/support_hole/results.json,/results/37/arms/State+IIT/long_programs/depth_5_holes_1/exact_trajectory_accuracy,controlled_test,fraction
support_hole,HardTransition,random_16_state_8_rule_permutation,State+IIT,test_hole_steps_1,5,41,answer_accuracy,0.98046875,256,results/evidence/support_hole/results.json,/results/41/arms/State+IIT/long_programs/depth_5_holes_1/accuracy,controlled_test,fraction
support_hole,HardTransition,random_16_state_8_rule_permutation,State+IIT,test_hole_steps_1,5,41,exact_trajectory_accuracy,0.98046875,256,results/evidence/support_hole/results.json,/results/41/arms/State+IIT/long_programs/depth_5_holes_1/exact_trajectory_accuracy,controlled_test,fraction
support_hole,HardTransition,random_16_state_8_rule_permutation,State+IIT,test_hole_steps_1,5,53,answer_accuracy,0.94140625,256,results/evidence/support_hole/results.json,/results/53/arms/State+IIT/long_programs/depth_5_holes_1/accuracy,controlled_test,fraction
support_hole,HardTransition,random_16_state_8_rule_permutation,State+IIT,test_hole_steps_1,5,53,exact_trajectory_accuracy,0.94140625,256,results/evidence/support_hole/results.json,/results/53/arms/State+IIT/long_programs/depth_5_holes_1/exact_trajectory_accuracy,controlled_test,fraction
support_hole,HardTransition,random_16_state_8_rule_permutation,State+IIT,test_hole_steps_1,6,11,answer_accuracy,0.99609375,256,results/evidence/support_hole/results.json,/results/11/arms/State+IIT/long_programs/depth_6_holes_1/accuracy,controlled_test,fraction
support_hole,HardTransition,random_16_state_8_rule_permutation,State+IIT,test_hole_steps_1,6,11,exact_trajectory_accuracy,0.99609375,256,results/evidence/support_hole/results.json,/results/11/arms/State+IIT/long_programs/depth_6_holes_1/exact_trajectory_accuracy,controlled_test,fraction
support_hole,HardTransition,random_16_state_8_rule_permutation,State+IIT,test_hole_steps_1,6,23,answer_accuracy,0.8359375,256,results/evidence/support_hole/results.json,/results/23/arms/State+IIT/long_programs/depth_6_holes_1/accuracy,controlled_test,fraction
support_hole,HardTransition,random_16_state_8_rule_permutation,State+IIT,test_hole_steps_1,6,23,exact_trajectory_accuracy,0.83203125,256,results/evidence/support_hole/results.json,/results/23/arms/State+IIT/long_programs/depth_6_holes_1/exact_trajectory_accuracy,controlled_test,fraction
support_hole,HardTransition,random_16_state_8_rule_permutation,State+IIT,test_hole_steps_1,6,37,answer_accuracy,0.9609375,256,results/evidence/support_hole/results.json,/results/37/arms/State+IIT/long_programs/depth_6_holes_1/accuracy,controlled_test,fraction
support_hole,HardTransition,random_16_state_8_rule_permutation,State+IIT,test_hole_steps_1,6,37,exact_trajectory_accuracy,0.95703125,256,results/evidence/support_hole/results.json,/results/37/arms/State+IIT/long_programs/depth_6_holes_1/exact_trajectory_accuracy,controlled_test,fraction
support_hole,HardTransition,random_16_state_8_rule_permutation,State+IIT,test_hole_steps_1,6,41,answer_accuracy,0.97265625,256,results/evidence/support_hole/results.json,/results/41/arms/State+IIT/long_programs/depth_6_holes_1/accuracy,controlled_test,fraction
support_hole,HardTransition,random_16_state_8_rule_permutation,State+IIT,test_hole_steps_1,6,41,exact_trajectory_accuracy,0.97265625,256,results/evidence/support_hole/results.json,/results/41/arms/State+IIT/long_programs/depth_6_holes_1/exact_trajectory_accuracy,controlled_test,fraction
support_hole,HardTransition,random_16_state_8_rule_permutation,State+IIT,test_hole_steps_1,6,53,answer_accuracy,0.93359375,256,results/evidence/support_hole/results.json,/results/53/arms/State+IIT/long_programs/depth_6_holes_1/accuracy,controlled_test,fraction
support_hole,HardTransition,random_16_state_8_rule_permutation,State+IIT,test_hole_steps_1,6,53,exact_trajectory_accuracy,0.9296875,256,results/evidence/support_hole/results.json,/results/53/arms/State+IIT/long_programs/depth_6_holes_1/exact_trajectory_accuracy,controlled_test,fraction
support_hole,HardTransition,random_16_state_8_rule_permutation,State+IIT,test_hole_steps_1,8,11,answer_accuracy,0.9765625,256,results/evidence/support_hole/results.json,/results/11/arms/State+IIT/long_programs/depth_8_holes_1/accuracy,controlled_test,fraction
support_hole,HardTransition,random_16_state_8_rule_permutation,State+IIT,test_hole_steps_1,8,11,exact_trajectory_accuracy,0.9765625,256,results/evidence/support_hole/results.json,/results/11/arms/State+IIT/long_programs/depth_8_holes_1/exact_trajectory_accuracy,controlled_test,fraction
support_hole,HardTransition,random_16_state_8_rule_permutation,State+IIT,test_hole_steps_1,8,23,answer_accuracy,0.84765625,256,results/evidence/support_hole/results.json,/results/23/arms/State+IIT/long_programs/depth_8_holes_1/accuracy,controlled_test,fraction
support_hole,HardTransition,random_16_state_8_rule_permutation,State+IIT,test_hole_steps_1,8,23,exact_trajectory_accuracy,0.84765625,256,results/evidence/support_hole/results.json,/results/23/arms/State+IIT/long_programs/depth_8_holes_1/exact_trajectory_accuracy,controlled_test,fraction
support_hole,HardTransition,random_16_state_8_rule_permutation,State+IIT,test_hole_steps_1,8,37,answer_accuracy,0.9765625,256,results/evidence/support_hole/results.json,/results/37/arms/State+IIT/long_programs/depth_8_holes_1/accuracy,controlled_test,fraction
support_hole,HardTransition,random_16_state_8_rule_permutation,State+IIT,test_hole_steps_1,8,37,exact_trajectory_accuracy,0.9765625,256,results/evidence/support_hole/results.json,/results/37/arms/State+IIT/long_programs/depth_8_holes_1/exact_trajectory_accuracy,controlled_test,fraction
support_hole,HardTransition,random_16_state_8_rule_permutation,State+IIT,test_hole_steps_1,8,41,answer_accuracy,0.9921875,256,results/evidence/support_hole/results.json,/results/41/arms/State+IIT/long_programs/depth_8_holes_1/accuracy,controlled_test,fraction
support_hole,HardTransition,random_16_state_8_rule_permutation,State+IIT,test_hole_steps_1,8,41,exact_trajectory_accuracy,0.9921875,256,results/evidence/support_hole/results.json,/results/41/arms/State+IIT/long_programs/depth_8_holes_1/exact_trajectory_accuracy,controlled_test,fraction
support_hole,HardTransition,random_16_state_8_rule_permutation,State+IIT,test_hole_steps_1,8,53,answer_accuracy,0.9375,256,results/evidence/support_hole/results.json,/results/53/arms/State+IIT/long_programs/depth_8_holes_1/accuracy,controlled_test,fraction
support_hole,HardTransition,random_16_state_8_rule_permutation,State+IIT,test_hole_steps_1,8,53,exact_trajectory_accuracy,0.9375,256,results/evidence/support_hole/results.json,/results/53/arms/State+IIT/long_programs/depth_8_holes_1/exact_trajectory_accuracy,controlled_test,fraction
support_hole,HardTransition,random_16_state_8_rule_permutation,State+IIT,test_hole_steps_2,10,11,answer_accuracy,0.94921875,256,results/evidence/support_hole/results.json,/results/11/arms/State+IIT/long_programs/depth_10_holes_2/accuracy,controlled_test,fraction
support_hole,HardTransition,random_16_state_8_rule_permutation,State+IIT,test_hole_steps_2,10,11,exact_trajectory_accuracy,0.94921875,256,results/evidence/support_hole/results.json,/results/11/arms/State+IIT/long_programs/depth_10_holes_2/exact_trajectory_accuracy,controlled_test,fraction
support_hole,HardTransition,random_16_state_8_rule_permutation,State+IIT,test_hole_steps_2,10,23,answer_accuracy,0.7421875,256,results/evidence/support_hole/results.json,/results/23/arms/State+IIT/long_programs/depth_10_holes_2/accuracy,controlled_test,fraction
support_hole,HardTransition,random_16_state_8_rule_permutation,State+IIT,test_hole_steps_2,10,23,exact_trajectory_accuracy,0.7421875,256,results/evidence/support_hole/results.json,/results/23/arms/State+IIT/long_programs/depth_10_holes_2/exact_trajectory_accuracy,controlled_test,fraction
support_hole,HardTransition,random_16_state_8_rule_permutation,State+IIT,test_hole_steps_2,10,37,answer_accuracy,0.94921875,256,results/evidence/support_hole/results.json,/results/37/arms/State+IIT/long_programs/depth_10_holes_2/accuracy,controlled_test,fraction
support_hole,HardTransition,random_16_state_8_rule_permutation,State+IIT,test_hole_steps_2,10,37,exact_trajectory_accuracy,0.94921875,256,results/evidence/support_hole/results.json,/results/37/arms/State+IIT/long_programs/depth_10_holes_2/exact_trajectory_accuracy,controlled_test,fraction
support_hole,HardTransition,random_16_state_8_rule_permutation,State+IIT,test_hole_steps_2,10,41,answer_accuracy,0.94921875,256,results/evidence/support_hole/results.json,/results/41/arms/State+IIT/long_programs/depth_10_holes_2/accuracy,controlled_test,fraction
support_hole,HardTransition,random_16_state_8_rule_permutation,State+IIT,test_hole_steps_2,10,41,exact_trajectory_accuracy,0.94921875,256,results/evidence/support_hole/results.json,/results/41/arms/State+IIT/long_programs/depth_10_holes_2/exact_trajectory_accuracy,controlled_test,fraction
support_hole,HardTransition,random_16_state_8_rule_permutation,State+IIT,test_hole_steps_2,10,53,answer_accuracy,0.91796875,256,results/evidence/support_hole/results.json,/results/53/arms/State+IIT/long_programs/depth_10_holes_2/accuracy,controlled_test,fraction
support_hole,HardTransition,random_16_state_8_rule_permutation,State+IIT,test_hole_steps_2,10,53,exact_trajectory_accuracy,0.91796875,256,results/evidence/support_hole/results.json,/results/53/arms/State+IIT/long_programs/depth_10_holes_2/exact_trajectory_accuracy,controlled_test,fraction
support_hole,HardTransition,random_16_state_8_rule_permutation,State+IIT,test_hole_steps_3,10,11,answer_accuracy,0.96484375,256,results/evidence/support_hole/results.json,/results/11/arms/State+IIT/long_programs/depth_10_holes_3/accuracy,controlled_test,fraction
support_hole,HardTransition,random_16_state_8_rule_permutation,State+IIT,test_hole_steps_3,10,11,exact_trajectory_accuracy,0.96484375,256,results/evidence/support_hole/results.json,/results/11/arms/State+IIT/long_programs/depth_10_holes_3/exact_trajectory_accuracy,controlled_test,fraction
support_hole,HardTransition,random_16_state_8_rule_permutation,State+IIT,test_hole_steps_3,10,23,answer_accuracy,0.63671875,256,results/evidence/support_hole/results.json,/results/23/arms/State+IIT/long_programs/depth_10_holes_3/accuracy,controlled_test,fraction
support_hole,HardTransition,random_16_state_8_rule_permutation,State+IIT,test_hole_steps_3,10,23,exact_trajectory_accuracy,0.6328125,256,results/evidence/support_hole/results.json,/results/23/arms/State+IIT/long_programs/depth_10_holes_3/exact_trajectory_accuracy,controlled_test,fraction
support_hole,HardTransition,random_16_state_8_rule_permutation,State+IIT,test_hole_steps_3,10,37,answer_accuracy,0.91796875,256,results/evidence/support_hole/results.json,/results/37/arms/State+IIT/long_programs/depth_10_holes_3/accuracy,controlled_test,fraction
support_hole,HardTransition,random_16_state_8_rule_permutation,State+IIT,test_hole_steps_3,10,37,exact_trajectory_accuracy,0.91796875,256,results/evidence/support_hole/results.json,/results/37/arms/State+IIT/long_programs/depth_10_holes_3/exact_trajectory_accuracy,controlled_test,fraction
support_hole,HardTransition,random_16_state_8_rule_permutation,State+IIT,test_hole_steps_3,10,41,answer_accuracy,0.92578125,256,results/evidence/support_hole/results.json,/results/41/arms/State+IIT/long_programs/depth_10_holes_3/accuracy,controlled_test,fraction
support_hole,HardTransition,random_16_state_8_rule_permutation,State+IIT,test_hole_steps_3,10,41,exact_trajectory_accuracy,0.92578125,256,results/evidence/support_hole/results.json,/results/41/arms/State+IIT/long_programs/depth_10_holes_3/exact_trajectory_accuracy,controlled_test,fraction
support_hole,HardTransition,random_16_state_8_rule_permutation,State+IIT,test_hole_steps_3,10,53,answer_accuracy,0.84765625,256,results/evidence/support_hole/results.json,/results/53/arms/State+IIT/long_programs/depth_10_holes_3/accuracy,controlled_test,fraction
support_hole,HardTransition,random_16_state_8_rule_permutation,State+IIT,test_hole_steps_3,10,53,exact_trajectory_accuracy,0.84765625,256,results/evidence/support_hole/results.json,/results/53/arms/State+IIT/long_programs/depth_10_holes_3/exact_trajectory_accuracy,controlled_test,fraction
support_hole,HardTransition,random_16_state_8_rule_permutation,State+IIT,test_hole_steps_4,10,11,answer_accuracy,0.95703125,256,results/evidence/support_hole/results.json,/results/11/arms/State+IIT/long_programs/depth_10_holes_4/accuracy,controlled_test,fraction
support_hole,HardTransition,random_16_state_8_rule_permutation,State+IIT,test_hole_steps_4,10,11,exact_trajectory_accuracy,0.95703125,256,results/evidence/support_hole/results.json,/results/11/arms/State+IIT/long_programs/depth_10_holes_4/exact_trajectory_accuracy,controlled_test,fraction
support_hole,HardTransition,random_16_state_8_rule_permutation,State+IIT,test_hole_steps_4,10,23,answer_accuracy,0.59765625,256,results/evidence/support_hole/results.json,/results/23/arms/State+IIT/long_programs/depth_10_holes_4/accuracy,controlled_test,fraction
support_hole,HardTransition,random_16_state_8_rule_permutation,State+IIT,test_hole_steps_4,10,23,exact_trajectory_accuracy,0.59765625,256,results/evidence/support_hole/results.json,/results/23/arms/State+IIT/long_programs/depth_10_holes_4/exact_trajectory_accuracy,controlled_test,fraction
support_hole,HardTransition,random_16_state_8_rule_permutation,State+IIT,test_hole_steps_4,10,37,answer_accuracy,0.88671875,256,results/evidence/support_hole/results.json,/results/37/arms/State+IIT/long_programs/depth_10_holes_4/accuracy,controlled_test,fraction
support_hole,HardTransition,random_16_state_8_rule_permutation,State+IIT,test_hole_steps_4,10,37,exact_trajectory_accuracy,0.88671875,256,results/evidence/support_hole/results.json,/results/37/arms/State+IIT/long_programs/depth_10_holes_4/exact_trajectory_accuracy,controlled_test,fraction
support_hole,HardTransition,random_16_state_8_rule_permutation,State+IIT,test_hole_steps_4,10,41,answer_accuracy,0.95703125,256,results/evidence/support_hole/results.json,/results/41/arms/State+IIT/long_programs/depth_10_holes_4/accuracy,controlled_test,fraction
support_hole,HardTransition,random_16_state_8_rule_permutation,State+IIT,test_hole_steps_4,10,41,exact_trajectory_accuracy,0.95703125,256,results/evidence/support_hole/results.json,/results/41/arms/State+IIT/long_programs/depth_10_holes_4/exact_trajectory_accuracy,controlled_test,fraction
support_hole,HardTransition,random_16_state_8_rule_permutation,State+IIT,test_hole_steps_4,10,53,answer_accuracy,0.8125,256,results/evidence/support_hole/results.json,/results/53/arms/State+IIT/long_programs/depth_10_holes_4/accuracy,controlled_test,fraction
support_hole,HardTransition,random_16_state_8_rule_permutation,State+IIT,test_hole_steps_4,10,53,exact_trajectory_accuracy,0.8125,256,results/evidence/support_hole/results.json,/results/53/arms/State+IIT/long_programs/depth_10_holes_4/exact_trajectory_accuracy,controlled_test,fraction
support_hole,HardTransition,random_16_state_8_rule_permutation,State+IIT,test_hole_steps_5,10,11,answer_accuracy,0.92578125,256,results/evidence/support_hole/results.json,/results/11/arms/State+IIT/long_programs/depth_10_holes_5/accuracy,controlled_test,fraction
support_hole,HardTransition,random_16_state_8_rule_permutation,State+IIT,test_hole_steps_5,10,11,exact_trajectory_accuracy,0.92578125,256,results/evidence/support_hole/results.json,/results/11/arms/State+IIT/long_programs/depth_10_holes_5/exact_trajectory_accuracy,controlled_test,fraction
support_hole,HardTransition,random_16_state_8_rule_permutation,State+IIT,test_hole_steps_5,10,23,answer_accuracy,0.5,256,results/evidence/support_hole/results.json,/results/23/arms/State+IIT/long_programs/depth_10_holes_5/accuracy,controlled_test,fraction
support_hole,HardTransition,random_16_state_8_rule_permutation,State+IIT,test_hole_steps_5,10,23,exact_trajectory_accuracy,0.48828125,256,results/evidence/support_hole/results.json,/results/23/arms/State+IIT/long_programs/depth_10_holes_5/exact_trajectory_accuracy,controlled_test,fraction
support_hole,HardTransition,random_16_state_8_rule_permutation,State+IIT,test_hole_steps_5,10,37,answer_accuracy,0.83203125,256,results/evidence/support_hole/results.json,/results/37/arms/State+IIT/long_programs/depth_10_holes_5/accuracy,controlled_test,fraction
support_hole,HardTransition,random_16_state_8_rule_permutation,State+IIT,test_hole_steps_5,10,37,exact_trajectory_accuracy,0.83203125,256,results/evidence/support_hole/results.json,/results/37/arms/State+IIT/long_programs/depth_10_holes_5/exact_trajectory_accuracy,controlled_test,fraction
support_hole,HardTransition,random_16_state_8_rule_permutation,State+IIT,test_hole_steps_5,10,41,answer_accuracy,0.921875,256,results/evidence/support_hole/results.json,/results/41/arms/State+IIT/long_programs/depth_10_holes_5/accuracy,controlled_test,fraction
support_hole,HardTransition,random_16_state_8_rule_permutation,State+IIT,test_hole_steps_5,10,41,exact_trajectory_accuracy,0.921875,256,results/evidence/support_hole/results.json,/results/41/arms/State+IIT/long_programs/depth_10_holes_5/exact_trajectory_accuracy,controlled_test,fraction
support_hole,HardTransition,random_16_state_8_rule_permutation,State+IIT,test_hole_steps_5,10,53,answer_accuracy,0.76953125,256,results/evidence/support_hole/results.json,/results/53/arms/State+IIT/long_programs/depth_10_holes_5/accuracy,controlled_test,fraction
support_hole,HardTransition,random_16_state_8_rule_permutation,State+IIT,test_hole_steps_5,10,53,exact_trajectory_accuracy,0.765625,256,results/evidence/support_hole/results.json,/results/53/arms/State+IIT/long_programs/depth_10_holes_5/exact_trajectory_accuracy,controlled_test,fraction
support_hole,HardTransition,random_16_state_8_rule_permutation,State+IIT-seen,factual_holdout_transition,1,11,transition_accuracy,0.0,38,results/evidence/support_hole/results.json,/results/11/arms/State+IIT-seen/pairs/holes/accuracy,controlled_test,fraction
support_hole,HardTransition,random_16_state_8_rule_permutation,State+IIT-seen,factual_holdout_transition,1,23,transition_accuracy,0.02631578947368421,38,results/evidence/support_hole/results.json,/results/23/arms/State+IIT-seen/pairs/holes/accuracy,controlled_test,fraction
support_hole,HardTransition,random_16_state_8_rule_permutation,State+IIT-seen,factual_holdout_transition,1,37,transition_accuracy,0.0,38,results/evidence/support_hole/results.json,/results/37/arms/State+IIT-seen/pairs/holes/accuracy,controlled_test,fraction
support_hole,HardTransition,random_16_state_8_rule_permutation,State+IIT-seen,factual_holdout_transition,1,41,transition_accuracy,0.02631578947368421,38,results/evidence/support_hole/results.json,/results/41/arms/State+IIT-seen/pairs/holes/accuracy,controlled_test,fraction
support_hole,HardTransition,random_16_state_8_rule_permutation,State+IIT-seen,factual_holdout_transition,1,53,transition_accuracy,0.0,38,results/evidence/support_hole/results.json,/results/53/arms/State+IIT-seen/pairs/holes/accuracy,controlled_test,fraction
support_hole,HardTransition,random_16_state_8_rule_permutation,State+IIT-seen,seen_transition,1,11,transition_accuracy,1.0,90,results/evidence/support_hole/results.json,/results/11/arms/State+IIT-seen/pairs/seen/accuracy,controlled_test,fraction
support_hole,HardTransition,random_16_state_8_rule_permutation,State+IIT-seen,seen_transition,1,23,transition_accuracy,1.0,90,results/evidence/support_hole/results.json,/results/23/arms/State+IIT-seen/pairs/seen/accuracy,controlled_test,fraction
support_hole,HardTransition,random_16_state_8_rule_permutation,State+IIT-seen,seen_transition,1,37,transition_accuracy,1.0,90,results/evidence/support_hole/results.json,/results/37/arms/State+IIT-seen/pairs/seen/accuracy,controlled_test,fraction
support_hole,HardTransition,random_16_state_8_rule_permutation,State+IIT-seen,seen_transition,1,41,transition_accuracy,1.0,90,results/evidence/support_hole/results.json,/results/41/arms/State+IIT-seen/pairs/seen/accuracy,controlled_test,fraction
support_hole,HardTransition,random_16_state_8_rule_permutation,State+IIT-seen,seen_transition,1,53,transition_accuracy,1.0,90,results/evidence/support_hole/results.json,/results/53/arms/State+IIT-seen/pairs/seen/accuracy,controlled_test,fraction
support_hole,HardTransition,random_16_state_8_rule_permutation,State+IIT-seen,seen_validation,1,11,answer_accuracy,1.0,23,results/evidence/support_hole/results.json,/results/11/arms/State+IIT-seen/shallow_validation/depth_1/accuracy,development_validation,fraction
support_hole,HardTransition,random_16_state_8_rule_permutation,State+IIT-seen,seen_validation,1,11,exact_trajectory_accuracy,1.0,23,results/evidence/support_hole/results.json,/results/11/arms/State+IIT-seen/shallow_validation/depth_1/exact_trajectory_accuracy,development_validation,fraction
support_hole,HardTransition,random_16_state_8_rule_permutation,State+IIT-seen,seen_validation,1,23,answer_accuracy,1.0,23,results/evidence/support_hole/results.json,/results/23/arms/State+IIT-seen/shallow_validation/depth_1/accuracy,development_validation,fraction
support_hole,HardTransition,random_16_state_8_rule_permutation,State+IIT-seen,seen_validation,1,23,exact_trajectory_accuracy,1.0,23,results/evidence/support_hole/results.json,/results/23/arms/State+IIT-seen/shallow_validation/depth_1/exact_trajectory_accuracy,development_validation,fraction
support_hole,HardTransition,random_16_state_8_rule_permutation,State+IIT-seen,seen_validation,1,37,answer_accuracy,1.0,23,results/evidence/support_hole/results.json,/results/37/arms/State+IIT-seen/shallow_validation/depth_1/accuracy,development_validation,fraction
support_hole,HardTransition,random_16_state_8_rule_permutation,State+IIT-seen,seen_validation,1,37,exact_trajectory_accuracy,1.0,23,results/evidence/support_hole/results.json,/results/37/arms/State+IIT-seen/shallow_validation/depth_1/exact_trajectory_accuracy,development_validation,fraction
support_hole,HardTransition,random_16_state_8_rule_permutation,State+IIT-seen,seen_validation,1,41,answer_accuracy,1.0,23,results/evidence/support_hole/results.json,/results/41/arms/State+IIT-seen/shallow_validation/depth_1/accuracy,development_validation,fraction
support_hole,HardTransition,random_16_state_8_rule_permutation,State+IIT-seen,seen_validation,1,41,exact_trajectory_accuracy,1.0,23,results/evidence/support_hole/results.json,/results/41/arms/State+IIT-seen/shallow_validation/depth_1/exact_trajectory_accuracy,development_validation,fraction
support_hole,HardTransition,random_16_state_8_rule_permutation,State+IIT-seen,seen_validation,1,53,answer_accuracy,1.0,23,results/evidence/support_hole/results.json,/results/53/arms/State+IIT-seen/shallow_validation/depth_1/accuracy,development_validation,fraction
support_hole,HardTransition,random_16_state_8_rule_permutation,State+IIT-seen,seen_validation,1,53,exact_trajectory_accuracy,1.0,23,results/evidence/support_hole/results.json,/results/53/arms/State+IIT-seen/shallow_validation/depth_1/exact_trajectory_accuracy,development_validation,fraction
support_hole,HardTransition,random_16_state_8_rule_permutation,State+IIT-seen,seen_validation,2,11,answer_accuracy,1.0,89,results/evidence/support_hole/results.json,/results/11/arms/State+IIT-seen/shallow_validation/depth_2/accuracy,development_validation,fraction
support_hole,HardTransition,random_16_state_8_rule_permutation,State+IIT-seen,seen_validation,2,11,exact_trajectory_accuracy,1.0,89,results/evidence/support_hole/results.json,/results/11/arms/State+IIT-seen/shallow_validation/depth_2/exact_trajectory_accuracy,development_validation,fraction
support_hole,HardTransition,random_16_state_8_rule_permutation,State+IIT-seen,seen_validation,2,23,answer_accuracy,1.0,89,results/evidence/support_hole/results.json,/results/23/arms/State+IIT-seen/shallow_validation/depth_2/accuracy,development_validation,fraction
support_hole,HardTransition,random_16_state_8_rule_permutation,State+IIT-seen,seen_validation,2,23,exact_trajectory_accuracy,1.0,89,results/evidence/support_hole/results.json,/results/23/arms/State+IIT-seen/shallow_validation/depth_2/exact_trajectory_accuracy,development_validation,fraction
support_hole,HardTransition,random_16_state_8_rule_permutation,State+IIT-seen,seen_validation,2,37,answer_accuracy,1.0,89,results/evidence/support_hole/results.json,/results/37/arms/State+IIT-seen/shallow_validation/depth_2/accuracy,development_validation,fraction
support_hole,HardTransition,random_16_state_8_rule_permutation,State+IIT-seen,seen_validation,2,37,exact_trajectory_accuracy,1.0,89,results/evidence/support_hole/results.json,/results/37/arms/State+IIT-seen/shallow_validation/depth_2/exact_trajectory_accuracy,development_validation,fraction
support_hole,HardTransition,random_16_state_8_rule_permutation,State+IIT-seen,seen_validation,2,41,answer_accuracy,1.0,89,results/evidence/support_hole/results.json,/results/41/arms/State+IIT-seen/shallow_validation/depth_2/accuracy,development_validation,fraction
support_hole,HardTransition,random_16_state_8_rule_permutation,State+IIT-seen,seen_validation,2,41,exact_trajectory_accuracy,1.0,89,results/evidence/support_hole/results.json,/results/41/arms/State+IIT-seen/shallow_validation/depth_2/exact_trajectory_accuracy,development_validation,fraction
support_hole,HardTransition,random_16_state_8_rule_permutation,State+IIT-seen,seen_validation,2,53,answer_accuracy,1.0,89,results/evidence/support_hole/results.json,/results/53/arms/State+IIT-seen/shallow_validation/depth_2/accuracy,development_validation,fraction
support_hole,HardTransition,random_16_state_8_rule_permutation,State+IIT-seen,seen_validation,2,53,exact_trajectory_accuracy,1.0,89,results/evidence/support_hole/results.json,/results/53/arms/State+IIT-seen/shallow_validation/depth_2/exact_trajectory_accuracy,development_validation,fraction
support_hole,HardTransition,random_16_state_8_rule_permutation,State+IIT-seen,seen_validation,3,11,answer_accuracy,1.0,577,results/evidence/support_hole/results.json,/results/11/arms/State+IIT-seen/shallow_validation/depth_3/accuracy,development_validation,fraction
support_hole,HardTransition,random_16_state_8_rule_permutation,State+IIT-seen,seen_validation,3,11,exact_trajectory_accuracy,1.0,577,results/evidence/support_hole/results.json,/results/11/arms/State+IIT-seen/shallow_validation/depth_3/exact_trajectory_accuracy,development_validation,fraction
support_hole,HardTransition,random_16_state_8_rule_permutation,State+IIT-seen,seen_validation,3,23,answer_accuracy,1.0,577,results/evidence/support_hole/results.json,/results/23/arms/State+IIT-seen/shallow_validation/depth_3/accuracy,development_validation,fraction
support_hole,HardTransition,random_16_state_8_rule_permutation,State+IIT-seen,seen_validation,3,23,exact_trajectory_accuracy,1.0,577,results/evidence/support_hole/results.json,/results/23/arms/State+IIT-seen/shallow_validation/depth_3/exact_trajectory_accuracy,development_validation,fraction
support_hole,HardTransition,random_16_state_8_rule_permutation,State+IIT-seen,seen_validation,3,37,answer_accuracy,1.0,577,results/evidence/support_hole/results.json,/results/37/arms/State+IIT-seen/shallow_validation/depth_3/accuracy,development_validation,fraction
support_hole,HardTransition,random_16_state_8_rule_permutation,State+IIT-seen,seen_validation,3,37,exact_trajectory_accuracy,1.0,577,results/evidence/support_hole/results.json,/results/37/arms/State+IIT-seen/shallow_validation/depth_3/exact_trajectory_accuracy,development_validation,fraction
support_hole,HardTransition,random_16_state_8_rule_permutation,State+IIT-seen,seen_validation,3,41,answer_accuracy,1.0,577,results/evidence/support_hole/results.json,/results/41/arms/State+IIT-seen/shallow_validation/depth_3/accuracy,development_validation,fraction
support_hole,HardTransition,random_16_state_8_rule_permutation,State+IIT-seen,seen_validation,3,41,exact_trajectory_accuracy,1.0,577,results/evidence/support_hole/results.json,/results/41/arms/State+IIT-seen/shallow_validation/depth_3/exact_trajectory_accuracy,development_validation,fraction
support_hole,HardTransition,random_16_state_8_rule_permutation,State+IIT-seen,seen_validation,3,53,answer_accuracy,1.0,577,results/evidence/support_hole/results.json,/results/53/arms/State+IIT-seen/shallow_validation/depth_3/accuracy,development_validation,fraction
support_hole,HardTransition,random_16_state_8_rule_permutation,State+IIT-seen,seen_validation,3,53,exact_trajectory_accuracy,1.0,577,results/evidence/support_hole/results.json,/results/53/arms/State+IIT-seen/shallow_validation/depth_3/exact_trajectory_accuracy,development_validation,fraction
support_hole,HardTransition,random_16_state_8_rule_permutation,State+IIT-seen,test_hole_steps_0,10,11,answer_accuracy,1.0,256,results/evidence/support_hole/results.json,/results/11/arms/State+IIT-seen/long_programs/depth_10_holes_0/accuracy,controlled_test,fraction
support_hole,HardTransition,random_16_state_8_rule_permutation,State+IIT-seen,test_hole_steps_0,10,11,exact_trajectory_accuracy,1.0,256,results/evidence/support_hole/results.json,/results/11/arms/State+IIT-seen/long_programs/depth_10_holes_0/exact_trajectory_accuracy,controlled_test,fraction
support_hole,HardTransition,random_16_state_8_rule_permutation,State+IIT-seen,test_hole_steps_0,10,23,answer_accuracy,1.0,256,results/evidence/support_hole/results.json,/results/23/arms/State+IIT-seen/long_programs/depth_10_holes_0/accuracy,controlled_test,fraction
support_hole,HardTransition,random_16_state_8_rule_permutation,State+IIT-seen,test_hole_steps_0,10,23,exact_trajectory_accuracy,1.0,256,results/evidence/support_hole/results.json,/results/23/arms/State+IIT-seen/long_programs/depth_10_holes_0/exact_trajectory_accuracy,controlled_test,fraction
support_hole,HardTransition,random_16_state_8_rule_permutation,State+IIT-seen,test_hole_steps_0,10,37,answer_accuracy,1.0,256,results/evidence/support_hole/results.json,/results/37/arms/State+IIT-seen/long_programs/depth_10_holes_0/accuracy,controlled_test,fraction
support_hole,HardTransition,random_16_state_8_rule_permutation,State+IIT-seen,test_hole_steps_0,10,37,exact_trajectory_accuracy,1.0,256,results/evidence/support_hole/results.json,/results/37/arms/State+IIT-seen/long_programs/depth_10_holes_0/exact_trajectory_accuracy,controlled_test,fraction
support_hole,HardTransition,random_16_state_8_rule_permutation,State+IIT-seen,test_hole_steps_0,10,41,answer_accuracy,1.0,256,results/evidence/support_hole/results.json,/results/41/arms/State+IIT-seen/long_programs/depth_10_holes_0/accuracy,controlled_test,fraction
support_hole,HardTransition,random_16_state_8_rule_permutation,State+IIT-seen,test_hole_steps_0,10,41,exact_trajectory_accuracy,1.0,256,results/evidence/support_hole/results.json,/results/41/arms/State+IIT-seen/long_programs/depth_10_holes_0/exact_trajectory_accuracy,controlled_test,fraction
support_hole,HardTransition,random_16_state_8_rule_permutation,State+IIT-seen,test_hole_steps_0,10,53,answer_accuracy,1.0,256,results/evidence/support_hole/results.json,/results/53/arms/State+IIT-seen/long_programs/depth_10_holes_0/accuracy,controlled_test,fraction
support_hole,HardTransition,random_16_state_8_rule_permutation,State+IIT-seen,test_hole_steps_0,10,53,exact_trajectory_accuracy,1.0,256,results/evidence/support_hole/results.json,/results/53/arms/State+IIT-seen/long_programs/depth_10_holes_0/exact_trajectory_accuracy,controlled_test,fraction
support_hole,HardTransition,random_16_state_8_rule_permutation,State+IIT-seen,test_hole_steps_0,4,11,answer_accuracy,1.0,256,results/evidence/support_hole/results.json,/results/11/arms/State+IIT-seen/long_programs/depth_4_holes_0/accuracy,controlled_test,fraction
support_hole,HardTransition,random_16_state_8_rule_permutation,State+IIT-seen,test_hole_steps_0,4,11,exact_trajectory_accuracy,1.0,256,results/evidence/support_hole/results.json,/results/11/arms/State+IIT-seen/long_programs/depth_4_holes_0/exact_trajectory_accuracy,controlled_test,fraction
support_hole,HardTransition,random_16_state_8_rule_permutation,State+IIT-seen,test_hole_steps_0,4,23,answer_accuracy,1.0,256,results/evidence/support_hole/results.json,/results/23/arms/State+IIT-seen/long_programs/depth_4_holes_0/accuracy,controlled_test,fraction
support_hole,HardTransition,random_16_state_8_rule_permutation,State+IIT-seen,test_hole_steps_0,4,23,exact_trajectory_accuracy,1.0,256,results/evidence/support_hole/results.json,/results/23/arms/State+IIT-seen/long_programs/depth_4_holes_0/exact_trajectory_accuracy,controlled_test,fraction
support_hole,HardTransition,random_16_state_8_rule_permutation,State+IIT-seen,test_hole_steps_0,4,37,answer_accuracy,1.0,256,results/evidence/support_hole/results.json,/results/37/arms/State+IIT-seen/long_programs/depth_4_holes_0/accuracy,controlled_test,fraction
support_hole,HardTransition,random_16_state_8_rule_permutation,State+IIT-seen,test_hole_steps_0,4,37,exact_trajectory_accuracy,1.0,256,results/evidence/support_hole/results.json,/results/37/arms/State+IIT-seen/long_programs/depth_4_holes_0/exact_trajectory_accuracy,controlled_test,fraction
support_hole,HardTransition,random_16_state_8_rule_permutation,State+IIT-seen,test_hole_steps_0,4,41,answer_accuracy,1.0,256,results/evidence/support_hole/results.json,/results/41/arms/State+IIT-seen/long_programs/depth_4_holes_0/accuracy,controlled_test,fraction
support_hole,HardTransition,random_16_state_8_rule_permutation,State+IIT-seen,test_hole_steps_0,4,41,exact_trajectory_accuracy,1.0,256,results/evidence/support_hole/results.json,/results/41/arms/State+IIT-seen/long_programs/depth_4_holes_0/exact_trajectory_accuracy,controlled_test,fraction
support_hole,HardTransition,random_16_state_8_rule_permutation,State+IIT-seen,test_hole_steps_0,4,53,answer_accuracy,1.0,256,results/evidence/support_hole/results.json,/results/53/arms/State+IIT-seen/long_programs/depth_4_holes_0/accuracy,controlled_test,fraction
support_hole,HardTransition,random_16_state_8_rule_permutation,State+IIT-seen,test_hole_steps_0,4,53,exact_trajectory_accuracy,1.0,256,results/evidence/support_hole/results.json,/results/53/arms/State+IIT-seen/long_programs/depth_4_holes_0/exact_trajectory_accuracy,controlled_test,fraction
support_hole,HardTransition,random_16_state_8_rule_permutation,State+IIT-seen,test_hole_steps_0,5,11,answer_accuracy,1.0,256,results/evidence/support_hole/results.json,/results/11/arms/State+IIT-seen/long_programs/depth_5_holes_0/accuracy,controlled_test,fraction
support_hole,HardTransition,random_16_state_8_rule_permutation,State+IIT-seen,test_hole_steps_0,5,11,exact_trajectory_accuracy,1.0,256,results/evidence/support_hole/results.json,/results/11/arms/State+IIT-seen/long_programs/depth_5_holes_0/exact_trajectory_accuracy,controlled_test,fraction
support_hole,HardTransition,random_16_state_8_rule_permutation,State+IIT-seen,test_hole_steps_0,5,23,answer_accuracy,1.0,256,results/evidence/support_hole/results.json,/results/23/arms/State+IIT-seen/long_programs/depth_5_holes_0/accuracy,controlled_test,fraction
support_hole,HardTransition,random_16_state_8_rule_permutation,State+IIT-seen,test_hole_steps_0,5,23,exact_trajectory_accuracy,1.0,256,results/evidence/support_hole/results.json,/results/23/arms/State+IIT-seen/long_programs/depth_5_holes_0/exact_trajectory_accuracy,controlled_test,fraction
support_hole,HardTransition,random_16_state_8_rule_permutation,State+IIT-seen,test_hole_steps_0,5,37,answer_accuracy,1.0,256,results/evidence/support_hole/results.json,/results/37/arms/State+IIT-seen/long_programs/depth_5_holes_0/accuracy,controlled_test,fraction
support_hole,HardTransition,random_16_state_8_rule_permutation,State+IIT-seen,test_hole_steps_0,5,37,exact_trajectory_accuracy,1.0,256,results/evidence/support_hole/results.json,/results/37/arms/State+IIT-seen/long_programs/depth_5_holes_0/exact_trajectory_accuracy,controlled_test,fraction
support_hole,HardTransition,random_16_state_8_rule_permutation,State+IIT-seen,test_hole_steps_0,5,41,answer_accuracy,1.0,256,results/evidence/support_hole/results.json,/results/41/arms/State+IIT-seen/long_programs/depth_5_holes_0/accuracy,controlled_test,fraction
support_hole,HardTransition,random_16_state_8_rule_permutation,State+IIT-seen,test_hole_steps_0,5,41,exact_trajectory_accuracy,1.0,256,results/evidence/support_hole/results.json,/results/41/arms/State+IIT-seen/long_programs/depth_5_holes_0/exact_trajectory_accuracy,controlled_test,fraction
support_hole,HardTransition,random_16_state_8_rule_permutation,State+IIT-seen,test_hole_steps_0,5,53,answer_accuracy,1.0,256,results/evidence/support_hole/results.json,/results/53/arms/State+IIT-seen/long_programs/depth_5_holes_0/accuracy,controlled_test,fraction
support_hole,HardTransition,random_16_state_8_rule_permutation,State+IIT-seen,test_hole_steps_0,5,53,exact_trajectory_accuracy,1.0,256,results/evidence/support_hole/results.json,/results/53/arms/State+IIT-seen/long_programs/depth_5_holes_0/exact_trajectory_accuracy,controlled_test,fraction
support_hole,HardTransition,random_16_state_8_rule_permutation,State+IIT-seen,test_hole_steps_0,6,11,answer_accuracy,1.0,256,results/evidence/support_hole/results.json,/results/11/arms/State+IIT-seen/long_programs/depth_6_holes_0/accuracy,controlled_test,fraction
support_hole,HardTransition,random_16_state_8_rule_permutation,State+IIT-seen,test_hole_steps_0,6,11,exact_trajectory_accuracy,1.0,256,results/evidence/support_hole/results.json,/results/11/arms/State+IIT-seen/long_programs/depth_6_holes_0/exact_trajectory_accuracy,controlled_test,fraction
support_hole,HardTransition,random_16_state_8_rule_permutation,State+IIT-seen,test_hole_steps_0,6,23,answer_accuracy,1.0,256,results/evidence/support_hole/results.json,/results/23/arms/State+IIT-seen/long_programs/depth_6_holes_0/accuracy,controlled_test,fraction
support_hole,HardTransition,random_16_state_8_rule_permutation,State+IIT-seen,test_hole_steps_0,6,23,exact_trajectory_accuracy,1.0,256,results/evidence/support_hole/results.json,/results/23/arms/State+IIT-seen/long_programs/depth_6_holes_0/exact_trajectory_accuracy,controlled_test,fraction
support_hole,HardTransition,random_16_state_8_rule_permutation,State+IIT-seen,test_hole_steps_0,6,37,answer_accuracy,1.0,256,results/evidence/support_hole/results.json,/results/37/arms/State+IIT-seen/long_programs/depth_6_holes_0/accuracy,controlled_test,fraction
support_hole,HardTransition,random_16_state_8_rule_permutation,State+IIT-seen,test_hole_steps_0,6,37,exact_trajectory_accuracy,1.0,256,results/evidence/support_hole/results.json,/results/37/arms/State+IIT-seen/long_programs/depth_6_holes_0/exact_trajectory_accuracy,controlled_test,fraction
support_hole,HardTransition,random_16_state_8_rule_permutation,State+IIT-seen,test_hole_steps_0,6,41,answer_accuracy,1.0,256,results/evidence/support_hole/results.json,/results/41/arms/State+IIT-seen/long_programs/depth_6_holes_0/accuracy,controlled_test,fraction
support_hole,HardTransition,random_16_state_8_rule_permutation,State+IIT-seen,test_hole_steps_0,6,41,exact_trajectory_accuracy,1.0,256,results/evidence/support_hole/results.json,/results/41/arms/State+IIT-seen/long_programs/depth_6_holes_0/exact_trajectory_accuracy,controlled_test,fraction
support_hole,HardTransition,random_16_state_8_rule_permutation,State+IIT-seen,test_hole_steps_0,6,53,answer_accuracy,1.0,256,results/evidence/support_hole/results.json,/results/53/arms/State+IIT-seen/long_programs/depth_6_holes_0/accuracy,controlled_test,fraction
support_hole,HardTransition,random_16_state_8_rule_permutation,State+IIT-seen,test_hole_steps_0,6,53,exact_trajectory_accuracy,1.0,256,results/evidence/support_hole/results.json,/results/53/arms/State+IIT-seen/long_programs/depth_6_holes_0/exact_trajectory_accuracy,controlled_test,fraction
support_hole,HardTransition,random_16_state_8_rule_permutation,State+IIT-seen,test_hole_steps_0,8,11,answer_accuracy,1.0,256,results/evidence/support_hole/results.json,/results/11/arms/State+IIT-seen/long_programs/depth_8_holes_0/accuracy,controlled_test,fraction
support_hole,HardTransition,random_16_state_8_rule_permutation,State+IIT-seen,test_hole_steps_0,8,11,exact_trajectory_accuracy,1.0,256,results/evidence/support_hole/results.json,/results/11/arms/State+IIT-seen/long_programs/depth_8_holes_0/exact_trajectory_accuracy,controlled_test,fraction
support_hole,HardTransition,random_16_state_8_rule_permutation,State+IIT-seen,test_hole_steps_0,8,23,answer_accuracy,1.0,256,results/evidence/support_hole/results.json,/results/23/arms/State+IIT-seen/long_programs/depth_8_holes_0/accuracy,controlled_test,fraction
support_hole,HardTransition,random_16_state_8_rule_permutation,State+IIT-seen,test_hole_steps_0,8,23,exact_trajectory_accuracy,1.0,256,results/evidence/support_hole/results.json,/results/23/arms/State+IIT-seen/long_programs/depth_8_holes_0/exact_trajectory_accuracy,controlled_test,fraction
support_hole,HardTransition,random_16_state_8_rule_permutation,State+IIT-seen,test_hole_steps_0,8,37,answer_accuracy,1.0,256,results/evidence/support_hole/results.json,/results/37/arms/State+IIT-seen/long_programs/depth_8_holes_0/accuracy,controlled_test,fraction
support_hole,HardTransition,random_16_state_8_rule_permutation,State+IIT-seen,test_hole_steps_0,8,37,exact_trajectory_accuracy,1.0,256,results/evidence/support_hole/results.json,/results/37/arms/State+IIT-seen/long_programs/depth_8_holes_0/exact_trajectory_accuracy,controlled_test,fraction
support_hole,HardTransition,random_16_state_8_rule_permutation,State+IIT-seen,test_hole_steps_0,8,41,answer_accuracy,1.0,256,results/evidence/support_hole/results.json,/results/41/arms/State+IIT-seen/long_programs/depth_8_holes_0/accuracy,controlled_test,fraction
support_hole,HardTransition,random_16_state_8_rule_permutation,State+IIT-seen,test_hole_steps_0,8,41,exact_trajectory_accuracy,1.0,256,results/evidence/support_hole/results.json,/results/41/arms/State+IIT-seen/long_programs/depth_8_holes_0/exact_trajectory_accuracy,controlled_test,fraction
support_hole,HardTransition,random_16_state_8_rule_permutation,State+IIT-seen,test_hole_steps_0,8,53,answer_accuracy,1.0,256,results/evidence/support_hole/results.json,/results/53/arms/State+IIT-seen/long_programs/depth_8_holes_0/accuracy,controlled_test,fraction
support_hole,HardTransition,random_16_state_8_rule_permutation,State+IIT-seen,test_hole_steps_0,8,53,exact_trajectory_accuracy,1.0,256,results/evidence/support_hole/results.json,/results/53/arms/State+IIT-seen/long_programs/depth_8_holes_0/exact_trajectory_accuracy,controlled_test,fraction
support_hole,HardTransition,random_16_state_8_rule_permutation,State+IIT-seen,test_hole_steps_1,10,11,answer_accuracy,0.078125,256,results/evidence/support_hole/results.json,/results/11/arms/State+IIT-seen/long_programs/depth_10_holes_1/accuracy,controlled_test,fraction
support_hole,HardTransition,random_16_state_8_rule_permutation,State+IIT-seen,test_hole_steps_1,10,11,exact_trajectory_accuracy,0.0,256,results/evidence/support_hole/results.json,/results/11/arms/State+IIT-seen/long_programs/depth_10_holes_1/exact_trajectory_accuracy,controlled_test,fraction
support_hole,HardTransition,random_16_state_8_rule_permutation,State+IIT-seen,test_hole_steps_1,10,23,answer_accuracy,0.09765625,256,results/evidence/support_hole/results.json,/results/23/arms/State+IIT-seen/long_programs/depth_10_holes_1/accuracy,controlled_test,fraction
support_hole,HardTransition,random_16_state_8_rule_permutation,State+IIT-seen,test_hole_steps_1,10,23,exact_trajectory_accuracy,0.01171875,256,results/evidence/support_hole/results.json,/results/23/arms/State+IIT-seen/long_programs/depth_10_holes_1/exact_trajectory_accuracy,controlled_test,fraction
support_hole,HardTransition,random_16_state_8_rule_permutation,State+IIT-seen,test_hole_steps_1,10,37,answer_accuracy,0.109375,256,results/evidence/support_hole/results.json,/results/37/arms/State+IIT-seen/long_programs/depth_10_holes_1/accuracy,controlled_test,fraction
support_hole,HardTransition,random_16_state_8_rule_permutation,State+IIT-seen,test_hole_steps_1,10,37,exact_trajectory_accuracy,0.0,256,results/evidence/support_hole/results.json,/results/37/arms/State+IIT-seen/long_programs/depth_10_holes_1/exact_trajectory_accuracy,controlled_test,fraction
support_hole,HardTransition,random_16_state_8_rule_permutation,State+IIT-seen,test_hole_steps_1,10,41,answer_accuracy,0.09765625,256,results/evidence/support_hole/results.json,/results/41/arms/State+IIT-seen/long_programs/depth_10_holes_1/accuracy,controlled_test,fraction
support_hole,HardTransition,random_16_state_8_rule_permutation,State+IIT-seen,test_hole_steps_1,10,41,exact_trajectory_accuracy,0.01171875,256,results/evidence/support_hole/results.json,/results/41/arms/State+IIT-seen/long_programs/depth_10_holes_1/exact_trajectory_accuracy,controlled_test,fraction
support_hole,HardTransition,random_16_state_8_rule_permutation,State+IIT-seen,test_hole_steps_1,10,53,answer_accuracy,0.08984375,256,results/evidence/support_hole/results.json,/results/53/arms/State+IIT-seen/long_programs/depth_10_holes_1/accuracy,controlled_test,fraction
support_hole,HardTransition,random_16_state_8_rule_permutation,State+IIT-seen,test_hole_steps_1,10,53,exact_trajectory_accuracy,0.0,256,results/evidence/support_hole/results.json,/results/53/arms/State+IIT-seen/long_programs/depth_10_holes_1/exact_trajectory_accuracy,controlled_test,fraction
support_hole,HardTransition,random_16_state_8_rule_permutation,State+IIT-seen,test_hole_steps_1,4,11,answer_accuracy,0.0390625,256,results/evidence/support_hole/results.json,/results/11/arms/State+IIT-seen/long_programs/depth_4_holes_1/accuracy,controlled_test,fraction
support_hole,HardTransition,random_16_state_8_rule_permutation,State+IIT-seen,test_hole_steps_1,4,11,exact_trajectory_accuracy,0.0,256,results/evidence/support_hole/results.json,/results/11/arms/State+IIT-seen/long_programs/depth_4_holes_1/exact_trajectory_accuracy,controlled_test,fraction
support_hole,HardTransition,random_16_state_8_rule_permutation,State+IIT-seen,test_hole_steps_1,4,23,answer_accuracy,0.046875,256,results/evidence/support_hole/results.json,/results/23/arms/State+IIT-seen/long_programs/depth_4_holes_1/accuracy,controlled_test,fraction
support_hole,HardTransition,random_16_state_8_rule_permutation,State+IIT-seen,test_hole_steps_1,4,23,exact_trajectory_accuracy,0.0234375,256,results/evidence/support_hole/results.json,/results/23/arms/State+IIT-seen/long_programs/depth_4_holes_1/exact_trajectory_accuracy,controlled_test,fraction
support_hole,HardTransition,random_16_state_8_rule_permutation,State+IIT-seen,test_hole_steps_1,4,37,answer_accuracy,0.04296875,256,results/evidence/support_hole/results.json,/results/37/arms/State+IIT-seen/long_programs/depth_4_holes_1/accuracy,controlled_test,fraction
support_hole,HardTransition,random_16_state_8_rule_permutation,State+IIT-seen,test_hole_steps_1,4,37,exact_trajectory_accuracy,0.0,256,results/evidence/support_hole/results.json,/results/37/arms/State+IIT-seen/long_programs/depth_4_holes_1/exact_trajectory_accuracy,controlled_test,fraction
support_hole,HardTransition,random_16_state_8_rule_permutation,State+IIT-seen,test_hole_steps_1,4,41,answer_accuracy,0.05859375,256,results/evidence/support_hole/results.json,/results/41/arms/State+IIT-seen/long_programs/depth_4_holes_1/accuracy,controlled_test,fraction
support_hole,HardTransition,random_16_state_8_rule_permutation,State+IIT-seen,test_hole_steps_1,4,41,exact_trajectory_accuracy,0.0234375,256,results/evidence/support_hole/results.json,/results/41/arms/State+IIT-seen/long_programs/depth_4_holes_1/exact_trajectory_accuracy,controlled_test,fraction
support_hole,HardTransition,random_16_state_8_rule_permutation,State+IIT-seen,test_hole_steps_1,4,53,answer_accuracy,0.02734375,256,results/evidence/support_hole/results.json,/results/53/arms/State+IIT-seen/long_programs/depth_4_holes_1/accuracy,controlled_test,fraction
support_hole,HardTransition,random_16_state_8_rule_permutation,State+IIT-seen,test_hole_steps_1,4,53,exact_trajectory_accuracy,0.0,256,results/evidence/support_hole/results.json,/results/53/arms/State+IIT-seen/long_programs/depth_4_holes_1/exact_trajectory_accuracy,controlled_test,fraction
support_hole,HardTransition,random_16_state_8_rule_permutation,State+IIT-seen,test_hole_steps_1,5,11,answer_accuracy,0.0390625,256,results/evidence/support_hole/results.json,/results/11/arms/State+IIT-seen/long_programs/depth_5_holes_1/accuracy,controlled_test,fraction
support_hole,HardTransition,random_16_state_8_rule_permutation,State+IIT-seen,test_hole_steps_1,5,11,exact_trajectory_accuracy,0.0,256,results/evidence/support_hole/results.json,/results/11/arms/State+IIT-seen/long_programs/depth_5_holes_1/exact_trajectory_accuracy,controlled_test,fraction
support_hole,HardTransition,random_16_state_8_rule_permutation,State+IIT-seen,test_hole_steps_1,5,23,answer_accuracy,0.04296875,256,results/evidence/support_hole/results.json,/results/23/arms/State+IIT-seen/long_programs/depth_5_holes_1/accuracy,controlled_test,fraction
support_hole,HardTransition,random_16_state_8_rule_permutation,State+IIT-seen,test_hole_steps_1,5,23,exact_trajectory_accuracy,0.015625,256,results/evidence/support_hole/results.json,/results/23/arms/State+IIT-seen/long_programs/depth_5_holes_1/exact_trajectory_accuracy,controlled_test,fraction
support_hole,HardTransition,random_16_state_8_rule_permutation,State+IIT-seen,test_hole_steps_1,5,37,answer_accuracy,0.02734375,256,results/evidence/support_hole/results.json,/results/37/arms/State+IIT-seen/long_programs/depth_5_holes_1/accuracy,controlled_test,fraction
support_hole,HardTransition,random_16_state_8_rule_permutation,State+IIT-seen,test_hole_steps_1,5,37,exact_trajectory_accuracy,0.0,256,results/evidence/support_hole/results.json,/results/37/arms/State+IIT-seen/long_programs/depth_5_holes_1/exact_trajectory_accuracy,controlled_test,fraction
support_hole,HardTransition,random_16_state_8_rule_permutation,State+IIT-seen,test_hole_steps_1,5,41,answer_accuracy,0.06640625,256,results/evidence/support_hole/results.json,/results/41/arms/State+IIT-seen/long_programs/depth_5_holes_1/accuracy,controlled_test,fraction
support_hole,HardTransition,random_16_state_8_rule_permutation,State+IIT-seen,test_hole_steps_1,5,41,exact_trajectory_accuracy,0.015625,256,results/evidence/support_hole/results.json,/results/41/arms/State+IIT-seen/long_programs/depth_5_holes_1/exact_trajectory_accuracy,controlled_test,fraction
support_hole,HardTransition,random_16_state_8_rule_permutation,State+IIT-seen,test_hole_steps_1,5,53,answer_accuracy,0.04296875,256,results/evidence/support_hole/results.json,/results/53/arms/State+IIT-seen/long_programs/depth_5_holes_1/accuracy,controlled_test,fraction
support_hole,HardTransition,random_16_state_8_rule_permutation,State+IIT-seen,test_hole_steps_1,5,53,exact_trajectory_accuracy,0.0,256,results/evidence/support_hole/results.json,/results/53/arms/State+IIT-seen/long_programs/depth_5_holes_1/exact_trajectory_accuracy,controlled_test,fraction
support_hole,HardTransition,random_16_state_8_rule_permutation,State+IIT-seen,test_hole_steps_1,6,11,answer_accuracy,0.05859375,256,results/evidence/support_hole/results.json,/results/11/arms/State+IIT-seen/long_programs/depth_6_holes_1/accuracy,controlled_test,fraction
support_hole,HardTransition,random_16_state_8_rule_permutation,State+IIT-seen,test_hole_steps_1,6,11,exact_trajectory_accuracy,0.0,256,results/evidence/support_hole/results.json,/results/11/arms/State+IIT-seen/long_programs/depth_6_holes_1/exact_trajectory_accuracy,controlled_test,fraction
support_hole,HardTransition,random_16_state_8_rule_permutation,State+IIT-seen,test_hole_steps_1,6,23,answer_accuracy,0.109375,256,results/evidence/support_hole/results.json,/results/23/arms/State+IIT-seen/long_programs/depth_6_holes_1/accuracy,controlled_test,fraction
support_hole,HardTransition,random_16_state_8_rule_permutation,State+IIT-seen,test_hole_steps_1,6,23,exact_trajectory_accuracy,0.02734375,256,results/evidence/support_hole/results.json,/results/23/arms/State+IIT-seen/long_programs/depth_6_holes_1/exact_trajectory_accuracy,controlled_test,fraction
support_hole,HardTransition,random_16_state_8_rule_permutation,State+IIT-seen,test_hole_steps_1,6,37,answer_accuracy,0.08203125,256,results/evidence/support_hole/results.json,/results/37/arms/State+IIT-seen/long_programs/depth_6_holes_1/accuracy,controlled_test,fraction
support_hole,HardTransition,random_16_state_8_rule_permutation,State+IIT-seen,test_hole_steps_1,6,37,exact_trajectory_accuracy,0.0,256,results/evidence/support_hole/results.json,/results/37/arms/State+IIT-seen/long_programs/depth_6_holes_1/exact_trajectory_accuracy,controlled_test,fraction
support_hole,HardTransition,random_16_state_8_rule_permutation,State+IIT-seen,test_hole_steps_1,6,41,answer_accuracy,0.11328125,256,results/evidence/support_hole/results.json,/results/41/arms/State+IIT-seen/long_programs/depth_6_holes_1/accuracy,controlled_test,fraction
support_hole,HardTransition,random_16_state_8_rule_permutation,State+IIT-seen,test_hole_steps_1,6,41,exact_trajectory_accuracy,0.02734375,256,results/evidence/support_hole/results.json,/results/41/arms/State+IIT-seen/long_programs/depth_6_holes_1/exact_trajectory_accuracy,controlled_test,fraction
support_hole,HardTransition,random_16_state_8_rule_permutation,State+IIT-seen,test_hole_steps_1,6,53,answer_accuracy,0.06640625,256,results/evidence/support_hole/results.json,/results/53/arms/State+IIT-seen/long_programs/depth_6_holes_1/accuracy,controlled_test,fraction
support_hole,HardTransition,random_16_state_8_rule_permutation,State+IIT-seen,test_hole_steps_1,6,53,exact_trajectory_accuracy,0.0,256,results/evidence/support_hole/results.json,/results/53/arms/State+IIT-seen/long_programs/depth_6_holes_1/exact_trajectory_accuracy,controlled_test,fraction
support_hole,HardTransition,random_16_state_8_rule_permutation,State+IIT-seen,test_hole_steps_1,8,11,answer_accuracy,0.09375,256,results/evidence/support_hole/results.json,/results/11/arms/State+IIT-seen/long_programs/depth_8_holes_1/accuracy,controlled_test,fraction
support_hole,HardTransition,random_16_state_8_rule_permutation,State+IIT-seen,test_hole_steps_1,8,11,exact_trajectory_accuracy,0.0,256,results/evidence/support_hole/results.json,/results/11/arms/State+IIT-seen/long_programs/depth_8_holes_1/exact_trajectory_accuracy,controlled_test,fraction
support_hole,HardTransition,random_16_state_8_rule_permutation,State+IIT-seen,test_hole_steps_1,8,23,answer_accuracy,0.10546875,256,results/evidence/support_hole/results.json,/results/23/arms/State+IIT-seen/long_programs/depth_8_holes_1/accuracy,controlled_test,fraction
support_hole,HardTransition,random_16_state_8_rule_permutation,State+IIT-seen,test_hole_steps_1,8,23,exact_trajectory_accuracy,0.03125,256,results/evidence/support_hole/results.json,/results/23/arms/State+IIT-seen/long_programs/depth_8_holes_1/exact_trajectory_accuracy,controlled_test,fraction
support_hole,HardTransition,random_16_state_8_rule_permutation,State+IIT-seen,test_hole_steps_1,8,37,answer_accuracy,0.10546875,256,results/evidence/support_hole/results.json,/results/37/arms/State+IIT-seen/long_programs/depth_8_holes_1/accuracy,controlled_test,fraction
support_hole,HardTransition,random_16_state_8_rule_permutation,State+IIT-seen,test_hole_steps_1,8,37,exact_trajectory_accuracy,0.0,256,results/evidence/support_hole/results.json,/results/37/arms/State+IIT-seen/long_programs/depth_8_holes_1/exact_trajectory_accuracy,controlled_test,fraction
support_hole,HardTransition,random_16_state_8_rule_permutation,State+IIT-seen,test_hole_steps_1,8,41,answer_accuracy,0.10546875,256,results/evidence/support_hole/results.json,/results/41/arms/State+IIT-seen/long_programs/depth_8_holes_1/accuracy,controlled_test,fraction
support_hole,HardTransition,random_16_state_8_rule_permutation,State+IIT-seen,test_hole_steps_1,8,41,exact_trajectory_accuracy,0.03125,256,results/evidence/support_hole/results.json,/results/41/arms/State+IIT-seen/long_programs/depth_8_holes_1/exact_trajectory_accuracy,controlled_test,fraction
support_hole,HardTransition,random_16_state_8_rule_permutation,State+IIT-seen,test_hole_steps_1,8,53,answer_accuracy,0.11328125,256,results/evidence/support_hole/results.json,/results/53/arms/State+IIT-seen/long_programs/depth_8_holes_1/accuracy,controlled_test,fraction
support_hole,HardTransition,random_16_state_8_rule_permutation,State+IIT-seen,test_hole_steps_1,8,53,exact_trajectory_accuracy,0.0,256,results/evidence/support_hole/results.json,/results/53/arms/State+IIT-seen/long_programs/depth_8_holes_1/exact_trajectory_accuracy,controlled_test,fraction
support_hole,HardTransition,random_16_state_8_rule_permutation,State+IIT-seen,test_hole_steps_2,10,11,answer_accuracy,0.0625,256,results/evidence/support_hole/results.json,/results/11/arms/State+IIT-seen/long_programs/depth_10_holes_2/accuracy,controlled_test,fraction
support_hole,HardTransition,random_16_state_8_rule_permutation,State+IIT-seen,test_hole_steps_2,10,11,exact_trajectory_accuracy,0.0,256,results/evidence/support_hole/results.json,/results/11/arms/State+IIT-seen/long_programs/depth_10_holes_2/exact_trajectory_accuracy,controlled_test,fraction
support_hole,HardTransition,random_16_state_8_rule_permutation,State+IIT-seen,test_hole_steps_2,10,23,answer_accuracy,0.06640625,256,results/evidence/support_hole/results.json,/results/23/arms/State+IIT-seen/long_programs/depth_10_holes_2/accuracy,controlled_test,fraction
support_hole,HardTransition,random_16_state_8_rule_permutation,State+IIT-seen,test_hole_steps_2,10,23,exact_trajectory_accuracy,0.0,256,results/evidence/support_hole/results.json,/results/23/arms/State+IIT-seen/long_programs/depth_10_holes_2/exact_trajectory_accuracy,controlled_test,fraction
support_hole,HardTransition,random_16_state_8_rule_permutation,State+IIT-seen,test_hole_steps_2,10,37,answer_accuracy,0.09765625,256,results/evidence/support_hole/results.json,/results/37/arms/State+IIT-seen/long_programs/depth_10_holes_2/accuracy,controlled_test,fraction
support_hole,HardTransition,random_16_state_8_rule_permutation,State+IIT-seen,test_hole_steps_2,10,37,exact_trajectory_accuracy,0.0,256,results/evidence/support_hole/results.json,/results/37/arms/State+IIT-seen/long_programs/depth_10_holes_2/exact_trajectory_accuracy,controlled_test,fraction
support_hole,HardTransition,random_16_state_8_rule_permutation,State+IIT-seen,test_hole_steps_2,10,41,answer_accuracy,0.06640625,256,results/evidence/support_hole/results.json,/results/41/arms/State+IIT-seen/long_programs/depth_10_holes_2/accuracy,controlled_test,fraction
support_hole,HardTransition,random_16_state_8_rule_permutation,State+IIT-seen,test_hole_steps_2,10,41,exact_trajectory_accuracy,0.0,256,results/evidence/support_hole/results.json,/results/41/arms/State+IIT-seen/long_programs/depth_10_holes_2/exact_trajectory_accuracy,controlled_test,fraction
support_hole,HardTransition,random_16_state_8_rule_permutation,State+IIT-seen,test_hole_steps_2,10,53,answer_accuracy,0.09765625,256,results/evidence/support_hole/results.json,/results/53/arms/State+IIT-seen/long_programs/depth_10_holes_2/accuracy,controlled_test,fraction
support_hole,HardTransition,random_16_state_8_rule_permutation,State+IIT-seen,test_hole_steps_2,10,53,exact_trajectory_accuracy,0.0,256,results/evidence/support_hole/results.json,/results/53/arms/State+IIT-seen/long_programs/depth_10_holes_2/exact_trajectory_accuracy,controlled_test,fraction
support_hole,HardTransition,random_16_state_8_rule_permutation,State+IIT-seen,test_hole_steps_3,10,11,answer_accuracy,0.0546875,256,results/evidence/support_hole/results.json,/results/11/arms/State+IIT-seen/long_programs/depth_10_holes_3/accuracy,controlled_test,fraction
support_hole,HardTransition,random_16_state_8_rule_permutation,State+IIT-seen,test_hole_steps_3,10,11,exact_trajectory_accuracy,0.0,256,results/evidence/support_hole/results.json,/results/11/arms/State+IIT-seen/long_programs/depth_10_holes_3/exact_trajectory_accuracy,controlled_test,fraction
support_hole,HardTransition,random_16_state_8_rule_permutation,State+IIT-seen,test_hole_steps_3,10,23,answer_accuracy,0.04296875,256,results/evidence/support_hole/results.json,/results/23/arms/State+IIT-seen/long_programs/depth_10_holes_3/accuracy,controlled_test,fraction
support_hole,HardTransition,random_16_state_8_rule_permutation,State+IIT-seen,test_hole_steps_3,10,23,exact_trajectory_accuracy,0.0,256,results/evidence/support_hole/results.json,/results/23/arms/State+IIT-seen/long_programs/depth_10_holes_3/exact_trajectory_accuracy,controlled_test,fraction
support_hole,HardTransition,random_16_state_8_rule_permutation,State+IIT-seen,test_hole_steps_3,10,37,answer_accuracy,0.03515625,256,results/evidence/support_hole/results.json,/results/37/arms/State+IIT-seen/long_programs/depth_10_holes_3/accuracy,controlled_test,fraction
support_hole,HardTransition,random_16_state_8_rule_permutation,State+IIT-seen,test_hole_steps_3,10,37,exact_trajectory_accuracy,0.0,256,results/evidence/support_hole/results.json,/results/37/arms/State+IIT-seen/long_programs/depth_10_holes_3/exact_trajectory_accuracy,controlled_test,fraction
support_hole,HardTransition,random_16_state_8_rule_permutation,State+IIT-seen,test_hole_steps_3,10,41,answer_accuracy,0.0390625,256,results/evidence/support_hole/results.json,/results/41/arms/State+IIT-seen/long_programs/depth_10_holes_3/accuracy,controlled_test,fraction
support_hole,HardTransition,random_16_state_8_rule_permutation,State+IIT-seen,test_hole_steps_3,10,41,exact_trajectory_accuracy,0.0,256,results/evidence/support_hole/results.json,/results/41/arms/State+IIT-seen/long_programs/depth_10_holes_3/exact_trajectory_accuracy,controlled_test,fraction
support_hole,HardTransition,random_16_state_8_rule_permutation,State+IIT-seen,test_hole_steps_3,10,53,answer_accuracy,0.03515625,256,results/evidence/support_hole/results.json,/results/53/arms/State+IIT-seen/long_programs/depth_10_holes_3/accuracy,controlled_test,fraction
support_hole,HardTransition,random_16_state_8_rule_permutation,State+IIT-seen,test_hole_steps_3,10,53,exact_trajectory_accuracy,0.0,256,results/evidence/support_hole/results.json,/results/53/arms/State+IIT-seen/long_programs/depth_10_holes_3/exact_trajectory_accuracy,controlled_test,fraction
support_hole,HardTransition,random_16_state_8_rule_permutation,State+IIT-seen,test_hole_steps_4,10,11,answer_accuracy,0.0234375,256,results/evidence/support_hole/results.json,/results/11/arms/State+IIT-seen/long_programs/depth_10_holes_4/accuracy,controlled_test,fraction
support_hole,HardTransition,random_16_state_8_rule_permutation,State+IIT-seen,test_hole_steps_4,10,11,exact_trajectory_accuracy,0.0,256,results/evidence/support_hole/results.json,/results/11/arms/State+IIT-seen/long_programs/depth_10_holes_4/exact_trajectory_accuracy,controlled_test,fraction
support_hole,HardTransition,random_16_state_8_rule_permutation,State+IIT-seen,test_hole_steps_4,10,23,answer_accuracy,0.046875,256,results/evidence/support_hole/results.json,/results/23/arms/State+IIT-seen/long_programs/depth_10_holes_4/accuracy,controlled_test,fraction
support_hole,HardTransition,random_16_state_8_rule_permutation,State+IIT-seen,test_hole_steps_4,10,23,exact_trajectory_accuracy,0.0,256,results/evidence/support_hole/results.json,/results/23/arms/State+IIT-seen/long_programs/depth_10_holes_4/exact_trajectory_accuracy,controlled_test,fraction
support_hole,HardTransition,random_16_state_8_rule_permutation,State+IIT-seen,test_hole_steps_4,10,37,answer_accuracy,0.0390625,256,results/evidence/support_hole/results.json,/results/37/arms/State+IIT-seen/long_programs/depth_10_holes_4/accuracy,controlled_test,fraction
support_hole,HardTransition,random_16_state_8_rule_permutation,State+IIT-seen,test_hole_steps_4,10,37,exact_trajectory_accuracy,0.0,256,results/evidence/support_hole/results.json,/results/37/arms/State+IIT-seen/long_programs/depth_10_holes_4/exact_trajectory_accuracy,controlled_test,fraction
support_hole,HardTransition,random_16_state_8_rule_permutation,State+IIT-seen,test_hole_steps_4,10,41,answer_accuracy,0.0234375,256,results/evidence/support_hole/results.json,/results/41/arms/State+IIT-seen/long_programs/depth_10_holes_4/accuracy,controlled_test,fraction
support_hole,HardTransition,random_16_state_8_rule_permutation,State+IIT-seen,test_hole_steps_4,10,41,exact_trajectory_accuracy,0.0,256,results/evidence/support_hole/results.json,/results/41/arms/State+IIT-seen/long_programs/depth_10_holes_4/exact_trajectory_accuracy,controlled_test,fraction
support_hole,HardTransition,random_16_state_8_rule_permutation,State+IIT-seen,test_hole_steps_4,10,53,answer_accuracy,0.0390625,256,results/evidence/support_hole/results.json,/results/53/arms/State+IIT-seen/long_programs/depth_10_holes_4/accuracy,controlled_test,fraction
support_hole,HardTransition,random_16_state_8_rule_permutation,State+IIT-seen,test_hole_steps_4,10,53,exact_trajectory_accuracy,0.0,256,results/evidence/support_hole/results.json,/results/53/arms/State+IIT-seen/long_programs/depth_10_holes_4/exact_trajectory_accuracy,controlled_test,fraction
support_hole,HardTransition,random_16_state_8_rule_permutation,State+IIT-seen,test_hole_steps_5,10,11,answer_accuracy,0.02734375,256,results/evidence/support_hole/results.json,/results/11/arms/State+IIT-seen/long_programs/depth_10_holes_5/accuracy,controlled_test,fraction
support_hole,HardTransition,random_16_state_8_rule_permutation,State+IIT-seen,test_hole_steps_5,10,11,exact_trajectory_accuracy,0.0,256,results/evidence/support_hole/results.json,/results/11/arms/State+IIT-seen/long_programs/depth_10_holes_5/exact_trajectory_accuracy,controlled_test,fraction
support_hole,HardTransition,random_16_state_8_rule_permutation,State+IIT-seen,test_hole_steps_5,10,23,answer_accuracy,0.02734375,256,results/evidence/support_hole/results.json,/results/23/arms/State+IIT-seen/long_programs/depth_10_holes_5/accuracy,controlled_test,fraction
support_hole,HardTransition,random_16_state_8_rule_permutation,State+IIT-seen,test_hole_steps_5,10,23,exact_trajectory_accuracy,0.0,256,results/evidence/support_hole/results.json,/results/23/arms/State+IIT-seen/long_programs/depth_10_holes_5/exact_trajectory_accuracy,controlled_test,fraction
support_hole,HardTransition,random_16_state_8_rule_permutation,State+IIT-seen,test_hole_steps_5,10,37,answer_accuracy,0.03125,256,results/evidence/support_hole/results.json,/results/37/arms/State+IIT-seen/long_programs/depth_10_holes_5/accuracy,controlled_test,fraction
support_hole,HardTransition,random_16_state_8_rule_permutation,State+IIT-seen,test_hole_steps_5,10,37,exact_trajectory_accuracy,0.0,256,results/evidence/support_hole/results.json,/results/37/arms/State+IIT-seen/long_programs/depth_10_holes_5/exact_trajectory_accuracy,controlled_test,fraction
support_hole,HardTransition,random_16_state_8_rule_permutation,State+IIT-seen,test_hole_steps_5,10,41,answer_accuracy,0.0234375,256,results/evidence/support_hole/results.json,/results/41/arms/State+IIT-seen/long_programs/depth_10_holes_5/accuracy,controlled_test,fraction
support_hole,HardTransition,random_16_state_8_rule_permutation,State+IIT-seen,test_hole_steps_5,10,41,exact_trajectory_accuracy,0.0,256,results/evidence/support_hole/results.json,/results/41/arms/State+IIT-seen/long_programs/depth_10_holes_5/exact_trajectory_accuracy,controlled_test,fraction
support_hole,HardTransition,random_16_state_8_rule_permutation,State+IIT-seen,test_hole_steps_5,10,53,answer_accuracy,0.01953125,256,results/evidence/support_hole/results.json,/results/53/arms/State+IIT-seen/long_programs/depth_10_holes_5/accuracy,controlled_test,fraction
support_hole,HardTransition,random_16_state_8_rule_permutation,State+IIT-seen,test_hole_steps_5,10,53,exact_trajectory_accuracy,0.0,256,results/evidence/support_hole/results.json,/results/53/arms/State+IIT-seen/long_programs/depth_10_holes_5/exact_trajectory_accuracy,controlled_test,fraction
gold_state_z1,Gold option-conditioned Z1 + Kev resume_from decision head,synthetic_rule_only; 1000 questions per test split,gold_initial_operator_gate_joint; answer_CE_only; max15ep; batch64; lr5e-4; val_long_selection; bottleneck1,id_test,rule,"11,23,37",answer_accuracy_mean,0.9106666666666667,1000,results/evidence/gold_state_z1/aggregate.json,/bottleneck1/id_test~1all/mean,exploratory,fraction
gold_state_z1,Gold option-conditioned Z1 + Kev resume_from decision head,synthetic_rule_only; 1000 questions per test split,gold_initial_operator_gate_joint; answer_CE_only; max15ep; batch64; lr5e-4; val_long_selection; bottleneck1,id_test,rule,"11,23,37",answer_accuracy_seed_sd,0.0028867513459481316,1000,results/evidence/gold_state_z1/aggregate.json,/bottleneck1/id_test~1all/sd,exploratory,fraction
gold_state_z1,Gold option-conditioned Z1 + Kev resume_from decision head,synthetic_rule_only; 1000 questions per test split,gold_initial_operator_gate_joint; answer_CE_only; max15ep; batch64; lr5e-4; val_long_selection; bottleneck1,ood_test,rule,"11,23,37",answer_accuracy_mean,0.6026666666666667,1000,results/evidence/gold_state_z1/aggregate.json,/bottleneck1/ood_test~1all/mean,exploratory,fraction
gold_state_z1,Gold option-conditioned Z1 + Kev resume_from decision head,synthetic_rule_only; 1000 questions per test split,gold_initial_operator_gate_joint; answer_CE_only; max15ep; batch64; lr5e-4; val_long_selection; bottleneck1,ood_test,rule,"11,23,37",answer_accuracy_seed_sd,0.006806859285554052,1000,results/evidence/gold_state_z1/aggregate.json,/bottleneck1/ood_test~1all/sd,exploratory,fraction
gold_state_z1,Gold option-conditioned Z1 + Kev resume_from decision head,synthetic_rule_only; 1000 questions per test split,gold_initial_operator_gate_joint; answer_CE_only; max15ep; batch64; lr5e-4; val_long_selection; recurrent3,id_test,rule,"11,23,37",answer_accuracy_mean,0.9986666666666667,1000,results/evidence/gold_state_z1/aggregate.json,/recurrent3/id_test~1all/mean,exploratory,fraction
gold_state_z1,Gold option-conditioned Z1 + Kev resume_from decision head,synthetic_rule_only; 1000 questions per test split,gold_initial_operator_gate_joint; answer_CE_only; max15ep; batch64; lr5e-4; val_long_selection; recurrent3,id_test,rule,"11,23,37",answer_accuracy_seed_sd,0.0015275252316519481,1000,results/evidence/gold_state_z1/aggregate.json,/recurrent3/id_test~1all/sd,exploratory,fraction
gold_state_z1,Gold option-conditioned Z1 + Kev resume_from decision head,synthetic_rule_only; 1000 questions per test split,gold_initial_operator_gate_joint; answer_CE_only; max15ep; batch64; lr5e-4; val_long_selection; recurrent3,ood_test,rule,"11,23,37",answer_accuracy_mean,0.6796666666666666,1000,results/evidence/gold_state_z1/aggregate.json,/recurrent3/ood_test~1all/mean,exploratory,fraction
gold_state_z1,Gold option-conditioned Z1 + Kev resume_from decision head,synthetic_rule_only; 1000 questions per test split,gold_initial_operator_gate_joint; answer_CE_only; max15ep; batch64; lr5e-4; val_long_selection; recurrent3,ood_test,rule,"11,23,37",answer_accuracy_seed_sd,0.019857828011475277,1000,results/evidence/gold_state_z1/aggregate.json,/recurrent3/ood_test~1all/sd,exploratory,fraction
gold_state_z1,Gold option-conditioned Z1 + Kev resume_from decision head,synthetic_rule_only; 1000 questions per test split,gold_initial_operator_gate_joint; answer_CE_only; max15ep; batch64; lr5e-4; val_long_selection; deep,id_test,rule,"11,23,37",answer_accuracy_mean,0.999,1000,results/evidence/gold_state_z1/aggregate.json,/deep/id_test~1all/mean,exploratory,fraction
gold_state_z1,Gold option-conditioned Z1 + Kev resume_from decision head,synthetic_rule_only; 1000 questions per test split,gold_initial_operator_gate_joint; answer_CE_only; max15ep; batch64; lr5e-4; val_long_selection; deep,id_test,rule,"11,23,37",answer_accuracy_seed_sd,0.0010000000000000009,1000,results/evidence/gold_state_z1/aggregate.json,/deep/id_test~1all/sd,exploratory,fraction
gold_state_z1,Gold option-conditioned Z1 + Kev resume_from decision head,synthetic_rule_only; 1000 questions per test split,gold_initial_operator_gate_joint; answer_CE_only; max15ep; batch64; lr5e-4; val_long_selection; deep,ood_test,rule,"11,23,37",answer_accuracy_mean,0.7243333333333333,1000,results/evidence/gold_state_z1/aggregate.json,/deep/ood_test~1all/mean,exploratory,fraction
gold_state_z1,Gold option-conditioned Z1 + Kev resume_from decision head,synthetic_rule_only; 1000 questions per test split,gold_initial_operator_gate_joint; answer_CE_only; max15ep; batch64; lr5e-4; val_long_selection; deep,ood_test,rule,"11,23,37",answer_accuracy_seed_sd,0.011930353445448865,1000,results/evidence/gold_state_z1/aggregate.json,/deep/ood_test~1all/sd,exploratory,fraction
gold_state_z1,Gold option-conditioned Z1 + Kev resume_from decision head,synthetic_rule_only; 1000 questions per test split,gold_initial_operator_gate_joint; answer_CE_only; max15ep; batch64; lr5e-4; val_long_selection; recurrent3_minus_bottleneck1; paired_world_bootstrap,ood_test,rule,"11,23,37",answer_accuracy_difference,0.077,500,results/evidence/gold_state_z1/paired_intervals.json,/recurrent3_minus_bottleneck1/difference,exploratory,fraction
gold_state_z1,Gold option-conditioned Z1 + Kev resume_from decision head,synthetic_rule_only; 1000 questions per test split,gold_initial_operator_gate_joint; answer_CE_only; max15ep; batch64; lr5e-4; val_long_selection; recurrent3_minus_bottleneck1; paired_world_bootstrap,ood_test,rule,"11,23,37",answer_accuracy_difference_seed_sd,0.020784609690826527,500,results/evidence/gold_state_z1/paired_intervals.json,/recurrent3_minus_bottleneck1/seed_sd,exploratory,fraction
gold_state_z1,Gold option-conditioned Z1 + Kev resume_from decision head,synthetic_rule_only; 1000 questions per test split,gold_initial_operator_gate_joint; answer_CE_only; max15ep; batch64; lr5e-4; val_long_selection; recurrent3_minus_bottleneck1; paired_world_bootstrap,ood_test,rule,"11,23,37",answer_accuracy_difference_ci95_low,0.043,500,results/evidence/gold_state_z1/paired_intervals.json,/recurrent3_minus_bottleneck1/ci95/0,exploratory,fraction
gold_state_z1,Gold option-conditioned Z1 + Kev resume_from decision head,synthetic_rule_only; 1000 questions per test split,gold_initial_operator_gate_joint; answer_CE_only; max15ep; batch64; lr5e-4; val_long_selection; recurrent3_minus_bottleneck1; paired_world_bootstrap,ood_test,rule,"11,23,37",answer_accuracy_difference_ci95_high,0.10867499999999995,500,results/evidence/gold_state_z1/paired_intervals.json,/recurrent3_minus_bottleneck1/ci95/1,exploratory,fraction
gold_state_z1,Gold option-conditioned Z1 + Kev resume_from decision head,synthetic_rule_only; 1000 questions per test split,gold_initial_operator_gate_joint; answer_CE_only; max15ep; batch64; lr5e-4; val_long_selection; recurrent3_minus_bottleneck1; paired_world_bootstrap,ood_test,rule,11,answer_accuracy_difference_seed,0.089,500,results/evidence/gold_state_z1/paired_intervals.json,/recurrent3_minus_bottleneck1/seed_differences/0,exploratory,fraction
gold_state_z1,Gold option-conditioned Z1 + Kev resume_from decision head,synthetic_rule_only; 1000 questions per test split,gold_initial_operator_gate_joint; answer_CE_only; max15ep; batch64; lr5e-4; val_long_selection; recurrent3_minus_bottleneck1; paired_world_bootstrap,ood_test,rule,23,answer_accuracy_difference_seed,0.089,500,results/evidence/gold_state_z1/paired_intervals.json,/recurrent3_minus_bottleneck1/seed_differences/1,exploratory,fraction
gold_state_z1,Gold option-conditioned Z1 + Kev resume_from decision head,synthetic_rule_only; 1000 questions per test split,gold_initial_operator_gate_joint; answer_CE_only; max15ep; batch64; lr5e-4; val_long_selection; recurrent3_minus_bottleneck1; paired_world_bootstrap,ood_test,rule,37,answer_accuracy_difference_seed,0.053,500,results/evidence/gold_state_z1/paired_intervals.json,/recurrent3_minus_bottleneck1/seed_differences/2,exploratory,fraction
gold_state_z1,Gold option-conditioned Z1 + Kev resume_from decision head,synthetic_rule_only; 1000 questions per test split,gold_initial_operator_gate_joint; answer_CE_only; max15ep; batch64; lr5e-4; val_long_selection; recurrent3_minus_deep; paired_world_bootstrap,ood_test,rule,"11,23,37",answer_accuracy_difference,-0.044666666666666674,500,results/evidence/gold_state_z1/paired_intervals.json,/recurrent3_minus_deep/difference,exploratory,fraction
gold_state_z1,Gold option-conditioned Z1 + Kev resume_from decision head,synthetic_rule_only; 1000 questions per test split,gold_initial_operator_gate_joint; answer_CE_only; max15ep; batch64; lr5e-4; val_long_selection; recurrent3_minus_deep; paired_world_bootstrap,ood_test,rule,"11,23,37",answer_accuracy_difference_seed_sd,0.03162804662531869,500,results/evidence/gold_state_z1/paired_intervals.json,/recurrent3_minus_deep/seed_sd,exploratory,fraction
gold_state_z1,Gold option-conditioned Z1 + Kev resume_from decision head,synthetic_rule_only; 1000 questions per test split,gold_initial_operator_gate_joint; answer_CE_only; max15ep; batch64; lr5e-4; val_long_selection; recurrent3_minus_deep; paired_world_bootstrap,ood_test,rule,"11,23,37",answer_accuracy_difference_ci95_low,-0.07066666666666667,500,results/evidence/gold_state_z1/paired_intervals.json,/recurrent3_minus_deep/ci95/0,exploratory,fraction
gold_state_z1,Gold option-conditioned Z1 + Kev resume_from decision head,synthetic_rule_only; 1000 questions per test split,gold_initial_operator_gate_joint; answer_CE_only; max15ep; batch64; lr5e-4; val_long_selection; recurrent3_minus_deep; paired_world_bootstrap,ood_test,rule,"11,23,37",answer_accuracy_difference_ci95_high,-0.018333333333333333,500,results/evidence/gold_state_z1/paired_intervals.json,/recurrent3_minus_deep/ci95/1,exploratory,fraction
gold_state_z1,Gold option-conditioned Z1 + Kev resume_from decision head,synthetic_rule_only; 1000 questions per test split,gold_initial_operator_gate_joint; answer_CE_only; max15ep; batch64; lr5e-4; val_long_selection; recurrent3_minus_deep; paired_world_bootstrap,ood_test,rule,11,answer_accuracy_difference_seed,-0.035,500,results/evidence/gold_state_z1/paired_intervals.json,/recurrent3_minus_deep/seed_differences/0,exploratory,fraction
gold_state_z1,Gold option-conditioned Z1 + Kev resume_from decision head,synthetic_rule_only; 1000 questions per test split,gold_initial_operator_gate_joint; answer_CE_only; max15ep; batch64; lr5e-4; val_long_selection; recurrent3_minus_deep; paired_world_bootstrap,ood_test,rule,23,answer_accuracy_difference_seed,-0.019,500,results/evidence/gold_state_z1/paired_intervals.json,/recurrent3_minus_deep/seed_differences/1,exploratory,fraction
gold_state_z1,Gold option-conditioned Z1 + Kev resume_from decision head,synthetic_rule_only; 1000 questions per test split,gold_initial_operator_gate_joint; answer_CE_only; max15ep; batch64; lr5e-4; val_long_selection; recurrent3_minus_deep; paired_world_bootstrap,ood_test,rule,37,answer_accuracy_difference_seed,-0.08,500,results/evidence/gold_state_z1/paired_intervals.json,/recurrent3_minus_deep/seed_differences/2,exploratory,fraction
gold_state_z1,Gold option-conditioned Z1 + Kev resume_from decision head,synthetic_rule_only; 1000 questions per test split,gold_initial_operator_gate_joint; answer_CE_only; max15ep; batch64; lr5e-4; val_long_selection; bottleneck1; full_Z1_donor_substitution,id_test,rule,11,answer_accuracy,0.909,1000,results/evidence/gold_state_z1/transplant.json,/by_trial/bottleneck1~111~1id_test/base_accuracy,exploratory,fraction
gold_state_z1,Gold option-conditioned Z1 + Kev resume_from decision head,synthetic_rule_only; 1000 questions per test split,gold_initial_operator_gate_joint; answer_CE_only; max15ep; batch64; lr5e-4; val_long_selection; bottleneck1; full_Z1_donor_substitution,id_test,rule,11,related_full_Z1_swap_prediction_flip,0.978,1000,results/evidence/gold_state_z1/transplant.json,/by_trial/bottleneck1~111~1id_test/related_flip,exploratory,fraction
gold_state_z1,Gold option-conditioned Z1 + Kev resume_from decision head,synthetic_rule_only; 1000 questions per test split,gold_initial_operator_gate_joint; answer_CE_only; max15ep; batch64; lr5e-4; val_long_selection; bottleneck1; full_Z1_donor_substitution,id_test,rule,11,unrelated_same_answer_full_Z1_swap_prediction_flip,0.201,1000,results/evidence/gold_state_z1/transplant.json,/by_trial/bottleneck1~111~1id_test/unrelated_same_answer_flip,exploratory,fraction
gold_state_z1,Gold option-conditioned Z1 + Kev resume_from decision head,synthetic_rule_only; 1000 questions per test split,gold_initial_operator_gate_joint; answer_CE_only; max15ep; batch64; lr5e-4; val_long_selection; bottleneck1; full_Z1_donor_substitution,ood_test,rule,11,answer_accuracy,0.595,1000,results/evidence/gold_state_z1/transplant.json,/by_trial/bottleneck1~111~1ood_test/base_accuracy,exploratory,fraction
gold_state_z1,Gold option-conditioned Z1 + Kev resume_from decision head,synthetic_rule_only; 1000 questions per test split,gold_initial_operator_gate_joint; answer_CE_only; max15ep; batch64; lr5e-4; val_long_selection; bottleneck1; full_Z1_donor_substitution,ood_test,rule,11,related_full_Z1_swap_prediction_flip,0.666,1000,results/evidence/gold_state_z1/transplant.json,/by_trial/bottleneck1~111~1ood_test/related_flip,exploratory,fraction
gold_state_z1,Gold option-conditioned Z1 + Kev resume_from decision head,synthetic_rule_only; 1000 questions per test split,gold_initial_operator_gate_joint; answer_CE_only; max15ep; batch64; lr5e-4; val_long_selection; bottleneck1; full_Z1_donor_substitution,ood_test,rule,11,unrelated_same_answer_full_Z1_swap_prediction_flip,0.455,1000,results/evidence/gold_state_z1/transplant.json,/by_trial/bottleneck1~111~1ood_test/unrelated_same_answer_flip,exploratory,fraction
gold_state_z1,Gold option-conditioned Z1 + Kev resume_from decision head,synthetic_rule_only; 1000 questions per test split,gold_initial_operator_gate_joint; answer_CE_only; max15ep; batch64; lr5e-4; val_long_selection; bottleneck1; full_Z1_donor_substitution,id_test,rule,23,answer_accuracy,0.909,1000,results/evidence/gold_state_z1/transplant.json,/by_trial/bottleneck1~123~1id_test/base_accuracy,exploratory,fraction
gold_state_z1,Gold option-conditioned Z1 + Kev resume_from decision head,synthetic_rule_only; 1000 questions per test split,gold_initial_operator_gate_joint; answer_CE_only; max15ep; batch64; lr5e-4; val_long_selection; bottleneck1; full_Z1_donor_substitution,id_test,rule,23,related_full_Z1_swap_prediction_flip,0.978,1000,results/evidence/gold_state_z1/transplant.json,/by_trial/bottleneck1~123~1id_test/related_flip,exploratory,fraction
gold_state_z1,Gold option-conditioned Z1 + Kev resume_from decision head,synthetic_rule_only; 1000 questions per test split,gold_initial_operator_gate_joint; answer_CE_only; max15ep; batch64; lr5e-4; val_long_selection; bottleneck1; full_Z1_donor_substitution,id_test,rule,23,unrelated_same_answer_full_Z1_swap_prediction_flip,0.201,1000,results/evidence/gold_state_z1/transplant.json,/by_trial/bottleneck1~123~1id_test/unrelated_same_answer_flip,exploratory,fraction
gold_state_z1,Gold option-conditioned Z1 + Kev resume_from decision head,synthetic_rule_only; 1000 questions per test split,gold_initial_operator_gate_joint; answer_CE_only; max15ep; batch64; lr5e-4; val_long_selection; bottleneck1; full_Z1_donor_substitution,ood_test,rule,23,answer_accuracy,0.608,1000,results/evidence/gold_state_z1/transplant.json,/by_trial/bottleneck1~123~1ood_test/base_accuracy,exploratory,fraction
gold_state_z1,Gold option-conditioned Z1 + Kev resume_from decision head,synthetic_rule_only; 1000 questions per test split,gold_initial_operator_gate_joint; answer_CE_only; max15ep; batch64; lr5e-4; val_long_selection; bottleneck1; full_Z1_donor_substitution,ood_test,rule,23,related_full_Z1_swap_prediction_flip,0.668,1000,results/evidence/gold_state_z1/transplant.json,/by_trial/bottleneck1~123~1ood_test/related_flip,exploratory,fraction
gold_state_z1,Gold option-conditioned Z1 + Kev resume_from decision head,synthetic_rule_only; 1000 questions per test split,gold_initial_operator_gate_joint; answer_CE_only; max15ep; batch64; lr5e-4; val_long_selection; bottleneck1; full_Z1_donor_substitution,ood_test,rule,23,unrelated_same_answer_full_Z1_swap_prediction_flip,0.425,1000,results/evidence/gold_state_z1/transplant.json,/by_trial/bottleneck1~123~1ood_test/unrelated_same_answer_flip,exploratory,fraction
gold_state_z1,Gold option-conditioned Z1 + Kev resume_from decision head,synthetic_rule_only; 1000 questions per test split,gold_initial_operator_gate_joint; answer_CE_only; max15ep; batch64; lr5e-4; val_long_selection; bottleneck1; full_Z1_donor_substitution,id_test,rule,37,answer_accuracy,0.914,1000,results/evidence/gold_state_z1/transplant.json,/by_trial/bottleneck1~137~1id_test/base_accuracy,exploratory,fraction
gold_state_z1,Gold option-conditioned Z1 + Kev resume_from decision head,synthetic_rule_only; 1000 questions per test split,gold_initial_operator_gate_joint; answer_CE_only; max15ep; batch64; lr5e-4; val_long_selection; bottleneck1; full_Z1_donor_substitution,id_test,rule,37,related_full_Z1_swap_prediction_flip,0.988,1000,results/evidence/gold_state_z1/transplant.json,/by_trial/bottleneck1~137~1id_test/related_flip,exploratory,fraction
gold_state_z1,Gold option-conditioned Z1 + Kev resume_from decision head,synthetic_rule_only; 1000 questions per test split,gold_initial_operator_gate_joint; answer_CE_only; max15ep; batch64; lr5e-4; val_long_selection; bottleneck1; full_Z1_donor_substitution,id_test,rule,37,unrelated_same_answer_full_Z1_swap_prediction_flip,0.149,1000,results/evidence/gold_state_z1/transplant.json,/by_trial/bottleneck1~137~1id_test/unrelated_same_answer_flip,exploratory,fraction
gold_state_z1,Gold option-conditioned Z1 + Kev resume_from decision head,synthetic_rule_only; 1000 questions per test split,gold_initial_operator_gate_joint; answer_CE_only; max15ep; batch64; lr5e-4; val_long_selection; bottleneck1; full_Z1_donor_substitution,ood_test,rule,37,answer_accuracy,0.605,1000,results/evidence/gold_state_z1/transplant.json,/by_trial/bottleneck1~137~1ood_test/base_accuracy,exploratory,fraction
gold_state_z1,Gold option-conditioned Z1 + Kev resume_from decision head,synthetic_rule_only; 1000 questions per test split,gold_initial_operator_gate_joint; answer_CE_only; max15ep; batch64; lr5e-4; val_long_selection; bottleneck1; full_Z1_donor_substitution,ood_test,rule,37,related_full_Z1_swap_prediction_flip,0.682,1000,results/evidence/gold_state_z1/transplant.json,/by_trial/bottleneck1~137~1ood_test/related_flip,exploratory,fraction
gold_state_z1,Gold option-conditioned Z1 + Kev resume_from decision head,synthetic_rule_only; 1000 questions per test split,gold_initial_operator_gate_joint; answer_CE_only; max15ep; batch64; lr5e-4; val_long_selection; bottleneck1; full_Z1_donor_substitution,ood_test,rule,37,unrelated_same_answer_full_Z1_swap_prediction_flip,0.448,1000,results/evidence/gold_state_z1/transplant.json,/by_trial/bottleneck1~137~1ood_test/unrelated_same_answer_flip,exploratory,fraction
gold_state_z1,Gold option-conditioned Z1 + Kev resume_from decision head,synthetic_rule_only; 1000 questions per test split,gold_initial_operator_gate_joint; answer_CE_only; max15ep; batch64; lr5e-4; val_long_selection; recurrent3; full_Z1_donor_substitution,id_test,rule,11,answer_accuracy,1.0,1000,results/evidence/gold_state_z1/transplant.json,/by_trial/recurrent3~111~1id_test/base_accuracy,exploratory,fraction
gold_state_z1,Gold option-conditioned Z1 + Kev resume_from decision head,synthetic_rule_only; 1000 questions per test split,gold_initial_operator_gate_joint; answer_CE_only; max15ep; batch64; lr5e-4; val_long_selection; recurrent3; full_Z1_donor_substitution,id_test,rule,11,related_full_Z1_swap_prediction_flip,1.0,1000,results/evidence/gold_state_z1/transplant.json,/by_trial/recurrent3~111~1id_test/related_flip,exploratory,fraction
gold_state_z1,Gold option-conditioned Z1 + Kev resume_from decision head,synthetic_rule_only; 1000 questions per test split,gold_initial_operator_gate_joint; answer_CE_only; max15ep; batch64; lr5e-4; val_long_selection; recurrent3; full_Z1_donor_substitution,id_test,rule,11,unrelated_same_answer_full_Z1_swap_prediction_flip,0.0,1000,results/evidence/gold_state_z1/transplant.json,/by_trial/recurrent3~111~1id_test/unrelated_same_answer_flip,exploratory,fraction
gold_state_z1,Gold option-conditioned Z1 + Kev resume_from decision head,synthetic_rule_only; 1000 questions per test split,gold_initial_operator_gate_joint; answer_CE_only; max15ep; batch64; lr5e-4; val_long_selection; recurrent3; full_Z1_donor_substitution,ood_test,rule,11,answer_accuracy,0.684,1000,results/evidence/gold_state_z1/transplant.json,/by_trial/recurrent3~111~1ood_test/base_accuracy,exploratory,fraction
gold_state_z1,Gold option-conditioned Z1 + Kev resume_from decision head,synthetic_rule_only; 1000 questions per test split,gold_initial_operator_gate_joint; answer_CE_only; max15ep; batch64; lr5e-4; val_long_selection; recurrent3; full_Z1_donor_substitution,ood_test,rule,11,related_full_Z1_swap_prediction_flip,0.548,1000,results/evidence/gold_state_z1/transplant.json,/by_trial/recurrent3~111~1ood_test/related_flip,exploratory,fraction
gold_state_z1,Gold option-conditioned Z1 + Kev resume_from decision head,synthetic_rule_only; 1000 questions per test split,gold_initial_operator_gate_joint; answer_CE_only; max15ep; batch64; lr5e-4; val_long_selection; recurrent3; full_Z1_donor_substitution,ood_test,rule,11,unrelated_same_answer_full_Z1_swap_prediction_flip,0.382,1000,results/evidence/gold_state_z1/transplant.json,/by_trial/recurrent3~111~1ood_test/unrelated_same_answer_flip,exploratory,fraction
gold_state_z1,Gold option-conditioned Z1 + Kev resume_from decision head,synthetic_rule_only; 1000 questions per test split,gold_initial_operator_gate_joint; answer_CE_only; max15ep; batch64; lr5e-4; val_long_selection; recurrent3; full_Z1_donor_substitution,id_test,rule,23,answer_accuracy,0.997,1000,results/evidence/gold_state_z1/transplant.json,/by_trial/recurrent3~123~1id_test/base_accuracy,exploratory,fraction
gold_state_z1,Gold option-conditioned Z1 + Kev resume_from decision head,synthetic_rule_only; 1000 questions per test split,gold_initial_operator_gate_joint; answer_CE_only; max15ep; batch64; lr5e-4; val_long_selection; recurrent3; full_Z1_donor_substitution,id_test,rule,23,related_full_Z1_swap_prediction_flip,0.994,1000,results/evidence/gold_state_z1/transplant.json,/by_trial/recurrent3~123~1id_test/related_flip,exploratory,fraction
gold_state_z1,Gold option-conditioned Z1 + Kev resume_from decision head,synthetic_rule_only; 1000 questions per test split,gold_initial_operator_gate_joint; answer_CE_only; max15ep; batch64; lr5e-4; val_long_selection; recurrent3; full_Z1_donor_substitution,id_test,rule,23,unrelated_same_answer_full_Z1_swap_prediction_flip,0.003,1000,results/evidence/gold_state_z1/transplant.json,/by_trial/recurrent3~123~1id_test/unrelated_same_answer_flip,exploratory,fraction
gold_state_z1,Gold option-conditioned Z1 + Kev resume_from decision head,synthetic_rule_only; 1000 questions per test split,gold_initial_operator_gate_joint; answer_CE_only; max15ep; batch64; lr5e-4; val_long_selection; recurrent3; full_Z1_donor_substitution,ood_test,rule,23,answer_accuracy,0.697,1000,results/evidence/gold_state_z1/transplant.json,/by_trial/recurrent3~123~1ood_test/base_accuracy,exploratory,fraction
gold_state_z1,Gold option-conditioned Z1 + Kev resume_from decision head,synthetic_rule_only; 1000 questions per test split,gold_initial_operator_gate_joint; answer_CE_only; max15ep; batch64; lr5e-4; val_long_selection; recurrent3; full_Z1_donor_substitution,ood_test,rule,23,related_full_Z1_swap_prediction_flip,0.574,1000,results/evidence/gold_state_z1/transplant.json,/by_trial/recurrent3~123~1ood_test/related_flip,exploratory,fraction
gold_state_z1,Gold option-conditioned Z1 + Kev resume_from decision head,synthetic_rule_only; 1000 questions per test split,gold_initial_operator_gate_joint; answer_CE_only; max15ep; batch64; lr5e-4; val_long_selection; recurrent3; full_Z1_donor_substitution,ood_test,rule,23,unrelated_same_answer_full_Z1_swap_prediction_flip,0.419,1000,results/evidence/gold_state_z1/transplant.json,/by_trial/recurrent3~123~1ood_test/unrelated_same_answer_flip,exploratory,fraction
gold_state_z1,Gold option-conditioned Z1 + Kev resume_from decision head,synthetic_rule_only; 1000 questions per test split,gold_initial_operator_gate_joint; answer_CE_only; max15ep; batch64; lr5e-4; val_long_selection; recurrent3; full_Z1_donor_substitution,id_test,rule,37,answer_accuracy,0.999,1000,results/evidence/gold_state_z1/transplant.json,/by_trial/recurrent3~137~1id_test/base_accuracy,exploratory,fraction
gold_state_z1,Gold option-conditioned Z1 + Kev resume_from decision head,synthetic_rule_only; 1000 questions per test split,gold_initial_operator_gate_joint; answer_CE_only; max15ep; batch64; lr5e-4; val_long_selection; recurrent3; full_Z1_donor_substitution,id_test,rule,37,related_full_Z1_swap_prediction_flip,0.998,1000,results/evidence/gold_state_z1/transplant.json,/by_trial/recurrent3~137~1id_test/related_flip,exploratory,fraction
gold_state_z1,Gold option-conditioned Z1 + Kev resume_from decision head,synthetic_rule_only; 1000 questions per test split,gold_initial_operator_gate_joint; answer_CE_only; max15ep; batch64; lr5e-4; val_long_selection; recurrent3; full_Z1_donor_substitution,id_test,rule,37,unrelated_same_answer_full_Z1_swap_prediction_flip,0.001,1000,results/evidence/gold_state_z1/transplant.json,/by_trial/recurrent3~137~1id_test/unrelated_same_answer_flip,exploratory,fraction
gold_state_z1,Gold option-conditioned Z1 + Kev resume_from decision head,synthetic_rule_only; 1000 questions per test split,gold_initial_operator_gate_joint; answer_CE_only; max15ep; batch64; lr5e-4; val_long_selection; recurrent3; full_Z1_donor_substitution,ood_test,rule,37,answer_accuracy,0.658,1000,results/evidence/gold_state_z1/transplant.json,/by_trial/recurrent3~137~1ood_test/base_accuracy,exploratory,fraction
gold_state_z1,Gold option-conditioned Z1 + Kev resume_from decision head,synthetic_rule_only; 1000 questions per test split,gold_initial_operator_gate_joint; answer_CE_only; max15ep; batch64; lr5e-4; val_long_selection; recurrent3; full_Z1_donor_substitution,ood_test,rule,37,related_full_Z1_swap_prediction_flip,0.488,1000,results/evidence/gold_state_z1/transplant.json,/by_trial/recurrent3~137~1ood_test/related_flip,exploratory,fraction
gold_state_z1,Gold option-conditioned Z1 + Kev resume_from decision head,synthetic_rule_only; 1000 questions per test split,gold_initial_operator_gate_joint; answer_CE_only; max15ep; batch64; lr5e-4; val_long_selection; recurrent3; full_Z1_donor_substitution,ood_test,rule,37,unrelated_same_answer_full_Z1_swap_prediction_flip,0.455,1000,results/evidence/gold_state_z1/transplant.json,/by_trial/recurrent3~137~1ood_test/unrelated_same_answer_flip,exploratory,fraction
gold_state_z1,Gold option-conditioned Z1 + Kev resume_from decision head,synthetic_rule_only; 1000 questions per test split,gold_initial_operator_gate_joint; answer_CE_only; max15ep; batch64; lr5e-4; val_long_selection; deep; full_Z1_donor_substitution,id_test,rule,11,answer_accuracy,0.999,1000,results/evidence/gold_state_z1/transplant.json,/by_trial/deep~111~1id_test/base_accuracy,exploratory,fraction
gold_state_z1,Gold option-conditioned Z1 + Kev resume_from decision head,synthetic_rule_only; 1000 questions per test split,gold_initial_operator_gate_joint; answer_CE_only; max15ep; batch64; lr5e-4; val_long_selection; deep; full_Z1_donor_substitution,id_test,rule,11,related_full_Z1_swap_prediction_flip,0.998,1000,results/evidence/gold_state_z1/transplant.json,/by_trial/deep~111~1id_test/related_flip,exploratory,fraction
gold_state_z1,Gold option-conditioned Z1 + Kev resume_from decision head,synthetic_rule_only; 1000 questions per test split,gold_initial_operator_gate_joint; answer_CE_only; max15ep; batch64; lr5e-4; val_long_selection; deep; full_Z1_donor_substitution,id_test,rule,11,unrelated_same_answer_full_Z1_swap_prediction_flip,0.001,1000,results/evidence/gold_state_z1/transplant.json,/by_trial/deep~111~1id_test/unrelated_same_answer_flip,exploratory,fraction
gold_state_z1,Gold option-conditioned Z1 + Kev resume_from decision head,synthetic_rule_only; 1000 questions per test split,gold_initial_operator_gate_joint; answer_CE_only; max15ep; batch64; lr5e-4; val_long_selection; deep; full_Z1_donor_substitution,ood_test,rule,11,answer_accuracy,0.719,1000,results/evidence/gold_state_z1/transplant.json,/by_trial/deep~111~1ood_test/base_accuracy,exploratory,fraction
gold_state_z1,Gold option-conditioned Z1 + Kev resume_from decision head,synthetic_rule_only; 1000 questions per test split,gold_initial_operator_gate_joint; answer_CE_only; max15ep; batch64; lr5e-4; val_long_selection; deep; full_Z1_donor_substitution,ood_test,rule,11,related_full_Z1_swap_prediction_flip,0.674,1000,results/evidence/gold_state_z1/transplant.json,/by_trial/deep~111~1ood_test/related_flip,exploratory,fraction
gold_state_z1,Gold option-conditioned Z1 + Kev resume_from decision head,synthetic_rule_only; 1000 questions per test split,gold_initial_operator_gate_joint; answer_CE_only; max15ep; batch64; lr5e-4; val_long_selection; deep; full_Z1_donor_substitution,ood_test,rule,11,unrelated_same_answer_full_Z1_swap_prediction_flip,0.489,1000,results/evidence/gold_state_z1/transplant.json,/by_trial/deep~111~1ood_test/unrelated_same_answer_flip,exploratory,fraction
gold_state_z1,Gold option-conditioned Z1 + Kev resume_from decision head,synthetic_rule_only; 1000 questions per test split,gold_initial_operator_gate_joint; answer_CE_only; max15ep; batch64; lr5e-4; val_long_selection; deep; full_Z1_donor_substitution,id_test,rule,23,answer_accuracy,0.998,1000,results/evidence/gold_state_z1/transplant.json,/by_trial/deep~123~1id_test/base_accuracy,exploratory,fraction
gold_state_z1,Gold option-conditioned Z1 + Kev resume_from decision head,synthetic_rule_only; 1000 questions per test split,gold_initial_operator_gate_joint; answer_CE_only; max15ep; batch64; lr5e-4; val_long_selection; deep; full_Z1_donor_substitution,id_test,rule,23,related_full_Z1_swap_prediction_flip,0.996,1000,results/evidence/gold_state_z1/transplant.json,/by_trial/deep~123~1id_test/related_flip,exploratory,fraction
gold_state_z1,Gold option-conditioned Z1 + Kev resume_from decision head,synthetic_rule_only; 1000 questions per test split,gold_initial_operator_gate_joint; answer_CE_only; max15ep; batch64; lr5e-4; val_long_selection; deep; full_Z1_donor_substitution,id_test,rule,23,unrelated_same_answer_full_Z1_swap_prediction_flip,0.002,1000,results/evidence/gold_state_z1/transplant.json,/by_trial/deep~123~1id_test/unrelated_same_answer_flip,exploratory,fraction
gold_state_z1,Gold option-conditioned Z1 + Kev resume_from decision head,synthetic_rule_only; 1000 questions per test split,gold_initial_operator_gate_joint; answer_CE_only; max15ep; batch64; lr5e-4; val_long_selection; deep; full_Z1_donor_substitution,ood_test,rule,23,answer_accuracy,0.716,1000,results/evidence/gold_state_z1/transplant.json,/by_trial/deep~123~1ood_test/base_accuracy,exploratory,fraction
gold_state_z1,Gold option-conditioned Z1 + Kev resume_from decision head,synthetic_rule_only; 1000 questions per test split,gold_initial_operator_gate_joint; answer_CE_only; max15ep; batch64; lr5e-4; val_long_selection; deep; full_Z1_donor_substitution,ood_test,rule,23,related_full_Z1_swap_prediction_flip,0.648,1000,results/evidence/gold_state_z1/transplant.json,/by_trial/deep~123~1ood_test/related_flip,exploratory,fraction
gold_state_z1,Gold option-conditioned Z1 + Kev resume_from decision head,synthetic_rule_only; 1000 questions per test split,gold_initial_operator_gate_joint; answer_CE_only; max15ep; batch64; lr5e-4; val_long_selection; deep; full_Z1_donor_substitution,ood_test,rule,23,unrelated_same_answer_full_Z1_swap_prediction_flip,0.383,1000,results/evidence/gold_state_z1/transplant.json,/by_trial/deep~123~1ood_test/unrelated_same_answer_flip,exploratory,fraction
gold_state_z1,Gold option-conditioned Z1 + Kev resume_from decision head,synthetic_rule_only; 1000 questions per test split,gold_initial_operator_gate_joint; answer_CE_only; max15ep; batch64; lr5e-4; val_long_selection; deep; full_Z1_donor_substitution,id_test,rule,37,answer_accuracy,1.0,1000,results/evidence/gold_state_z1/transplant.json,/by_trial/deep~137~1id_test/base_accuracy,exploratory,fraction
gold_state_z1,Gold option-conditioned Z1 + Kev resume_from decision head,synthetic_rule_only; 1000 questions per test split,gold_initial_operator_gate_joint; answer_CE_only; max15ep; batch64; lr5e-4; val_long_selection; deep; full_Z1_donor_substitution,id_test,rule,37,related_full_Z1_swap_prediction_flip,1.0,1000,results/evidence/gold_state_z1/transplant.json,/by_trial/deep~137~1id_test/related_flip,exploratory,fraction
gold_state_z1,Gold option-conditioned Z1 + Kev resume_from decision head,synthetic_rule_only; 1000 questions per test split,gold_initial_operator_gate_joint; answer_CE_only; max15ep; batch64; lr5e-4; val_long_selection; deep; full_Z1_donor_substitution,id_test,rule,37,unrelated_same_answer_full_Z1_swap_prediction_flip,0.0,1000,results/evidence/gold_state_z1/transplant.json,/by_trial/deep~137~1id_test/unrelated_same_answer_flip,exploratory,fraction
gold_state_z1,Gold option-conditioned Z1 + Kev resume_from decision head,synthetic_rule_only; 1000 questions per test split,gold_initial_operator_gate_joint; answer_CE_only; max15ep; batch64; lr5e-4; val_long_selection; deep; full_Z1_donor_substitution,ood_test,rule,37,answer_accuracy,0.738,1000,results/evidence/gold_state_z1/transplant.json,/by_trial/deep~137~1ood_test/base_accuracy,exploratory,fraction
gold_state_z1,Gold option-conditioned Z1 + Kev resume_from decision head,synthetic_rule_only; 1000 questions per test split,gold_initial_operator_gate_joint; answer_CE_only; max15ep; batch64; lr5e-4; val_long_selection; deep; full_Z1_donor_substitution,ood_test,rule,37,related_full_Z1_swap_prediction_flip,0.72,1000,results/evidence/gold_state_z1/transplant.json,/by_trial/deep~137~1ood_test/related_flip,exploratory,fraction
gold_state_z1,Gold option-conditioned Z1 + Kev resume_from decision head,synthetic_rule_only; 1000 questions per test split,gold_initial_operator_gate_joint; answer_CE_only; max15ep; batch64; lr5e-4; val_long_selection; deep; full_Z1_donor_substitution,ood_test,rule,37,unrelated_same_answer_full_Z1_swap_prediction_flip,0.36,1000,results/evidence/gold_state_z1/transplant.json,/by_trial/deep~137~1ood_test/unrelated_same_answer_flip,exploratory,fraction
frozen_kev_probe,Kev-0.8B frozen feature probe with mode-specific H/q input,synthetic_relation_and_rule; relation/atomic_x1_one_hop,question_state; selected_epoch=13; max15ep; batch64; lr1e-3; min_val_loss,id_test,relation/atomic_x1_one_hop,11,probe_accuracy,0.021021021021021023,666,results/evidence/state_diagnosis/probe_primary15/probe_metrics.json,/scores/id_test/question_state/metrics/relation~1atomic_x1_one_hop/accuracy,diagnostic,fraction
frozen_kev_probe,Kev-0.8B frozen feature probe with mode-specific H/q input,synthetic_relation_and_rule; relation/atomic_x1_one_hop,question_state; selected_epoch=13; max15ep; batch64; lr1e-3; min_val_loss,id_test,relation/atomic_x1_one_hop,11,train_prior_accuracy,0.02702702702702703,666,results/evidence/state_diagnosis/probe_primary15/probe_metrics.json,/scores/id_test/question_state/metrics/relation~1atomic_x1_one_hop/train_prior_accuracy,diagnostic,fraction
frozen_kev_probe,Kev-0.8B frozen feature probe with mode-specific H/q input,synthetic_relation_and_rule; relation/atomic_x1_one_hop,question_state; selected_epoch=13; max15ep; batch64; lr1e-3; min_val_loss,id_test,relation/atomic_x1_one_hop,11,uniform_chance,0.026041666666666668,666,results/evidence/state_diagnosis/probe_primary15/probe_metrics.json,/scores/id_test/question_state/metrics/relation~1atomic_x1_one_hop/uniform_chance,diagnostic,fraction
frozen_kev_probe,Kev-0.8B frozen feature probe with mode-specific H/q input,synthetic_relation_and_rule; rule/atomic_x0_initial,question_state; selected_epoch=13; max15ep; batch64; lr1e-3; min_val_loss,id_test,rule/atomic_x0_initial,11,probe_accuracy,0.829,1000,results/evidence/state_diagnosis/probe_primary15/probe_metrics.json,/scores/id_test/question_state/metrics/rule~1atomic_x0_initial/accuracy,diagnostic,fraction
frozen_kev_probe,Kev-0.8B frozen feature probe with mode-specific H/q input,synthetic_relation_and_rule; rule/atomic_x0_initial,question_state; selected_epoch=13; max15ep; batch64; lr1e-3; min_val_loss,id_test,rule/atomic_x0_initial,11,train_prior_accuracy,0.543,1000,results/evidence/state_diagnosis/probe_primary15/probe_metrics.json,/scores/id_test/question_state/metrics/rule~1atomic_x0_initial/train_prior_accuracy,diagnostic,fraction
frozen_kev_probe,Kev-0.8B frozen feature probe with mode-specific H/q input,synthetic_relation_and_rule; rule/atomic_x0_initial,question_state; selected_epoch=13; max15ep; batch64; lr1e-3; min_val_loss,id_test,rule/atomic_x0_initial,11,uniform_chance,0.5,1000,results/evidence/state_diagnosis/probe_primary15/probe_metrics.json,/scores/id_test/question_state/metrics/rule~1atomic_x0_initial/uniform_chance,diagnostic,fraction
frozen_kev_probe,Kev-0.8B frozen feature probe with mode-specific H/q input,synthetic_relation_and_rule; rule/atomic_first_gate,question_state; selected_epoch=13; max15ep; batch64; lr1e-3; min_val_loss,id_test,rule/atomic_first_gate,11,probe_accuracy,0.6177730192719486,934,results/evidence/state_diagnosis/probe_primary15/probe_metrics.json,/scores/id_test/question_state/metrics/rule~1atomic_first_gate/accuracy,diagnostic,fraction
frozen_kev_probe,Kev-0.8B frozen feature probe with mode-specific H/q input,synthetic_relation_and_rule; rule/atomic_first_gate,question_state; selected_epoch=13; max15ep; batch64; lr1e-3; min_val_loss,id_test,rule/atomic_first_gate,11,train_prior_accuracy,0.49785867237687365,934,results/evidence/state_diagnosis/probe_primary15/probe_metrics.json,/scores/id_test/question_state/metrics/rule~1atomic_first_gate/train_prior_accuracy,diagnostic,fraction
frozen_kev_probe,Kev-0.8B frozen feature probe with mode-specific H/q input,synthetic_relation_and_rule; rule/atomic_first_gate,question_state; selected_epoch=13; max15ep; batch64; lr1e-3; min_val_loss,id_test,rule/atomic_first_gate,11,uniform_chance,0.5,934,results/evidence/state_diagnosis/probe_primary15/probe_metrics.json,/scores/id_test/question_state/metrics/rule~1atomic_first_gate/uniform_chance,diagnostic,fraction
frozen_kev_probe,Kev-0.8B frozen feature probe with mode-specific H/q input,synthetic_relation_and_rule; relation/atomic_x1_one_hop,question_state; selected_epoch=13; max15ep; batch64; lr1e-3; min_val_loss,ood_test,relation/atomic_x1_one_hop,11,probe_accuracy,0.011,1000,results/evidence/state_diagnosis/probe_primary15/probe_metrics.json,/scores/ood_test/question_state/metrics/relation~1atomic_x1_one_hop/accuracy,diagnostic,fraction
frozen_kev_probe,Kev-0.8B frozen feature probe with mode-specific H/q input,synthetic_relation_and_rule; relation/atomic_x1_one_hop,question_state; selected_epoch=13; max15ep; batch64; lr1e-3; min_val_loss,ood_test,relation/atomic_x1_one_hop,11,train_prior_accuracy,0.01,1000,results/evidence/state_diagnosis/probe_primary15/probe_metrics.json,/scores/ood_test/question_state/metrics/relation~1atomic_x1_one_hop/train_prior_accuracy,diagnostic,fraction
frozen_kev_probe,Kev-0.8B frozen feature probe with mode-specific H/q input,synthetic_relation_and_rule; relation/atomic_x1_one_hop,question_state; selected_epoch=13; max15ep; batch64; lr1e-3; min_val_loss,ood_test,relation/atomic_x1_one_hop,11,uniform_chance,0.015625,1000,results/evidence/state_diagnosis/probe_primary15/probe_metrics.json,/scores/ood_test/question_state/metrics/relation~1atomic_x1_one_hop/uniform_chance,diagnostic,fraction
frozen_kev_probe,Kev-0.8B frozen feature probe with mode-specific H/q input,synthetic_relation_and_rule; rule/atomic_x0_initial,question_state; selected_epoch=13; max15ep; batch64; lr1e-3; min_val_loss,ood_test,rule/atomic_x0_initial,11,probe_accuracy,0.704,1000,results/evidence/state_diagnosis/probe_primary15/probe_metrics.json,/scores/ood_test/question_state/metrics/rule~1atomic_x0_initial/accuracy,diagnostic,fraction
frozen_kev_probe,Kev-0.8B frozen feature probe with mode-specific H/q input,synthetic_relation_and_rule; rule/atomic_x0_initial,question_state; selected_epoch=13; max15ep; batch64; lr1e-3; min_val_loss,ood_test,rule/atomic_x0_initial,11,train_prior_accuracy,0.399,1000,results/evidence/state_diagnosis/probe_primary15/probe_metrics.json,/scores/ood_test/question_state/metrics/rule~1atomic_x0_initial/train_prior_accuracy,diagnostic,fraction
frozen_kev_probe,Kev-0.8B frozen feature probe with mode-specific H/q input,synthetic_relation_and_rule; rule/atomic_x0_initial,question_state; selected_epoch=13; max15ep; batch64; lr1e-3; min_val_loss,ood_test,rule/atomic_x0_initial,11,uniform_chance,0.5,1000,results/evidence/state_diagnosis/probe_primary15/probe_metrics.json,/scores/ood_test/question_state/metrics/rule~1atomic_x0_initial/uniform_chance,diagnostic,fraction
frozen_kev_probe,Kev-0.8B frozen feature probe with mode-specific H/q input,synthetic_relation_and_rule; rule/atomic_first_gate,question_state; selected_epoch=13; max15ep; batch64; lr1e-3; min_val_loss,ood_test,rule/atomic_first_gate,11,probe_accuracy,0.631,1000,results/evidence/state_diagnosis/probe_primary15/probe_metrics.json,/scores/ood_test/question_state/metrics/rule~1atomic_first_gate/accuracy,diagnostic,fraction
frozen_kev_probe,Kev-0.8B frozen feature probe with mode-specific H/q input,synthetic_relation_and_rule; rule/atomic_first_gate,question_state; selected_epoch=13; max15ep; batch64; lr1e-3; min_val_loss,ood_test,rule/atomic_first_gate,11,train_prior_accuracy,0.439,1000,results/evidence/state_diagnosis/probe_primary15/probe_metrics.json,/scores/ood_test/question_state/metrics/rule~1atomic_first_gate/train_prior_accuracy,diagnostic,fraction
frozen_kev_probe,Kev-0.8B frozen feature probe with mode-specific H/q input,synthetic_relation_and_rule; rule/atomic_first_gate,question_state; selected_epoch=13; max15ep; batch64; lr1e-3; min_val_loss,ood_test,rule/atomic_first_gate,11,uniform_chance,0.5,1000,results/evidence/state_diagnosis/probe_primary15/probe_metrics.json,/scores/ood_test/question_state/metrics/rule~1atomic_first_gate/uniform_chance,diagnostic,fraction
frozen_kev_probe,Kev-0.8B frozen feature probe with mode-specific H/q input,synthetic_relation_and_rule; relation/atomic_x1_one_hop,question_only; selected_epoch=13; max15ep; batch64; lr1e-3; min_val_loss,id_test,relation/atomic_x1_one_hop,11,probe_accuracy,0.02702702702702703,666,results/evidence/state_diagnosis/probe_controls15/probe_metrics.json,/scores/id_test/question_only/metrics/relation~1atomic_x1_one_hop/accuracy,diagnostic,fraction
frozen_kev_probe,Kev-0.8B frozen feature probe with mode-specific H/q input,synthetic_relation_and_rule; relation/atomic_x1_one_hop,question_only; selected_epoch=13; max15ep; batch64; lr1e-3; min_val_loss,id_test,relation/atomic_x1_one_hop,11,train_prior_accuracy,0.02702702702702703,666,results/evidence/state_diagnosis/probe_controls15/probe_metrics.json,/scores/id_test/question_only/metrics/relation~1atomic_x1_one_hop/train_prior_accuracy,diagnostic,fraction
frozen_kev_probe,Kev-0.8B frozen feature probe with mode-specific H/q input,synthetic_relation_and_rule; relation/atomic_x1_one_hop,question_only; selected_epoch=13; max15ep; batch64; lr1e-3; min_val_loss,id_test,relation/atomic_x1_one_hop,11,uniform_chance,0.026041666666666668,666,results/evidence/state_diagnosis/probe_controls15/probe_metrics.json,/scores/id_test/question_only/metrics/relation~1atomic_x1_one_hop/uniform_chance,diagnostic,fraction
frozen_kev_probe,Kev-0.8B frozen feature probe with mode-specific H/q input,synthetic_relation_and_rule; rule/atomic_x0_initial,question_only; selected_epoch=13; max15ep; batch64; lr1e-3; min_val_loss,id_test,rule/atomic_x0_initial,11,probe_accuracy,0.543,1000,results/evidence/state_diagnosis/probe_controls15/probe_metrics.json,/scores/id_test/question_only/metrics/rule~1atomic_x0_initial/accuracy,diagnostic,fraction
frozen_kev_probe,Kev-0.8B frozen feature probe with mode-specific H/q input,synthetic_relation_and_rule; rule/atomic_x0_initial,question_only; selected_epoch=13; max15ep; batch64; lr1e-3; min_val_loss,id_test,rule/atomic_x0_initial,11,train_prior_accuracy,0.543,1000,results/evidence/state_diagnosis/probe_controls15/probe_metrics.json,/scores/id_test/question_only/metrics/rule~1atomic_x0_initial/train_prior_accuracy,diagnostic,fraction
frozen_kev_probe,Kev-0.8B frozen feature probe with mode-specific H/q input,synthetic_relation_and_rule; rule/atomic_x0_initial,question_only; selected_epoch=13; max15ep; batch64; lr1e-3; min_val_loss,id_test,rule/atomic_x0_initial,11,uniform_chance,0.5,1000,results/evidence/state_diagnosis/probe_controls15/probe_metrics.json,/scores/id_test/question_only/metrics/rule~1atomic_x0_initial/uniform_chance,diagnostic,fraction
frozen_kev_probe,Kev-0.8B frozen feature probe with mode-specific H/q input,synthetic_relation_and_rule; rule/atomic_first_gate,question_only; selected_epoch=13; max15ep; batch64; lr1e-3; min_val_loss,id_test,rule/atomic_first_gate,11,probe_accuracy,0.4989293361884368,934,results/evidence/state_diagnosis/probe_controls15/probe_metrics.json,/scores/id_test/question_only/metrics/rule~1atomic_first_gate/accuracy,diagnostic,fraction
frozen_kev_probe,Kev-0.8B frozen feature probe with mode-specific H/q input,synthetic_relation_and_rule; rule/atomic_first_gate,question_only; selected_epoch=13; max15ep; batch64; lr1e-3; min_val_loss,id_test,rule/atomic_first_gate,11,train_prior_accuracy,0.49785867237687365,934,results/evidence/state_diagnosis/probe_controls15/probe_metrics.json,/scores/id_test/question_only/metrics/rule~1atomic_first_gate/train_prior_accuracy,diagnostic,fraction
frozen_kev_probe,Kev-0.8B frozen feature probe with mode-specific H/q input,synthetic_relation_and_rule; rule/atomic_first_gate,question_only; selected_epoch=13; max15ep; batch64; lr1e-3; min_val_loss,id_test,rule/atomic_first_gate,11,uniform_chance,0.5,934,results/evidence/state_diagnosis/probe_controls15/probe_metrics.json,/scores/id_test/question_only/metrics/rule~1atomic_first_gate/uniform_chance,diagnostic,fraction
frozen_kev_probe,Kev-0.8B frozen feature probe with mode-specific H/q input,synthetic_relation_and_rule; relation/atomic_x1_one_hop,state_only; selected_epoch=8; max15ep; batch64; lr1e-3; min_val_loss,id_test,relation/atomic_x1_one_hop,11,probe_accuracy,0.03903903903903904,666,results/evidence/state_diagnosis/probe_controls15/probe_metrics.json,/scores/id_test/state_only/metrics/relation~1atomic_x1_one_hop/accuracy,diagnostic,fraction
frozen_kev_probe,Kev-0.8B frozen feature probe with mode-specific H/q input,synthetic_relation_and_rule; relation/atomic_x1_one_hop,state_only; selected_epoch=8; max15ep; batch64; lr1e-3; min_val_loss,id_test,relation/atomic_x1_one_hop,11,train_prior_accuracy,0.02702702702702703,666,results/evidence/state_diagnosis/probe_controls15/probe_metrics.json,/scores/id_test/state_only/metrics/relation~1atomic_x1_one_hop/train_prior_accuracy,diagnostic,fraction
frozen_kev_probe,Kev-0.8B frozen feature probe with mode-specific H/q input,synthetic_relation_and_rule; relation/atomic_x1_one_hop,state_only; selected_epoch=8; max15ep; batch64; lr1e-3; min_val_loss,id_test,relation/atomic_x1_one_hop,11,uniform_chance,0.026041666666666668,666,results/evidence/state_diagnosis/probe_controls15/probe_metrics.json,/scores/id_test/state_only/metrics/relation~1atomic_x1_one_hop/uniform_chance,diagnostic,fraction
frozen_kev_probe,Kev-0.8B frozen feature probe with mode-specific H/q input,synthetic_relation_and_rule; rule/atomic_x0_initial,state_only; selected_epoch=8; max15ep; batch64; lr1e-3; min_val_loss,id_test,rule/atomic_x0_initial,11,probe_accuracy,0.543,1000,results/evidence/state_diagnosis/probe_controls15/probe_metrics.json,/scores/id_test/state_only/metrics/rule~1atomic_x0_initial/accuracy,diagnostic,fraction
frozen_kev_probe,Kev-0.8B frozen feature probe with mode-specific H/q input,synthetic_relation_and_rule; rule/atomic_x0_initial,state_only; selected_epoch=8; max15ep; batch64; lr1e-3; min_val_loss,id_test,rule/atomic_x0_initial,11,train_prior_accuracy,0.543,1000,results/evidence/state_diagnosis/probe_controls15/probe_metrics.json,/scores/id_test/state_only/metrics/rule~1atomic_x0_initial/train_prior_accuracy,diagnostic,fraction
frozen_kev_probe,Kev-0.8B frozen feature probe with mode-specific H/q input,synthetic_relation_and_rule; rule/atomic_x0_initial,state_only; selected_epoch=8; max15ep; batch64; lr1e-3; min_val_loss,id_test,rule/atomic_x0_initial,11,uniform_chance,0.5,1000,results/evidence/state_diagnosis/probe_controls15/probe_metrics.json,/scores/id_test/state_only/metrics/rule~1atomic_x0_initial/uniform_chance,diagnostic,fraction
frozen_kev_probe,Kev-0.8B frozen feature probe with mode-specific H/q input,synthetic_relation_and_rule; rule/atomic_first_gate,state_only; selected_epoch=8; max15ep; batch64; lr1e-3; min_val_loss,id_test,rule/atomic_first_gate,11,probe_accuracy,0.49785867237687365,934,results/evidence/state_diagnosis/probe_controls15/probe_metrics.json,/scores/id_test/state_only/metrics/rule~1atomic_first_gate/accuracy,diagnostic,fraction
frozen_kev_probe,Kev-0.8B frozen feature probe with mode-specific H/q input,synthetic_relation_and_rule; rule/atomic_first_gate,state_only; selected_epoch=8; max15ep; batch64; lr1e-3; min_val_loss,id_test,rule/atomic_first_gate,11,train_prior_accuracy,0.49785867237687365,934,results/evidence/state_diagnosis/probe_controls15/probe_metrics.json,/scores/id_test/state_only/metrics/rule~1atomic_first_gate/train_prior_accuracy,diagnostic,fraction
frozen_kev_probe,Kev-0.8B frozen feature probe with mode-specific H/q input,synthetic_relation_and_rule; rule/atomic_first_gate,state_only; selected_epoch=8; max15ep; batch64; lr1e-3; min_val_loss,id_test,rule/atomic_first_gate,11,uniform_chance,0.5,934,results/evidence/state_diagnosis/probe_controls15/probe_metrics.json,/scores/id_test/state_only/metrics/rule~1atomic_first_gate/uniform_chance,diagnostic,fraction
frozen_kev_probe,Kev-0.8B frozen feature probe with mode-specific H/q input,synthetic_relation_and_rule; relation/atomic_x1_one_hop,question_only; selected_epoch=13; max15ep; batch64; lr1e-3; min_val_loss,ood_test,relation/atomic_x1_one_hop,11,probe_accuracy,0.015,1000,results/evidence/state_diagnosis/probe_controls15/probe_metrics.json,/scores/ood_test/question_only/metrics/relation~1atomic_x1_one_hop/accuracy,diagnostic,fraction
frozen_kev_probe,Kev-0.8B frozen feature probe with mode-specific H/q input,synthetic_relation_and_rule; relation/atomic_x1_one_hop,question_only; selected_epoch=13; max15ep; batch64; lr1e-3; min_val_loss,ood_test,relation/atomic_x1_one_hop,11,train_prior_accuracy,0.01,1000,results/evidence/state_diagnosis/probe_controls15/probe_metrics.json,/scores/ood_test/question_only/metrics/relation~1atomic_x1_one_hop/train_prior_accuracy,diagnostic,fraction
frozen_kev_probe,Kev-0.8B frozen feature probe with mode-specific H/q input,synthetic_relation_and_rule; relation/atomic_x1_one_hop,question_only; selected_epoch=13; max15ep; batch64; lr1e-3; min_val_loss,ood_test,relation/atomic_x1_one_hop,11,uniform_chance,0.015625,1000,results/evidence/state_diagnosis/probe_controls15/probe_metrics.json,/scores/ood_test/question_only/metrics/relation~1atomic_x1_one_hop/uniform_chance,diagnostic,fraction
frozen_kev_probe,Kev-0.8B frozen feature probe with mode-specific H/q input,synthetic_relation_and_rule; rule/atomic_x0_initial,question_only; selected_epoch=13; max15ep; batch64; lr1e-3; min_val_loss,ood_test,rule/atomic_x0_initial,11,probe_accuracy,0.399,1000,results/evidence/state_diagnosis/probe_controls15/probe_metrics.json,/scores/ood_test/question_only/metrics/rule~1atomic_x0_initial/accuracy,diagnostic,fraction
frozen_kev_probe,Kev-0.8B frozen feature probe with mode-specific H/q input,synthetic_relation_and_rule; rule/atomic_x0_initial,question_only; selected_epoch=13; max15ep; batch64; lr1e-3; min_val_loss,ood_test,rule/atomic_x0_initial,11,train_prior_accuracy,0.399,1000,results/evidence/state_diagnosis/probe_controls15/probe_metrics.json,/scores/ood_test/question_only/metrics/rule~1atomic_x0_initial/train_prior_accuracy,diagnostic,fraction
frozen_kev_probe,Kev-0.8B frozen feature probe with mode-specific H/q input,synthetic_relation_and_rule; rule/atomic_x0_initial,question_only; selected_epoch=13; max15ep; batch64; lr1e-3; min_val_loss,ood_test,rule/atomic_x0_initial,11,uniform_chance,0.5,1000,results/evidence/state_diagnosis/probe_controls15/probe_metrics.json,/scores/ood_test/question_only/metrics/rule~1atomic_x0_initial/uniform_chance,diagnostic,fraction
frozen_kev_probe,Kev-0.8B frozen feature probe with mode-specific H/q input,synthetic_relation_and_rule; rule/atomic_first_gate,question_only; selected_epoch=13; max15ep; batch64; lr1e-3; min_val_loss,ood_test,rule/atomic_first_gate,11,probe_accuracy,0.547,1000,results/evidence/state_diagnosis/probe_controls15/probe_metrics.json,/scores/ood_test/question_only/metrics/rule~1atomic_first_gate/accuracy,diagnostic,fraction
frozen_kev_probe,Kev-0.8B frozen feature probe with mode-specific H/q input,synthetic_relation_and_rule; rule/atomic_first_gate,question_only; selected_epoch=13; max15ep; batch64; lr1e-3; min_val_loss,ood_test,rule/atomic_first_gate,11,train_prior_accuracy,0.439,1000,results/evidence/state_diagnosis/probe_controls15/probe_metrics.json,/scores/ood_test/question_only/metrics/rule~1atomic_first_gate/train_prior_accuracy,diagnostic,fraction
frozen_kev_probe,Kev-0.8B frozen feature probe with mode-specific H/q input,synthetic_relation_and_rule; rule/atomic_first_gate,question_only; selected_epoch=13; max15ep; batch64; lr1e-3; min_val_loss,ood_test,rule/atomic_first_gate,11,uniform_chance,0.5,1000,results/evidence/state_diagnosis/probe_controls15/probe_metrics.json,/scores/ood_test/question_only/metrics/rule~1atomic_first_gate/uniform_chance,diagnostic,fraction
frozen_kev_probe,Kev-0.8B frozen feature probe with mode-specific H/q input,synthetic_relation_and_rule; relation/atomic_x1_one_hop,state_only; selected_epoch=8; max15ep; batch64; lr1e-3; min_val_loss,ood_test,relation/atomic_x1_one_hop,11,probe_accuracy,0.017,1000,results/evidence/state_diagnosis/probe_controls15/probe_metrics.json,/scores/ood_test/state_only/metrics/relation~1atomic_x1_one_hop/accuracy,diagnostic,fraction
frozen_kev_probe,Kev-0.8B frozen feature probe with mode-specific H/q input,synthetic_relation_and_rule; relation/atomic_x1_one_hop,state_only; selected_epoch=8; max15ep; batch64; lr1e-3; min_val_loss,ood_test,relation/atomic_x1_one_hop,11,train_prior_accuracy,0.01,1000,results/evidence/state_diagnosis/probe_controls15/probe_metrics.json,/scores/ood_test/state_only/metrics/relation~1atomic_x1_one_hop/train_prior_accuracy,diagnostic,fraction
frozen_kev_probe,Kev-0.8B frozen feature probe with mode-specific H/q input,synthetic_relation_and_rule; relation/atomic_x1_one_hop,state_only; selected_epoch=8; max15ep; batch64; lr1e-3; min_val_loss,ood_test,relation/atomic_x1_one_hop,11,uniform_chance,0.015625,1000,results/evidence/state_diagnosis/probe_controls15/probe_metrics.json,/scores/ood_test/state_only/metrics/relation~1atomic_x1_one_hop/uniform_chance,diagnostic,fraction
frozen_kev_probe,Kev-0.8B frozen feature probe with mode-specific H/q input,synthetic_relation_and_rule; rule/atomic_x0_initial,state_only; selected_epoch=8; max15ep; batch64; lr1e-3; min_val_loss,ood_test,rule/atomic_x0_initial,11,probe_accuracy,0.399,1000,results/evidence/state_diagnosis/probe_controls15/probe_metrics.json,/scores/ood_test/state_only/metrics/rule~1atomic_x0_initial/accuracy,diagnostic,fraction
frozen_kev_probe,Kev-0.8B frozen feature probe with mode-specific H/q input,synthetic_relation_and_rule; rule/atomic_x0_initial,state_only; selected_epoch=8; max15ep; batch64; lr1e-3; min_val_loss,ood_test,rule/atomic_x0_initial,11,train_prior_accuracy,0.399,1000,results/evidence/state_diagnosis/probe_controls15/probe_metrics.json,/scores/ood_test/state_only/metrics/rule~1atomic_x0_initial/train_prior_accuracy,diagnostic,fraction
frozen_kev_probe,Kev-0.8B frozen feature probe with mode-specific H/q input,synthetic_relation_and_rule; rule/atomic_x0_initial,state_only; selected_epoch=8; max15ep; batch64; lr1e-3; min_val_loss,ood_test,rule/atomic_x0_initial,11,uniform_chance,0.5,1000,results/evidence/state_diagnosis/probe_controls15/probe_metrics.json,/scores/ood_test/state_only/metrics/rule~1atomic_x0_initial/uniform_chance,diagnostic,fraction
frozen_kev_probe,Kev-0.8B frozen feature probe with mode-specific H/q input,synthetic_relation_and_rule; rule/atomic_first_gate,state_only; selected_epoch=8; max15ep; batch64; lr1e-3; min_val_loss,ood_test,rule/atomic_first_gate,11,probe_accuracy,0.439,1000,results/evidence/state_diagnosis/probe_controls15/probe_metrics.json,/scores/ood_test/state_only/metrics/rule~1atomic_first_gate/accuracy,diagnostic,fraction
frozen_kev_probe,Kev-0.8B frozen feature probe with mode-specific H/q input,synthetic_relation_and_rule; rule/atomic_first_gate,state_only; selected_epoch=8; max15ep; batch64; lr1e-3; min_val_loss,ood_test,rule/atomic_first_gate,11,train_prior_accuracy,0.439,1000,results/evidence/state_diagnosis/probe_controls15/probe_metrics.json,/scores/ood_test/state_only/metrics/rule~1atomic_first_gate/train_prior_accuracy,diagnostic,fraction
frozen_kev_probe,Kev-0.8B frozen feature probe with mode-specific H/q input,synthetic_relation_and_rule; rule/atomic_first_gate,state_only; selected_epoch=8; max15ep; batch64; lr1e-3; min_val_loss,ood_test,rule/atomic_first_gate,11,uniform_chance,0.5,1000,results/evidence/state_diagnosis/probe_controls15/probe_metrics.json,/scores/ood_test/state_only/metrics/rule~1atomic_first_gate/uniform_chance,diagnostic,fraction
key_value_probe,199680-parameter matched key/value reader; gold edges or Kev frozen H,synthetic_relation_one_hop; relation/atomic_x1_one_hop,keyvalue_frozen; gold_codebook_initialized_key_value_reader; selected_epoch=1; max15ep; batch64; lr1e-3; min_val_loss,id_test,relation/atomic_x1_one_hop,11,probe_accuracy,0.024024024024024024,666,results/evidence/state_diagnosis/probe_keyvalue_seed11/probe_keyvalue_metrics.json,/scores/id_test/keyvalue_frozen/metrics/relation~1atomic_x1_one_hop/accuracy,diagnostic,fraction
key_value_probe,199680-parameter matched key/value reader; gold edges or Kev frozen H,synthetic_relation_one_hop; relation/atomic_x1_one_hop,keyvalue_frozen; gold_codebook_initialized_key_value_reader; selected_epoch=1; max15ep; batch64; lr1e-3; min_val_loss,id_test,relation/atomic_x1_one_hop,11,train_prior_accuracy,0.02252252252252252,666,results/evidence/state_diagnosis/probe_keyvalue_seed11/probe_keyvalue_metrics.json,/scores/id_test/keyvalue_frozen/metrics/relation~1atomic_x1_one_hop/train_prior_accuracy,diagnostic,fraction
key_value_probe,199680-parameter matched key/value reader; gold edges or Kev frozen H,synthetic_relation_one_hop; relation/atomic_x1_one_hop,keyvalue_frozen; gold_codebook_initialized_key_value_reader; selected_epoch=1; max15ep; batch64; lr1e-3; min_val_loss,id_test,relation/atomic_x1_one_hop,11,uniform_chance,0.026041666666666668,666,results/evidence/state_diagnosis/probe_keyvalue_seed11/probe_keyvalue_metrics.json,/scores/id_test/keyvalue_frozen/metrics/relation~1atomic_x1_one_hop/uniform_chance,diagnostic,fraction
key_value_probe,199680-parameter matched key/value reader; gold edges or Kev frozen H,synthetic_relation_one_hop; relation/atomic_x1_one_hop,keyvalue_gold; gold_codebook_initialized_key_value_reader; selected_epoch=15; max15ep; batch64; lr1e-3; min_val_loss,id_test,relation/atomic_x1_one_hop,11,probe_accuracy,1.0,666,results/evidence/state_diagnosis/probe_keyvalue_seed11/probe_keyvalue_metrics.json,/scores/id_test/keyvalue_gold/metrics/relation~1atomic_x1_one_hop/accuracy,diagnostic,fraction
key_value_probe,199680-parameter matched key/value reader; gold edges or Kev frozen H,synthetic_relation_one_hop; relation/atomic_x1_one_hop,keyvalue_gold; gold_codebook_initialized_key_value_reader; selected_epoch=15; max15ep; batch64; lr1e-3; min_val_loss,id_test,relation/atomic_x1_one_hop,11,train_prior_accuracy,0.02252252252252252,666,results/evidence/state_diagnosis/probe_keyvalue_seed11/probe_keyvalue_metrics.json,/scores/id_test/keyvalue_gold/metrics/relation~1atomic_x1_one_hop/train_prior_accuracy,diagnostic,fraction
key_value_probe,199680-parameter matched key/value reader; gold edges or Kev frozen H,synthetic_relation_one_hop; relation/atomic_x1_one_hop,keyvalue_gold; gold_codebook_initialized_key_value_reader; selected_epoch=15; max15ep; batch64; lr1e-3; min_val_loss,id_test,relation/atomic_x1_one_hop,11,uniform_chance,0.026041666666666668,666,results/evidence/state_diagnosis/probe_keyvalue_seed11/probe_keyvalue_metrics.json,/scores/id_test/keyvalue_gold/metrics/relation~1atomic_x1_one_hop/uniform_chance,diagnostic,fraction
key_value_probe,199680-parameter matched key/value reader; gold edges or Kev frozen H,synthetic_relation_one_hop; relation/atomic_x1_one_hop,keyvalue_frozen; gold_codebook_initialized_key_value_reader; selected_epoch=1; max15ep; batch64; lr1e-3; min_val_loss,ood_test,relation/atomic_x1_one_hop,11,probe_accuracy,0.02,1000,results/evidence/state_diagnosis/probe_keyvalue_seed11/probe_keyvalue_metrics.json,/scores/ood_test/keyvalue_frozen/metrics/relation~1atomic_x1_one_hop/accuracy,diagnostic,fraction
key_value_probe,199680-parameter matched key/value reader; gold edges or Kev frozen H,synthetic_relation_one_hop; relation/atomic_x1_one_hop,keyvalue_frozen; gold_codebook_initialized_key_value_reader; selected_epoch=1; max15ep; batch64; lr1e-3; min_val_loss,ood_test,relation/atomic_x1_one_hop,11,train_prior_accuracy,0.01,1000,results/evidence/state_diagnosis/probe_keyvalue_seed11/probe_keyvalue_metrics.json,/scores/ood_test/keyvalue_frozen/metrics/relation~1atomic_x1_one_hop/train_prior_accuracy,diagnostic,fraction
key_value_probe,199680-parameter matched key/value reader; gold edges or Kev frozen H,synthetic_relation_one_hop; relation/atomic_x1_one_hop,keyvalue_frozen; gold_codebook_initialized_key_value_reader; selected_epoch=1; max15ep; batch64; lr1e-3; min_val_loss,ood_test,relation/atomic_x1_one_hop,11,uniform_chance,0.015625,1000,results/evidence/state_diagnosis/probe_keyvalue_seed11/probe_keyvalue_metrics.json,/scores/ood_test/keyvalue_frozen/metrics/relation~1atomic_x1_one_hop/uniform_chance,diagnostic,fraction
key_value_probe,199680-parameter matched key/value reader; gold edges or Kev frozen H,synthetic_relation_one_hop; relation/atomic_x1_one_hop,keyvalue_gold; gold_codebook_initialized_key_value_reader; selected_epoch=15; max15ep; batch64; lr1e-3; min_val_loss,ood_test,relation/atomic_x1_one_hop,11,probe_accuracy,1.0,1000,results/evidence/state_diagnosis/probe_keyvalue_seed11/probe_keyvalue_metrics.json,/scores/ood_test/keyvalue_gold/metrics/relation~1atomic_x1_one_hop/accuracy,diagnostic,fraction
key_value_probe,199680-parameter matched key/value reader; gold edges or Kev frozen H,synthetic_relation_one_hop; relation/atomic_x1_one_hop,keyvalue_gold; gold_codebook_initialized_key_value_reader; selected_epoch=15; max15ep; batch64; lr1e-3; min_val_loss,ood_test,relation/atomic_x1_one_hop,11,train_prior_accuracy,0.01,1000,results/evidence/state_diagnosis/probe_keyvalue_seed11/probe_keyvalue_metrics.json,/scores/ood_test/keyvalue_gold/metrics/relation~1atomic_x1_one_hop/train_prior_accuracy,diagnostic,fraction
key_value_probe,199680-parameter matched key/value reader; gold edges or Kev frozen H,synthetic_relation_one_hop; relation/atomic_x1_one_hop,keyvalue_gold; gold_codebook_initialized_key_value_reader; selected_epoch=15; max15ep; batch64; lr1e-3; min_val_loss,ood_test,relation/atomic_x1_one_hop,11,uniform_chance,0.015625,1000,results/evidence/state_diagnosis/probe_keyvalue_seed11/probe_keyvalue_metrics.json,/scores/ood_test/keyvalue_gold/metrics/relation~1atomic_x1_one_hop/uniform_chance,diagnostic,fraction
free_z1_state_supervision,Kev-0.8B frozen features + free Z1 decision head,synthetic_relation_and_rule; validation_depth4_to6; n996_inferred_from_fraction,bottleneck1; full_Z1_aux_state_CE_lambda1; selected_epoch=5; max6ep; batch64; lr5e-4; val_long_selection,val,4-6,11,answer_accuracy,0.3815261044176707,996,results/evidence/state_diagnosis/state_supervised_full/selection.json,/trials/0/val_long_accuracy,diagnostic,fraction
free_z1_state_supervision,Kev-0.8B frozen features + free Z1 decision head,synthetic_relation_and_rule; validation_depth4_to6; n996_inferred_from_fraction,recurrent3; full_Z1_aux_state_CE_lambda1; selected_epoch=2; max6ep; batch64; lr5e-4; val_long_selection,val,4-6,11,answer_accuracy,0.3825301204819277,996,results/evidence/state_diagnosis/state_supervised_full/selection.json,/trials/1/val_long_accuracy,diagnostic,fraction
free_z1_state_supervision,Kev-0.8B frozen features + free Z1 decision head,synthetic_relation_and_rule; validation_depth4_to6; n996_inferred_from_fraction,deep; full_Z1_aux_state_CE_lambda1; selected_epoch=4; max6ep; batch64; lr5e-4; val_long_selection,val,4-6,11,answer_accuracy,0.3845381526104418,996,results/evidence/state_diagnosis/state_supervised_full/selection.json,/trials/2/val_long_accuracy,diagnostic,fraction
free_z1_state_supervision,Kev-0.8B frozen features + free Z1 recurrent3,synthetic_relation_and_rule; fp32_fixed_panel,full_Z1_aux_state_CE_lambda1; selected_epoch=2; fp32_relevant_state_fact_edit,id_test,all,11,state_edit_prediction_change,0.010416666666666666,192,results/evidence/state_diagnosis/state_supervised_full/transplant_results_fp32.json,/recurrent3/11/id_test/flip_rates/relevant/prediction_changed,diagnostic,fraction
free_z1_state_supervision,Kev-0.8B frozen features + free Z1 recurrent3,synthetic_relation_and_rule; fp32_fixed_panel,full_Z1_aux_state_CE_lambda1; selected_epoch=2; fp32_relevant_state_fact_edit,id_test,all,11,state_edit_target_flip,0.005208333333333333,192,results/evidence/state_diagnosis/state_supervised_full/transplant_results_fp32.json,/recurrent3/11/id_test/flip_rates/relevant/target_flip,diagnostic,fraction
free_z1_state_supervision,Kev-0.8B frozen features + free Z1 recurrent3,synthetic_relation_and_rule; fp32_fixed_panel,full_Z1_aux_state_CE_lambda1; selected_epoch=2; fp32_relevant_state_fact_edit,id_test,all,11,state_edit_target_directional,0.375,192,results/evidence/state_diagnosis/state_supervised_full/transplant_results_fp32.json,/recurrent3/11/id_test/flip_rates/relevant/target_directional,diagnostic,fraction
free_z1_state_supervision,Kev-0.8B frozen features + free Z1 recurrent3,synthetic_relation_and_rule; fp32_fixed_panel,full_Z1_aux_state_CE_lambda1; selected_epoch=2; fp32_irrelevant_state_fact_edit,id_test,all,11,state_edit_prediction_change,0.005208333333333333,192,results/evidence/state_diagnosis/state_supervised_full/transplant_results_fp32.json,/recurrent3/11/id_test/flip_rates/irrelevant/prediction_changed,diagnostic,fraction
free_z1_state_supervision,Kev-0.8B frozen features + free Z1 recurrent3,synthetic_relation_and_rule; fp32_fixed_panel,full_Z1_aux_state_CE_lambda1; selected_epoch=2; fp32_irrelevant_state_fact_edit,id_test,all,11,state_edit_target_flip,0,192,results/evidence/state_diagnosis/state_supervised_full/transplant_results_fp32.json,/recurrent3/11/id_test/flip_rates/irrelevant/target_flip,diagnostic,fraction
free_z1_state_supervision,Kev-0.8B frozen features + free Z1 recurrent3,synthetic_relation_and_rule; fp32_fixed_panel,full_Z1_aux_state_CE_lambda1; selected_epoch=2; fp32_irrelevant_state_fact_edit,id_test,all,11,state_edit_target_directional,0.453125,192,results/evidence/state_diagnosis/state_supervised_full/transplant_results_fp32.json,/recurrent3/11/id_test/flip_rates/irrelevant/target_directional,diagnostic,fraction
free_z1_state_supervision,Kev-0.8B frozen features + free Z1 recurrent3,synthetic_relation_and_rule; fp32_fixed_panel,full_Z1_aux_state_CE_lambda1; selected_epoch=2; fp32_relevant_state_fact_edit,ood_test,all,11,state_edit_prediction_change,0,192,results/evidence/state_diagnosis/state_supervised_full/transplant_results_fp32.json,/recurrent3/11/ood_test/flip_rates/relevant/prediction_changed,diagnostic,fraction
free_z1_state_supervision,Kev-0.8B frozen features + free Z1 recurrent3,synthetic_relation_and_rule; fp32_fixed_panel,full_Z1_aux_state_CE_lambda1; selected_epoch=2; fp32_relevant_state_fact_edit,ood_test,all,11,state_edit_target_flip,0,192,results/evidence/state_diagnosis/state_supervised_full/transplant_results_fp32.json,/recurrent3/11/ood_test/flip_rates/relevant/target_flip,diagnostic,fraction
free_z1_state_supervision,Kev-0.8B frozen features + free Z1 recurrent3,synthetic_relation_and_rule; fp32_fixed_panel,full_Z1_aux_state_CE_lambda1; selected_epoch=2; fp32_relevant_state_fact_edit,ood_test,all,11,state_edit_target_directional,0.46875,192,results/evidence/state_diagnosis/state_supervised_full/transplant_results_fp32.json,/recurrent3/11/ood_test/flip_rates/relevant/target_directional,diagnostic,fraction
free_z1_state_supervision,Kev-0.8B frozen features + free Z1 recurrent3,synthetic_relation_and_rule; fp32_fixed_panel,full_Z1_aux_state_CE_lambda1; selected_epoch=2; fp32_irrelevant_state_fact_edit,ood_test,all,11,state_edit_prediction_change,0,192,results/evidence/state_diagnosis/state_supervised_full/transplant_results_fp32.json,/recurrent3/11/ood_test/flip_rates/irrelevant/prediction_changed,diagnostic,fraction
free_z1_state_supervision,Kev-0.8B frozen features + free Z1 recurrent3,synthetic_relation_and_rule; fp32_fixed_panel,full_Z1_aux_state_CE_lambda1; selected_epoch=2; fp32_irrelevant_state_fact_edit,ood_test,all,11,state_edit_target_flip,0,192,results/evidence/state_diagnosis/state_supervised_full/transplant_results_fp32.json,/recurrent3/11/ood_test/flip_rates/irrelevant/target_flip,diagnostic,fraction
free_z1_state_supervision,Kev-0.8B frozen features + free Z1 recurrent3,synthetic_relation_and_rule; fp32_fixed_panel,full_Z1_aux_state_CE_lambda1; selected_epoch=2; fp32_irrelevant_state_fact_edit,ood_test,all,11,state_edit_target_directional,0.4427083333333333,192,results/evidence/state_diagnosis/state_supervised_full/transplant_results_fp32.json,/recurrent3/11/ood_test/flip_rates/irrelevant/target_directional,diagnostic,fraction
